150442.583586,1.067735,1.810276,2.669523
150442.601431,-1.508353,-0.020161,0.527301
150442.619276,-0.766577,2.075060,-1.559688
150442.637122,-1.401149,1.487861,-1.154521
150442.654965,-1.750980,1.523136,-1.210940
150442.672808,-1.393755,0.556302,-0.583655
150442.690652,-0.497146,0.339028,-0.772692
150442.708548,-0.563766,-0.655879,-0.769296
150442.726342,-1.352612,-1.311388,-0.553010
150442.744188,-1.269972,-0.705574,-0.522504
150442.762012,-1.298071,0.026359,0.206772
150442.779877,-0.427477,0.964004,1.350864
150442.797724,-0.776392,0.833796,-1.542355
150442.815388,-0.085728,4.365061,-2.239582
150442.824489,0.187397,4.111697,-1.076907
150442.842336,0.709150,-1.162321,1.317813
150442.860013,1.361212,-0.672021,-0.695767
150442.877845,0.588419,-1.433378,-0.546867
150442.895873,-0.947149,-1.350943,0.445619
150442.913533,-0.105383,-2.395627,-0.052418
150442.931563,0.651384,-3.201215,-0.631612
150442.949224,-1.231053,-2.697388,-1.032130
150442.967154,-3.446065,-1.615775,-0.614422
150442.985092,-3.031403,-2.654988,-0.231112
150443.002938,2.279991,0.103620,-0.147045
150443.020605,1.989442,-0.165657,-1.063925
150443.038628,1.640590,-1.131801,-0.775405
150443.056472,2.759553,-0.126516,0.148029
150443.074434,2.584055,-0.259891,0.907454
150443.092161,2.255603,-0.157990,1.128908
150443.110007,1.935346,0.468764,1.037806
150443.127851,1.698253,0.480730,0.887737
150443.145696,1.395199,0.686174,0.735619
150443.163542,1.885025,0.804644,0.131805
150443.181386,1.539719,0.427848,0.044204
150443.199062,0.378040,-0.762733,-0.316745
150443.217074,0.124073,-1.000030,-0.720603
150443.234924,0.088143,-0.706640,-0.845385
150443.252932,-0.356873,0.683611,-1.278727
150443.270608,0.119294,1.213881,0.257196
150443.288453,-0.365558,1.291965,1.533316
150443.306454,-0.369700,-0.088572,0.976610
150443.324143,-0.705124,0.753121,0.870976
150443.341990,-0.893594,2.151026,0.799838
150443.359656,-0.814106,1.083571,0.534088
150443.377502,0.461551,2.702201,1.350487
150443.395534,2.065845,1.313063,2.977072
150443.413194,1.381176,-0.213034,1.484039
150443.431218,-1.231205,3.370442,-1.975112
150443.449082,-2.438290,1.930390,-1.812658
150443.466728,-2.536288,0.363253,-0.860587
150443.484751,-1.157359,-0.782711,-0.291503
150443.502594,-0.627485,-0.586444,-0.985266
150443.520262,-1.021993,-0.998134,-1.294391
150443.538282,-1.802916,-1.615098,-1.010103
150443.556132,-1.810303,-1.653345,-0.431654
150443.573795,-1.456345,-1.492655,0.755608
150443.591818,-1.206087,0.787133,1.132062
150443.609665,-2.019592,0.892421,-2.435391
150443.627330,0.432866,3.671416,-2.415750
150443.645355,1.391239,-0.699096,-0.242713
150443.663198,1.259408,-1.849447,0.508051
150443.680866,1.853699,0.046146,-1.477627
150443.698889,0.444446,-3.376668,-0.185239
150443.716733,-0.933894,-2.505757,0.695717
150443.734577,-0.891064,-3.954392,0.519263
150443.752421,1.038699,-3.041572,-0.303116
150443.770267,-2.547678,-1.818002,-1.016810
150443.787936,-3.553885,-1.581966,-0.419053
150443.805956,1.620826,-0.526746,0.184884
150443.823804,2.118066,0.430645,-1.058022
150443.841632,1.490912,-0.367015,-1.030072
150443.859494,2.296923,0.630268,-0.254288
150443.877160,2.448273,0.042667,0.686891
150443.895190,2.570755,0.168064,1.255466
150443.913016,1.963384,-0.064035,1.220658
150443.930874,2.032237,0.208208,0.855137
150443.948716,2.044717,0.765876,0.343395
150443.966384,1.887492,0.597915,-0.085894
150443.984407,0.885184,0.630826,-0.207534
150444.002252,-0.157994,-0.160988,-0.830787
150444.019921,-0.526269,-0.396168,-1.000756
150444.037941,-0.506939,-0.360746,-1.053878
150444.055787,-0.146129,0.708998,-0.963354
150444.073633,0.645001,2.989272,-0.177883
150444.091475,-0.114613,1.186986,1.892005
150444.109323,-0.899472,0.609101,1.377757
150444.127284,-1.082422,1.277342,1.096338
150444.145012,-0.932170,2.430236,0.911912
150444.162855,-0.720199,1.663614,0.600982
150444.180702,0.267604,4.330363,1.196157
150444.198368,1.123229,-1.431663,2.282254
150444.216391,1.286261,0.510958,0.624193
150444.234234,-1.375794,2.296850,-2.137988
150444.252137,-2.160428,1.533958,-1.293364
150444.269925,-2.131752,-0.279738,-0.425621
150444.287771,-0.850910,-1.102662,-0.266480
150444.305639,-0.822789,-1.325555,-0.955370
150444.323463,-1.141546,-1.629987,-1.166581
150444.341304,-1.361960,-1.140477,-0.760429
150444.359131,-1.372654,-1.200429,-0.255602
150444.376817,-0.795428,0.903076,0.987263
150444.394846,0.721556,1.446579,-0.081300
150444.412510,-0.678284,0.662192,-2.741989
150444.430532,-0.808010,3.978949,-1.689339
150444.448377,0.496623,-1.378394,1.172069
150444.466044,2.174843,-1.232407,0.079115
150444.484067,2.093226,-2.196327,-0.398715
150444.501911,0.234347,-2.393214,0.055748
150444.519755,-1.401993,-0.681169,0.504199
150444.537600,-0.060184,-4.870568,-0.655961
150444.555448,-0.798062,-1.736959,-0.290473
150444.573291,-1.624629,-1.388588,-0.241392
150444.591300,-3.127886,-1.200761,-0.504875
150444.608983,0.405565,-0.526409,-0.502046
150444.626826,2.009503,-0.551977,-0.473694
150444.644493,2.166174,-0.187330,-0.296685
150444.662519,2.161793,0.165849,0.077534
150444.680362,2.425320,-0.149196,0.696850
150444.698229,2.571207,0.686493,0.809155
150444.716189,2.098875,0.550700,0.691993
150444.733898,2.168685,0.206293,0.764830
150444.751564,1.960245,0.870499,0.441035
150444.769588,0.675430,0.189493,-0.032641
150444.787432,0.502893,0.017772,-0.193967
150444.805476,0.053671,-0.992143,-0.572666
150444.823122,-0.334185,-1.263676,-0.708084
150444.840965,-0.337217,-1.401574,-0.790224
150444.858931,-0.088040,1.054997,-0.449129
150444.876480,0.804555,0.991841,2.489958
150444.894506,-0.636171,0.596736,1.795027
150444.912350,-1.030407,0.305727,1.014988
150444.930191,-0.257346,3.121207,0.611651
150444.948035,0.071419,2.759738,0.262318
150444.965807,-0.228337,3.064084,-1.099260
150444.983769,-0.027150,2.386392,0.165901
150445.001571,0.573781,-1.091133,3.846451
150445.019419,-0.088485,1.460668,-0.641827
150445.037082,-1.141782,1.686921,-2.013765
150445.055106,-2.398181,0.675275,-1.185949
150445.072950,-2.435194,0.070789,-0.743848
150445.090815,-0.259578,-0.428592,-0.774420
150445.108642,-0.490304,-0.672867,-0.869281
150445.126487,-1.132419,-1.357273,-1.039449
150445.144158,-1.526758,-1.438495,-0.647468
150445.162176,-1.127924,-0.788421,-0.657277
150445.180021,-1.030032,-0.212858,0.220341
150445.197687,-0.869285,0.429627,0.503583
150445.215729,-1.887115,0.368707,-2.510892
150445.233555,0.163789,4.369311,-2.305207
150445.251312,1.134354,-0.462015,0.471765
150445.269246,1.448811,-2.211141,0.816266
150445.287094,1.156623,-0.314843,-1.768114
150445.304758,-1.555295,-1.836256,-0.575915
150445.322784,-0.413185,-2.011114,0.186569
150445.340627,0.324273,-2.346813,-0.039668
150445.358626,-2.932007,-2.712521,-0.440883
150445.376139,-4.196498,-2.177666,-0.169957
150445.394167,0.269995,-1.817591,0.287612
150445.411829,2.810491,1.312474,-0.545133
150445.429855,1.579863,-0.490833,-0.544862
150445.447695,1.796239,0.591288,-0.337823
150445.465545,2.524847,0.470668,0.577144
150445.483387,2.598439,0.442457,1.091115
150445.501230,2.552460,0.869021,1.132261
150445.518901,1.917175,0.655657,1.056992
150445.536920,1.135027,0.728511,0.901464
150445.554767,2.043797,0.382960,0.788929
150445.572610,2.253514,-0.071769,0.303411
150445.590456,0.988801,-0.468391,-0.192234
150445.608299,-0.814693,-0.808052,-0.756441
150445.626150,-0.903791,-1.579320,-0.952778
150445.643995,-0.602562,-1.149517,-0.863939
150445.661837,0.004422,0.202531,-0.494315
150445.679682,0.072423,1.227004,-0.302734
150445.697526,0.904219,1.367186,1.278741
150445.715371,-0.362294,0.989860,1.610569
150445.733041,-1.243438,0.572816,1.125133
150445.751021,-1.165006,0.596238,0.964635
150445.768905,0.037115,2.065556,0.186264
150445.786574,0.535299,4.253772,1.658458
150445.804597,0.223044,-0.134240,2.823393
150445.822444,-0.831875,1.740621,-1.123124
150445.840351,-1.221927,1.212162,-1.569293
150445.858133,-1.842142,-0.394844,-0.713336
150445.875800,-1.836786,-0.454157,-0.509935
150445.893835,-0.847961,-0.274812,-0.800892
150445.911668,-1.130640,-0.032416,-1.363285
150445.929515,-1.528242,-0.652719,-1.256140
150445.947362,-1.066795,-0.468997,-0.881745
150445.965253,-0.529777,-0.624612,-0.706230
150445.983047,-0.820148,-0.636888,0.101630
150446.000893,0.196731,0.341345,1.364462
150446.018583,-0.269131,-0.269700,-0.479151
150446.036583,-0.587383,3.115271,-2.259035
150446.054429,0.956498,-0.354179,-0.616669
150446.072345,1.687941,-2.571381,0.335153
150446.090117,1.863042,-0.097943,-0.049434
150446.107961,0.676057,-1.820261,0.471610
150446.125829,-1.016310,-3.781843,-0.004323
150446.143651,-1.457808,-2.917405,-0.396959
150446.161496,-0.854439,0.070923,-0.408380
150446.179544,-0.639549,0.550197,-0.805780
150446.197189,-3.156787,-3.313058,-0.362488
150446.215032,-0.255112,0.079257,-0.235916
150446.232878,1.285432,-0.638541,-0.240557
150446.250733,2.448673,-0.458118,0.072015
150446.268570,2.025972,0.489812,0.119665
150446.286413,1.536159,0.186220,0.505186
150446.304258,2.593001,0.951316,0.645692
150446.322101,2.559740,1.062666,0.671071
150446.339947,1.742312,0.801830,0.804075
150446.357792,1.776835,0.924682,0.668494
150446.375460,1.624897,-0.147480,0.576050
150446.393303,1.205599,-0.272347,0.260699
150446.411331,0.761401,0.079899,-0.368971
150446.429174,-0.160429,-0.656827,-0.870789
150446.446842,-0.222087,-0.816635,-0.905921
150446.464866,0.134307,-0.148830,-0.630043
150446.482860,0.502643,1.074251,0.135189
150446.500563,-0.032895,1.928404,0.413791
150446.518401,-0.863520,0.719070,0.302419
150446.536242,-1.237157,0.121136,0.344958
150446.554147,-1.505655,0.697742,0.467842
150446.571934,-0.246040,3.064042,1.163728
150446.589778,0.468681,2.059554,2.927707
150446.607602,0.633417,-1.654197,3.034896
150446.625468,-0.049438,2.049773,-0.765490
150446.643316,-1.743541,2.308262,-1.861577
150446.660983,-1.934640,1.590869,-1.258699
150446.679008,-2.073857,1.090127,-1.234562
150446.696849,-0.593541,-0.465515,-0.903373
150446.714696,-0.733335,-0.772128,-0.786746
150446.732472,-1.293061,-1.283092,-0.877916
150446.750383,-1.355414,-1.335920,-0.763913
150446.768417,-1.089144,-0.922214,-0.458342
150446.786073,-1.331746,-0.944547,0.195132
150446.803919,0.198538,0.743593,1.075269
150446.821876,-0.527496,1.138804,-1.926273
150446.839610,-0.186259,4.066953,-2.981375
150446.857457,0.853748,0.825187,-0.201833
150446.875121,1.207445,-3.048574,1.532423
150446.893001,1.603406,-0.357997,-0.786531
150446.910991,-0.348749,-2.276737,-0.547809
150446.928838,-1.500165,-2.070855,0.706523
150446.946683,0.239953,-4.772169,-0.034719
150446.964572,-1.467337,-3.206851,0.223181
150446.982390,0.341879,0.681938,-0.868368
150447.000216,-1.502214,-0.083697,-1.729095
150447.017991,-1.272693,-4.583059,-0.550394
150447.035907,1.967489,0.503788,-0.161002
150447.053750,1.961331,-0.838204,0.272274
150447.071415,2.087758,0.152326,0.214892
150447.089439,2.017762,0.554044,0.576423
150447.107284,2.398263,0.977566,0.819042
150447.125151,2.520879,1.614558,0.916372
150447.142973,1.694835,1.684021,0.848105
150447.160819,1.431339,1.799207,0.702214
150447.178695,1.584672,0.862382,0.661155
150447.196398,1.520578,-0.412013,0.086167
150447.214177,0.658207,-0.486016,-0.330451
150447.232023,0.045766,-0.949408,-0.706148
150447.250045,0.179293,-0.782209,-0.881506
150447.267887,0.065006,0.135201,-0.506971
150447.285718,-0.035340,1.966587,0.678215
150447.303581,-0.488326,1.783373,1.182719
150447.321424,-1.171653,0.651893,1.099778
150447.339094,-1.574439,0.057359,0.834393
150447.357118,-1.508435,2.123707,0.703284
150447.374783,-0.634074,1.031654,0.233744
150447.392632,0.811244,3.645424,-0.096879
150447.410651,0.292016,1.122733,2.189062
150447.428501,-1.337848,-0.199601,-0.240559
150447.446162,-1.234485,2.125836,-1.394200
150447.464185,-1.566886,0.740082,-0.700674
150447.482030,-1.739458,0.358149,-1.003195
150447.499697,-0.974121,0.388502,-1.096788
150447.517720,-1.054502,-0.167023,-1.123253
150447.535565,-0.967257,-1.595224,-0.737531
150447.553234,-0.813054,-1.193425,-0.558163
150447.571081,-0.710453,-0.978271,-0.553099
150447.589100,-0.996023,-0.929742,0.360500
150447.606944,0.232420,1.167176,0.706678
150447.624790,-0.384003,1.598430,-2.428740
150447.642633,0.228101,4.082025,-2.533485
150447.660484,0.758188,0.467459,0.532860
150447.678146,1.255577,-2.705569,1.925338
150447.696170,1.192243,0.064090,-0.198753
150447.713842,0.017490,-2.331200,-0.164289
150447.731683,-0.204463,-1.720537,0.072536
150447.749704,0.492120,-3.727208,-0.343924
150447.767553,-0.630695,-4.432444,-0.867577
150447.785324,-5.395119,-2.099113,0.118413
150447.803240,-1.594547,-2.952652,0.443700
150447.821087,2.730606,1.567742,-0.335283
150447.838978,1.629042,-0.417301,-1.009375
150447.856778,1.003240,-0.364301,-0.932984
150447.874450,1.786549,0.199396,-0.015009
150447.892290,2.052970,0.202674,0.981225
150447.910311,1.718803,0.535038,1.188708
150447.928157,1.910065,1.076329,1.074819
150447.945986,1.396570,1.144802,0.862223
150447.963847,1.819646,0.630451,0.515206
150447.981694,2.306251,0.388738,0.194452
150447.999369,2.290852,0.285035,-0.175974
150448.017381,1.176913,-0.007234,-0.903142
150448.035226,0.039337,-0.779038,-0.960526
150448.053073,-0.069130,-0.418397,-0.645098
150448.070916,-0.176678,0.586504,-0.103420
150448.088765,-0.300518,1.112163,0.083459
150448.106604,-0.359342,1.312754,0.084163
150448.124451,-0.746591,0.426278,0.101633
150448.142296,-1.082089,0.951220,0.259409
150448.160143,-1.240184,2.453260,0.438951
150448.177808,0.121570,3.025055,1.304242
150448.195834,-0.057143,0.958144,3.607247
150448.213677,-0.063709,-0.982149,1.867728
150448.231344,-0.914332,2.027369,-1.267065
150448.249526,-2.102646,1.181474,-1.321001
150448.267212,-1.840469,1.126083,-0.996531
150448.284879,-0.804841,0.215754,-0.911484
150448.302902,-0.416294,-0.343967,-0.757145
150448.320749,-0.978414,-0.725755,-0.991448
150448.338751,-1.514392,-0.991875,-1.108244
150448.356438,-1.450674,-0.652570,-0.964979
150448.374110,-1.368039,-0.943137,-0.722273
150448.392134,-0.958732,-0.156116,0.414306
150448.409975,0.253106,1.227600,0.498599
150448.427949,-0.561712,1.838171,-2.432835
150448.445664,0.305615,3.551473,-1.943473
150448.463567,0.738474,-1.281522,1.089451
150448.481408,1.447193,-1.663099,0.312754
150448.499143,0.986868,-1.550914,-1.294721
150448.516865,-0.784562,-1.700843,0.444953
150448.534887,-1.213143,-2.021021,0.790958
150448.552734,0.817660,-5.354707,-0.373803
150448.570401,-0.279142,-1.566488,-1.270648
150448.588419,-4.658121,-1.987210,-0.464857
150448.606267,-0.129146,-2.172352,0.608094
150448.623935,2.458824,1.146364,-0.438432
150448.641959,1.511379,-1.029587,-0.825325
150448.659803,1.783120,0.127920,-0.630304
150448.677643,1.888907,-0.019216,0.385825
150448.695492,2.354977,-0.123544,1.027028
150448.713340,2.624062,0.845581,0.981384
150448.731183,1.865909,0.964669,0.769400
150448.749044,1.245449,0.800792,0.748935
150448.766874,1.474468,1.150959,0.484886
150448.784817,1.939663,0.528214,0.153450
150448.802563,1.561507,-0.149846,-0.067318
150448.820409,0.745405,-0.564641,-0.569408
150448.838256,-0.055300,-0.209903,-1.057568
150448.856101,0.051988,-0.432035,-1.164800
150448.873837,0.315287,0.398988,-0.192560
150448.891609,0.224246,2.210012,1.320863
150448.909455,-0.608326,1.794829,1.436621
150448.927481,-0.992618,-0.152074,1.148322
150448.945324,-1.315627,0.087958,0.934053
150448.962992,-0.463577,2.100525,0.380637
150448.981019,0.181774,3.661849,-0.644599
150448.998859,1.059273,0.908458,2.262237
150449.016527,0.031844,0.115446,0.881409
150449.034548,-1.124379,1.985811,-1.709004
150449.052394,-2.519819,0.415979,-1.031860
150449.070240,-2.154357,0.755683,-1.041630
150449.087905,-0.710035,0.511811,-1.109178
150449.105927,-0.700341,0.289252,-1.062792
150449.123775,-1.285360,-0.333540,-1.121785
150449.141441,-1.806334,-1.193392,-0.982323
150449.159467,-1.759406,-0.858583,-0.852943
150449.177311,-1.520370,-0.388672,-0.442060
150449.194977,-1.126013,0.504278,0.755738
150449.213001,-0.539342,0.419688,-0.193365
150449.230845,-0.465299,1.167803,-1.884038
150449.248780,0.690145,3.172059,-0.650194
150449.266536,1.324209,-1.897128,0.461429
150449.284380,1.265617,-0.864631,-0.269941
150449.302226,0.108211,-1.680653,-0.746635
150449.320071,-0.908984,-1.867451,0.158140
150449.337917,0.538853,-3.898818,-0.353732
150449.355814,-2.200224,-2.227918,0.161486
150449.373435,0.123130,-0.195897,-0.938124
150449.391456,-2.913510,-1.697389,-0.746910
150449.409354,-1.394676,-1.722242,0.435144
150449.427142,1.521369,0.091578,-0.078786
150449.444986,1.721107,-0.941283,-0.048226
150449.462693,2.219632,0.404954,-0.146962
150449.480678,1.731211,0.277978,0.297156
150449.498520,2.037991,0.082997,0.637504
150449.516362,2.676066,0.635203,0.913573
150449.534208,1.711794,0.597238,0.952009
150449.552055,1.720583,0.337395,0.923078
150449.569993,2.158044,0.563817,0.422237
150449.587747,1.880381,0.593120,0.000417
150449.605590,1.292964,-0.121495,-0.343236
150449.623435,0.388705,-0.418372,-0.753491
150449.641281,-0.022701,-1.007890,-0.780247
150449.659127,0.323731,-0.682559,-0.449489
150449.676803,0.408481,0.890981,0.494570
150449.694816,-0.130683,1.572927,1.159657
150449.712664,-0.850378,0.260745,1.149935
150449.730530,-1.414754,-0.062557,0.851904
150449.748172,-0.786830,1.811010,0.885499
150449.766196,-0.112657,3.000113,-0.033514
150449.784066,0.340458,4.860211,0.926357
150449.801885,-0.981140,-0.351079,2.892500
150449.819734,-0.803590,-0.025059,0.074874
150449.837446,-1.436512,1.021866,-1.338511
150449.855413,-2.042212,1.227814,-1.316564
150449.873096,-1.400101,0.490144,-1.150608
150449.890939,-0.345733,-0.581626,-0.603148
150449.908957,-0.772512,-0.365440,-1.034143
150449.926805,-1.229968,-0.537831,-1.113982
150449.944470,-1.507280,-0.829454,-0.982052
150449.962494,-0.935591,-0.158691,-0.584269
150449.980338,-0.815888,-0.803684,0.024845
150449.998005,0.017872,-0.146619,1.183459
150450.015851,0.324723,2.919443,-0.442453
150450.033873,-0.687481,1.663138,-2.299673
150450.051792,0.138413,0.715991,-0.984085
150450.069563,0.891003,-1.844512,0.734816
150450.087411,0.934522,-0.414489,-0.416015
150450.105073,-0.020431,-1.800134,-0.723031
150450.123097,-0.674956,-1.574845,-0.274498
150450.140942,0.947504,-2.595262,-0.699316
150450.158611,-0.641807,-4.162893,-1.179509
150450.176632,-6.457152,-2.037293,0.930322
150450.194481,-1.031495,-2.967917,1.689214
150450.212323,3.712011,1.131082,-1.147087
150450.230169,4.347674,2.234220,-2.993630
150450.248014,0.375201,-0.828904,-0.800854
150450.265836,0.936186,0.204995,0.031963
150450.283702,2.252996,-0.564175,1.358643
150450.301549,2.984830,0.712952,1.466276
150450.319416,2.226088,1.168655,0.860468
150450.337239,1.663668,0.644852,0.829443
150450.355084,1.940942,1.061882,0.899135
150450.372757,1.550762,1.220749,0.352988
150450.390597,1.270550,1.049418,0.042392
150450.408620,0.871999,0.240367,-0.400127
150450.426465,0.091280,-0.734892,-0.883306
150450.444322,-0.230504,-1.042253,-1.056318
150450.462156,-0.015509,-0.731898,-0.880459
150450.480001,0.563880,0.461184,0.382611
150450.497673,0.187733,2.238565,1.435130
150450.515713,-0.731795,1.329745,1.059054
150450.533534,-1.083398,-0.880707,0.405726
150450.551210,-1.301589,1.947490,1.030958
150450.569044,-0.044686,3.118908,-0.067568
150450.586934,0.398308,5.602487,0.566552
150450.604735,-0.141698,0.446397,3.373204
150450.622758,-0.375826,-1.118359,0.795305
150450.640605,-1.663187,0.596724,-1.615653
150450.658272,-1.864729,-0.038268,-1.235287
150450.676296,-0.883448,-0.358460,-0.639392
150450.694139,-0.130621,-0.133747,-0.818581
150450.712083,-1.047294,-0.259161,-1.139621
150450.729829,-1.591333,-1.150551,-1.132353
150450.747672,-1.790920,-1.671557,-0.841163
150450.765524,-1.524788,-1.728580,-0.488280
150450.783367,-1.009921,-0.915443,-0.044597
150450.801210,-0.605031,0.338498,1.144628
150450.819057,-0.844481,0.132274,0.074407
150450.836901,-1.437729,1.707324,-2.559625
150450.854746,0.459369,2.984233,-1.168508
150450.872419,1.299996,-3.312736,0.684627
150450.890259,1.389538,-1.380959,-0.188316
150450.908280,1.016514,-0.146952,-1.210461
150450.926129,-0.595141,-1.857759,-0.062481
150450.943790,0.650287,-3.960376,-0.205075
150450.961817,-1.898642,-1.671593,-0.126471
150450.979659,-1.583080,-1.178310,-0.622659
150450.997489,-3.083639,-1.788385,-0.018270
150451.015372,0.301035,-0.665924,0.238046
150451.033196,1.359416,0.226209,-0.952423
150451.050864,2.074719,-0.750601,-0.613951
150451.068885,2.195639,0.903672,-0.129356
150451.086731,1.533851,-0.137833,0.777005
150451.104409,2.681334,0.151711,1.179316
150451.122422,2.505153,1.525347,0.872698
150451.140265,1.618760,0.818173,0.886289
150451.157933,1.478915,0.780458,1.065575
150451.175955,1.720528,0.772575,0.679379
150451.193802,1.521630,0.829588,0.382715
150451.211469,0.658776,0.273415,-0.274938
150451.229490,-0.130546,-0.631991,-1.109546
150451.247336,-0.195030,-0.792455,-1.264617
150451.265003,0.143114,0.226021,-0.934849
150451.283028,0.723645,1.785345,-0.625827
150451.300872,-0.221249,0.453441,0.162775
150451.318633,-0.958923,-0.422126,2.069796
150451.336560,-1.085065,0.829278,1.486703
150451.354405,-1.009041,1.986965,1.082987
150451.372078,-0.136700,2.700616,-0.042945
150451.389947,-0.428396,5.100785,1.610421
150451.407944,-0.896524,-0.246751,2.856913
150451.425610,-1.118865,-0.358295,0.197768
150451.443649,-0.292321,0.706594,-1.152606
150451.461475,-1.297576,0.771095,-1.134867
150451.479323,-1.232573,0.308440,-1.008855
150451.497166,-0.562811,0.106825,-0.858292
150451.515011,-0.819606,-0.236417,-1.148014
150451.532856,-1.155714,-1.100654,-1.030523
150451.550702,-1.304474,-1.333638,-0.943847
150451.568548,-0.876233,-0.476941,-0.574994
150451.586395,-0.895228,-1.006577,0.074750
150451.604237,0.063191,0.081198,1.082105
150451.622083,-0.623815,1.409416,-1.525751
150451.639928,-0.798803,1.266848,-2.379607
150451.657693,0.753051,0.299849,-0.317780
150451.675618,0.999691,-2.227368,1.297515
150451.693462,1.434546,-0.453866,-0.053086
150451.711330,0.193801,-2.405202,-1.262577
150451.729152,-0.215484,-2.714870,-1.238677
150451.747000,0.104203,-2.888551,-0.383375
150451.764845,-1.477637,-1.859094,0.063096
150451.782510,-0.923269,-0.383778,-0.780197
150451.800536,-2.554641,-2.830559,-0.561043
150451.818199,0.350015,-0.494108,-0.390306
150451.836222,2.299738,-0.823407,-0.146971
150451.854070,2.353668,0.082822,-0.232314
150451.871738,1.658989,0.566280,0.207739
150451.889577,1.844462,0.470162,0.728034
150451.907612,2.654429,1.141142,0.844901
150451.925450,2.518415,0.984877,0.927872
150451.943117,2.235664,0.382102,1.019277
150451.961140,1.757739,1.401707,0.691656
150451.978985,0.780791,1.081762,0.081044
150451.996829,0.681986,0.215138,-0.067638
150452.014674,-0.254877,-0.531520,-0.456182
150452.032477,-0.677878,-1.037378,-0.875991
150452.050388,-0.582951,-0.939940,-0.853606
150452.068209,0.244318,-0.036781,-0.629322
150452.086054,0.696664,1.004545,-0.101305
150452.103720,0.392097,1.365584,2.103491
150452.121744,-0.908484,0.197282,1.918739
150452.139588,-1.586661,1.160663,1.080834
150452.157257,-1.877295,1.104930,0.991241
150452.175279,0.642819,1.232203,0.183324
150452.193221,2.125174,6.261328,0.813589
150452.210792,0.214244,-0.086217,1.237746
150452.228819,-0.972961,1.578705,-0.978571
150452.246661,-2.294418,1.928066,-1.794142
150452.264506,-2.043742,1.171740,-0.835020
150452.282515,-1.048729,-0.259321,-0.377016
150452.300194,-0.197450,-0.197539,-0.774171
150452.318041,-0.825793,-0.934110,-0.991555
150452.336059,-1.266498,-1.470170,-0.804332
150452.353728,-1.149847,-0.737522,-0.685571
150452.371402,-1.746804,-1.350706,-0.573804
150452.389338,-1.724497,-0.354684,0.782058
150452.407270,-0.476527,1.087054,0.485294
150452.425116,-0.877403,1.524444,-2.248779
150452.442776,0.665502,3.787601,-1.085089
150452.460803,1.136531,-0.890922,0.611851
150452.478644,0.701449,-1.817840,1.460724
150452.496311,0.760750,0.068058,-1.547266
150452.514334,-0.715978,-2.251248,-0.750534
150452.532180,0.607918,-3.099000,0.033651
150452.549847,0.097009,-3.515690,-0.630166
150452.567871,-2.789035,-2.579978,-0.628347
150452.585714,-3.085851,-2.617873,-0.037637
150452.603381,0.892994,-1.693380,0.397108
150452.621404,2.546324,0.163817,-0.357884
150452.639252,1.607884,-0.857243,-0.842644
150452.656918,1.921449,0.103523,-0.241712
150452.675087,2.225068,0.237734,0.556177
150452.692787,2.320070,0.823746,0.791363
150452.710454,2.387833,1.314269,1.007297
150452.728476,1.920757,1.129019,0.741575
150452.746322,1.903192,1.318953,0.632314
150452.763990,0.856676,1.603594,0.117556
150452.782010,0.318246,-0.372379,-0.253353
150452.799856,-0.124507,-1.069790,-0.602601
150452.817524,-0.733156,-0.768685,-0.859563
150452.835546,-0.751237,-0.904501,-0.913345
150452.853394,-0.363160,0.071818,-0.674659
150452.871064,0.923644,1.644346,0.424704
150452.888902,0.868103,0.995902,1.930734
150452.906932,-0.934227,0.884621,1.160971
150452.924775,-0.804997,1.315630,0.736602
150452.942551,-0.553715,1.844002,0.495540
150452.960463,-0.442325,3.391684,-0.610276
150452.978126,-0.097800,4.144830,1.074710
150452.995973,-0.289227,-1.022662,1.943575
150453.013997,-0.878068,0.530254,-1.154606
150453.031842,-0.779783,1.532683,-1.444243
150453.049509,-1.723625,0.643348,-1.163611
150453.067533,-1.653354,0.504978,-0.659240
150453.085375,-0.806536,0.938043,-0.857134
150453.103220,-0.634966,-0.006466,-0.955124
150453.121068,-0.933258,-0.836104,-0.841175
150453.138910,-0.806586,-0.148228,-0.781795
150453.156756,-0.760514,-1.058812,-0.935481
150453.174600,-0.806549,-1.440584,0.116569
150453.192268,-0.509547,1.899728,0.354272
150453.210300,-0.795822,0.269058,-1.453610
150453.228138,0.028422,2.972147,-0.398977
150453.245983,1.256007,-1.527551,1.640231
150453.263650,1.898575,-1.319755,0.598034
150453.281672,1.749257,-1.755570,-1.054432
150453.299521,-0.182678,-1.837633,-0.966656
150453.317185,0.089473,-3.279631,-0.949278
150453.335209,-0.237235,-2.946710,-0.283149
150453.353053,-1.982668,-1.885084,-0.421783
150453.370724,-2.495275,-2.130696,-0.473467
150453.388566,-0.641724,-1.576379,-0.014685
150453.406698,1.474785,0.767502,-0.367404
150453.424435,1.256452,-1.515934,-0.753573
150453.442278,2.268770,-0.190690,-0.606114
150453.460122,2.135064,0.122207,0.455410
150453.477971,1.881564,-0.235687,1.183745
150453.495662,2.025934,1.036674,1.032607
150453.513660,1.767321,1.151688,0.896642
150453.531501,1.566658,1.285597,0.923694
150453.549168,1.531829,1.658122,0.465161
150453.567195,1.034613,1.338522,0.131998
150453.585038,0.677603,-0.320517,-0.173155
150453.603045,0.030770,-1.231665,-0.917675
150453.620727,-0.191202,-1.050944,-1.135340
150453.638574,-0.000583,0.124255,-1.052976
150453.656589,0.400706,1.137277,-0.620223
150453.674264,-0.002095,2.021102,1.126391
150453.692109,-0.500934,1.028163,2.590673
150453.709943,-0.901462,-0.395168,1.505043
150453.727799,-1.350747,1.625640,1.002074
150453.745643,-0.871620,1.525768,-0.090600
150453.763513,0.713845,5.204093,0.455752
150453.781334,0.373643,1.983069,1.948052
150453.799142,-0.869146,1.708939,-0.905657
150453.816845,-2.239106,0.917136,-1.644301
150453.834867,-1.559244,0.465819,-0.643537
150453.852715,-0.626311,-0.146965,-0.443952
150453.870386,0.072447,0.005826,-0.602351
150453.888258,-1.374297,-0.244721,-1.007367
150453.906254,-1.944282,-1.609486,-0.757808
150453.924100,-2.010691,-1.719173,-0.607274
150453.941940,-1.608910,-1.002947,-0.298600
150453.959785,-1.147613,-0.434748,0.940477
150453.977631,-0.602692,1.160732,1.084668
150453.995389,-1.114998,1.672961,-2.054745
150454.013318,-0.041221,3.424345,-1.213813
150454.031166,0.881922,-0.750203,0.688072
150454.049038,0.986842,-1.381780,1.955028
150454.066853,1.212041,-0.771223,0.261471
150454.084699,0.206015,-2.206330,-0.754525
150454.102705,0.098041,-1.710475,-1.670948
150454.120388,0.992779,-2.414909,-1.336090
150454.138237,-1.982500,-2.531685,-0.568991
150454.156129,-3.731930,-2.423416,-0.367432
150454.173928,-1.024808,-3.102048,0.756896
150454.191773,3.471762,1.287989,-0.450995
150454.209436,2.289154,-0.253834,-1.560844
150454.227460,1.613776,-0.131902,-0.753524
150454.245306,1.732942,-0.989492,0.631441
150454.263189,2.323603,-0.555550,1.229756
150454.280997,1.874729,0.288744,1.073750
150454.298839,1.814744,1.132390,0.801298
150454.316740,1.057073,0.514602,1.049923
150454.334530,1.715697,0.772454,1.106994
150454.352378,1.508203,0.865760,0.624732
150454.370044,0.181703,0.119531,-0.049086
150454.387889,-0.569227,-0.391991,-1.190121
150454.405915,-1.025890,-0.814658,-1.794310
150454.423756,-0.670404,-2.213207,-1.747659
150454.441536,-0.572671,0.560310,-1.120056
150454.459445,0.455848,1.848762,1.330351
150454.477293,0.773830,0.782403,3.142035
150454.495298,0.088689,-0.559093,1.486581
150454.512983,-0.475007,-0.858880,0.636779
150454.530826,-1.124797,2.387541,0.875508
150454.548723,-0.963541,1.195513,0.483052
150454.566515,2.993719,2.274309,-0.882231
150454.584360,2.033978,3.900231,0.939111
150454.602151,-1.158901,1.333012,-0.576198
150454.620052,-2.642388,1.827367,-1.401111
150454.637895,-1.374889,0.923049,-0.328705
150454.655637,-1.468453,-0.544137,-0.242439
150454.673585,-0.654681,-0.235194,-0.717608
150454.691434,-0.779021,-0.417374,-1.088948
150454.709402,-1.496177,-1.254234,-0.882548
150454.727123,-1.209823,-1.012801,-0.279276
150454.745014,-1.675472,-1.682329,-0.473368
150454.762646,-1.931846,-1.417062,0.198722
150454.780657,-0.046702,0.362041,1.360456
150454.798503,0.023942,2.937434,-0.735046
150454.816347,-1.085020,1.653202,-1.776981
150454.834190,0.730306,1.095920,-0.048752
150454.852036,1.339127,-1.289018,1.528419
150454.869705,1.234831,-0.541475,1.203174
150454.887549,0.802523,-2.496087,-0.948468
150454.905576,-0.134671,-3.747779,-1.572568
150454.923240,0.069979,-1.236627,-1.089284
150454.941264,-0.910369,-1.773608,-0.613967
150454.959109,-3.015885,-2.293033,-0.308828
150454.976774,-2.791783,-2.686341,0.098841
150454.994800,1.526448,0.663684,-0.173611
150455.012642,1.432627,-0.621184,-0.841887
150455.030310,1.520657,-0.237076,-0.905914
150455.048349,2.082500,-0.001246,0.139665
150455.066190,2.463882,-0.307901,0.960525
150455.083845,2.384005,-0.039546,1.261008
150455.101870,2.217461,0.688515,1.065626
150455.119712,1.810231,1.178772,0.829877
150455.137559,2.096910,1.474058,0.689492
150455.155401,1.462329,0.999472,0.601245
150455.173250,0.615764,0.100523,0.008585
150455.191096,-0.574852,-0.697211,-0.808983
150455.208988,-0.832307,-0.578351,-1.379898
150455.226785,-0.412071,-0.474594,-1.348236
150455.244627,-0.324437,0.052262,-1.666201
150455.262293,0.019777,0.596396,0.378211
150455.280317,-0.627900,0.606861,2.922660
150455.298161,-0.623647,1.087161,1.790455
150455.315830,-0.680287,0.303558,1.187378
150455.333853,-0.970572,1.178590,0.745740
150455.351738,-0.842606,1.193826,0.299912
150455.369370,-0.070882,3.042437,-1.827772
150455.387285,1.161700,0.389046,1.899844
150455.405237,-0.533647,-0.059997,1.058840
150455.422902,-0.067272,3.140344,-1.800006
150455.440925,-1.264178,1.665915,-1.335694
150455.458769,-1.989728,0.701250,-0.993632
150455.476619,-1.304076,0.232460,-0.615070
150455.494459,-0.937266,-0.472325,-0.870804
150455.512306,-1.209496,-1.236253,-0.917754
150455.529971,-0.742775,-0.569050,-0.645855
150455.547992,-0.869939,-1.391571,-0.514092
150455.565810,-1.310469,-2.128744,-0.016637
150455.583506,0.129300,-0.729227,1.376646
150455.601529,0.377220,2.571137,-0.508324
150455.619375,-0.659416,1.623023,-2.774052
150455.637040,0.766343,2.582145,-0.518111
150455.655046,1.377945,-1.541719,0.572963
150455.672907,0.995517,-1.348576,-0.525795
150455.690755,-0.240346,-1.323528,0.497263
150455.708599,0.007353,-1.840620,-0.003432
150455.726443,-0.259119,-1.927913,-0.243338
150455.744112,0.213576,-3.889494,-0.617147
150455.762133,-0.520311,-1.677506,-0.621127
150455.779977,-0.357684,-0.446212,-1.009445
150455.797908,-2.013070,-2.326241,-0.583953
150455.815685,0.901611,-1.499664,-0.486785
150455.833513,1.690612,-1.017859,-0.214008
150455.851359,2.405107,-0.424577,-0.241290
150455.869030,1.857302,0.278080,0.404581
150455.886873,1.520309,0.316757,0.940433
150455.904897,2.527335,0.877697,1.206465
150455.922562,2.369521,0.950334,1.140548
150455.940587,2.234524,1.345407,0.739909
150455.958432,1.555399,1.639183,0.187921
150455.976103,0.917775,0.248709,0.085057
150455.994122,0.740257,-0.364838,-0.202388
150456.011966,-0.652994,-0.173500,-0.839295
150456.029630,-1.161931,0.160691,-1.520776
150456.047654,-1.070029,0.463246,-1.668855
150456.065498,0.043317,-0.270060,-1.585083
150456.083167,0.828109,1.028792,2.745925
150456.101191,-0.231570,2.594861,4.101027
150456.119035,-0.604429,0.054157,2.072784
150456.136701,-1.467219,3.002028,0.896308
150456.154725,-1.005570,2.488781,-0.795116
150456.172570,-0.547268,3.338627,-2.047860
150456.190575,0.380122,0.966967,1.476817
150456.208261,0.788899,-0.159298,1.495242
150456.226104,-0.567941,1.781788,-1.427272
150456.243864,-1.844502,1.419438,-1.132153
150456.261796,-1.922231,0.336481,-0.921443
150456.279639,-0.925242,-0.324681,-0.302529
150456.297307,-0.781104,-0.983266,-0.426573
150456.315330,-1.093191,-1.338548,-0.856828
150456.333178,-1.167045,-0.855055,-0.843843
150456.350843,-1.164604,-1.055924,-0.801799
150456.368692,-1.062050,-0.904525,0.051683
150456.386544,0.124082,0.973214,0.981554
150456.404562,0.449566,1.217168,-1.193313
150456.422405,-0.551102,3.205973,-1.493297
150456.440248,1.411294,0.150224,0.391724
150456.458089,1.786376,-1.655710,1.076157
150456.475759,1.287771,-1.101888,-0.791228
150456.493782,0.162173,-2.542427,0.122201
150456.511625,-0.466253,-2.592098,0.501941
150456.529479,0.524901,-4.742663,-0.453987
150456.547315,-1.226606,-1.607477,-0.611675
150456.565261,-2.959823,-1.692640,-0.140292
150456.583054,-2.440271,-1.597630,0.208406
150456.600849,1.296430,0.949042,0.174260
150456.618696,1.179937,0.212112,-1.148512
150456.636621,1.130217,-0.888293,-1.237206
150456.654391,2.388327,-0.454368,0.086424
150456.672233,2.162157,-0.057398,1.176902
150456.689898,2.065890,-0.012526,1.265182
150456.707923,1.915515,0.206797,1.085188
150456.725765,1.995629,0.425745,0.835549
150456.743432,1.754350,0.806551,0.470603
150456.761456,2.167236,0.975351,0.067887
150456.779302,1.554716,0.399630,-0.167889
150456.797007,0.028588,-0.863929,-0.639397
150456.814992,-0.648699,-0.787214,-1.023771
150456.832860,-0.548985,-0.671826,-1.167652
150456.850712,0.055542,-0.403469,-0.984667
150456.868351,0.906685,0.825033,0.370910
150456.886193,-0.070331,1.650760,2.727388
150456.904039,-1.746476,0.343323,1.950367
150456.922066,-1.424036,1.914827,1.268648
150456.939909,-0.877891,3.588118,1.087700
150456.957574,-0.488685,3.160856,0.368548
150456.975418,-0.624591,1.892580,-0.769278
150456.993446,0.448982,-0.003650,1.152152
150457.011288,-1.070555,1.241373,-0.994768
150457.029133,-0.902286,1.065054,-1.144543
150457.046977,-1.536891,0.322795,-1.213835
150457.064823,-1.215901,-0.327624,-0.727930
150457.082488,-0.616779,0.117338,-0.983288
150457.100511,-1.166527,-1.034782,-0.937127
150457.118354,-1.233087,-1.151526,-0.712650
150457.136224,-0.706029,-0.505892,-0.633695
150457.154047,-2.115562,-1.676282,-0.627901
150457.171762,-0.803643,-1.357518,0.176009
150457.189555,1.017524,3.944308,0.046413
150457.207703,-0.224548,-0.634481,-1.648128
150457.225429,-0.053437,1.497894,-0.326420
150457.243095,1.471717,-0.723850,0.862242
150457.261118,1.231960,-1.869683,-1.243017
150457.278961,-0.241662,-2.645770,-0.445733
150457.296628,0.015611,-2.001971,0.039881
150457.314650,0.243421,-2.310239,-0.214777
150457.332477,-0.228983,-3.570515,-0.267664
150457.350163,-0.280123,-2.667740,-0.486305
150457.368012,-0.608594,-1.460045,-0.947710
150457.385862,-3.015079,-2.300718,-0.859085
150457.403819,0.820041,-1.303559,-0.414733
150457.421723,2.477516,-0.629530,0.055872
150457.439573,1.926428,-0.299610,0.022794
150457.457413,1.887408,0.688528,0.450853
150457.475310,1.875533,0.376554,0.720486
150457.493101,2.382246,1.350980,1.041750
150457.510947,2.222210,1.864376,1.095675
150457.528708,2.043510,1.434697,1.114230
150457.546638,1.701335,1.454024,0.745912
150457.564485,0.746136,0.493003,0.178801
150457.582162,0.105914,-0.342373,-0.584340
150457.600172,-0.915232,-0.630689,-1.207970
150457.618021,-1.134639,-0.618707,-1.366532
150457.635918,-1.145451,-0.163263,-1.263619
150457.653707,-0.065759,0.961132,-1.186013
150457.671552,0.348270,0.762108,2.394769
150457.689219,-0.785432,1.889363,3.609633
150457.707243,-0.832246,0.647144,1.789885
150457.725089,-1.183250,1.963736,1.269829
150457.742962,-0.138560,3.653831,-0.203973
150457.760780,-0.844932,2.624040,-1.512591
150457.778444,1.170515,0.662516,1.223585
150457.796473,0.653367,-1.684621,2.056448
150457.814315,-1.396212,1.055234,-1.507696
150457.832157,-1.288946,1.554777,-1.351695
150457.849825,-2.053037,0.692491,-1.025367
150457.867671,-1.888315,0.029298,-0.253256
150457.885515,-1.191711,0.118781,-0.844994
150457.903362,-1.046303,0.031438,-1.168985
150457.921385,-0.808179,0.239533,-1.062812
150457.939229,-0.486038,-0.153768,-0.863155
150457.957074,-1.380521,-1.561410,-0.832877
150457.974917,0.019432,0.154515,0.504279
150457.992766,1.827920,2.473879,1.401380
150458.010606,-0.279443,2.121331,-0.642974
150458.028275,-1.247122,0.697417,-1.369056
150458.046300,1.514202,0.342399,0.326867
150458.064144,1.586841,-1.509370,0.321203
150458.082040,0.910807,-2.002872,0.147955
150458.099652,-0.195466,-2.011189,-0.816373
150458.117679,0.211496,-2.785399,-0.930507
150458.135345,1.611026,-2.077740,-1.608192
150458.153367,-3.037446,-3.910595,-0.635669
150458.171033,-4.911346,-2.972074,1.169961
150458.188880,2.205640,-1.612826,0.588046
150458.206906,3.637870,1.969035,-1.935260
150458.224749,1.092772,-0.812350,-0.832261
150458.242593,0.380189,-0.437364,-0.513128
150458.260439,2.626270,-0.377945,0.927682
150458.278285,2.701404,0.026147,1.314065
150458.296128,1.749248,0.727663,1.206032
150458.314190,1.340589,0.937293,1.056808
150458.331817,1.974695,1.352779,0.835463
150458.349662,2.479418,2.048934,0.161804
150458.367332,1.490739,2.632236,-0.215936
150458.385184,-0.085441,-0.268209,-0.325437
150458.403204,-0.901625,-1.729811,-0.744795
150458.420867,-1.245514,-1.530883,-0.760281
150458.438887,-0.741127,-0.754794,-0.571215
150458.456734,0.334110,1.984924,-0.333931
150458.474782,1.501136,2.284337,0.458203
150458.492425,0.712931,0.691859,1.791447
150458.510269,-1.208684,1.074150,1.186604
150458.528015,-1.604885,0.771496,1.301066
150458.545822,-0.242878,1.678009,-0.682247
150458.563804,-0.775624,2.979301,-1.564076
150458.581652,0.286842,0.494995,1.482472
150458.599324,-0.410749,-0.650906,1.741337
150458.617339,-0.335373,1.631250,-1.728946
150458.635185,-0.955553,1.379662,-1.403552
150458.652875,-1.427530,0.500050,-1.244485
150458.670873,-0.765094,0.605679,-0.859577
150458.688717,-0.456948,-0.086373,-0.975772
150458.706759,-1.266052,-1.539894,-0.875691
150458.724407,-1.600460,-1.596852,-0.695024
150458.742256,-1.234877,-1.213113,-0.598376
150458.760100,-1.361455,-1.614414,-0.406676
150458.777947,-1.064718,-1.435245,0.853569
150458.795790,0.106782,1.287753,-0.205384
150458.813752,-0.345415,1.200916,-2.569175
150458.831479,0.311638,3.821676,-0.221985
150458.849155,0.888657,-1.507956,1.513956
150458.866999,0.804296,-1.289516,-1.301901
150458.884839,-0.612447,-3.431958,-0.154343
150458.902866,-0.059951,-2.047057,-0.462767
150458.920529,0.232614,-1.961957,-0.832052
150458.938551,-0.864924,-4.074357,-1.156526
150458.956395,-3.340819,-2.229154,-0.446958
150458.974062,-2.939350,-2.822745,0.556833
150458.992082,1.720161,-0.023728,-0.064493
150459.009932,2.088286,-0.356672,-0.913184
150459.027773,1.411796,-0.210488,-0.875166
150459.045616,2.075577,1.071911,-0.188287
150459.063464,2.286003,0.149485,0.997735
150459.081130,2.012067,0.363320,1.501224
150459.099152,2.362079,1.821867,1.158651
150459.117000,1.509335,1.901712,0.963156
150459.135003,1.144326,1.222045,1.182479
150459.152687,1.693427,1.308930,0.999704
150459.170535,1.539750,1.221065,0.502458
150459.188381,-0.021446,0.215527,-0.386612
150459.206227,-0.869261,-0.656823,-1.411070
150459.224070,-0.901368,-0.550177,-1.476056
150459.241916,-0.208293,-0.078681,-1.363899
150459.259913,1.273077,0.394359,0.065516
150459.277604,0.032780,1.209252,2.867986
150459.295450,-1.004841,0.360635,1.856162
150459.313115,-1.145349,0.534343,1.258314
150459.331141,-1.489648,1.341936,1.276389
150459.349006,-0.173097,0.411677,0.462271
150459.366654,0.817704,4.208954,-0.179596
150459.384499,-0.311426,2.795224,1.957048
150459.402523,-1.805242,-0.214411,0.900604
150459.420186,-1.228487,1.124103,-1.029450
150459.438211,-1.477341,0.316155,-1.026870
150459.456055,-1.299399,0.128458,-0.472379
150459.473723,-0.983076,-0.132015,-0.751970
150459.491745,-1.051616,0.367914,-1.300820
150459.509589,-1.574008,-0.136716,-1.264153
150459.527256,-1.438814,-0.592936,-0.864157
150459.545283,-0.816883,-0.086532,-0.564921
150459.563128,-0.767011,0.140076,-0.333783
150459.580970,-0.191761,-0.015168,0.467509
150459.598814,-0.219091,0.498584,1.025687
150459.616661,-0.886421,1.935229,-0.290726
150459.634503,-0.318396,0.740216,-1.228437
150459.652171,0.796220,0.250383,1.437463
150459.670193,1.797989,-0.190653,1.505750
150459.688040,2.304514,-0.537226,-1.288853
150459.705705,0.357564,-2.460251,-0.670758
150459.723730,1.184682,-4.027823,-1.240639
150459.741574,-1.174849,-0.657811,-1.799464
150459.759444,-2.031802,-0.723465,-1.297417
150459.777269,-2.527163,-1.821296,-0.212082
150459.795111,1.007587,-0.886825,0.296879
150459.812776,2.317057,0.661450,-0.596762
150459.830801,1.629870,-0.858167,-0.537181
150459.848645,1.855657,-0.064072,-0.233860
150459.866313,0.897384,-0.162312,0.575284
150459.884157,1.423747,-0.800808,0.980575
150459.902183,2.406326,0.133960,1.026759
150459.919848,2.188587,0.187154,1.087019
150459.937872,1.671311,0.559379,0.933178
150459.955716,1.974718,1.213193,0.368898
150459.973382,0.924737,1.036299,0.181046
150459.991404,0.253319,-0.080765,-0.242486
150460.009252,-0.586993,-0.512796,-0.870161
150460.026917,-1.148298,-1.000685,-0.897598
150460.044939,-1.554779,-0.597485,-0.666332
150460.062784,-0.079959,1.180505,-0.174506
150460.080632,1.654480,2.409546,1.027048
150460.098476,1.243882,0.044182,1.749058
150460.116321,-0.767920,1.343646,1.024551
150460.133989,-1.433714,1.661765,1.192793
150460.152010,-0.585411,0.940506,0.298118
150460.169857,0.148850,0.996599,-0.238690
150460.187632,0.059401,2.530403,-1.713822
150460.205545,1.713253,0.442569,1.367507
150460.223395,-0.462977,-0.106639,1.354679
150460.241058,-2.007397,1.946693,-1.457284
150460.259079,-1.588004,1.802520,-1.027846
150460.276924,-1.442588,0.564084,-0.854539
150460.294772,-0.621531,0.150731,-0.801844
150460.312615,-0.012646,0.010970,-1.008366
150460.330459,-0.929218,-0.661989,-1.110177
150460.348308,-1.514386,-1.251406,-0.738010
150460.365971,-1.009264,-0.645857,-0.363839
150460.383824,-0.732606,-0.707321,-0.457201
150460.401847,-0.888236,-0.455507,-0.059022
150460.419555,-0.207111,1.303784,1.145748
150460.437529,-0.949759,0.435497,-1.039504
150460.455379,-0.532293,2.850219,-2.028149
150460.473246,0.706169,0.022012,0.177546
150460.491066,0.844004,-2.491819,1.824419
150460.508909,1.996080,1.294360,-1.866841
150460.526950,0.245897,-3.699420,-1.591170
150460.544600,-2.075678,-3.338991,0.575841
150460.562444,0.008023,-2.332509,0.097622
150460.580110,-2.621993,-0.468940,-0.823925
150460.597957,-2.225320,-1.494850,-0.190691
150460.615815,1.674148,0.254470,0.371320
150460.633862,1.704101,0.240135,-0.479233
150460.651673,1.545037,-0.183120,-0.498622
150460.669515,1.859594,0.198143,0.292135
150460.687361,1.763063,-0.181313,1.037275
150460.705026,2.090176,0.528220,1.091693
150460.723051,2.068413,1.168116,1.046919
150460.740894,1.422667,0.431137,1.032075
150460.758792,1.714931,0.223574,1.002338
150460.776585,1.519971,0.459540,0.517162
150460.794433,1.066135,0.834600,0.056206
150460.812095,0.357522,0.307390,-0.511423
150460.830121,-0.216802,-0.714566,-0.667890
150460.847966,-0.312273,-0.653851,-0.430794
150460.865633,0.493158,-0.577247,0.162148
150460.883477,0.403066,0.757697,0.759871
150460.901509,-0.377523,2.129210,0.518250
150460.919169,-1.219914,0.523095,0.403215
150460.937190,-1.241829,-0.025931,0.400955
150460.955035,-0.472217,1.664607,0.595808
150460.972702,0.499154,2.250135,0.083588
150460.990726,0.717501,2.990990,2.259006
150461.008574,0.745225,-1.557998,2.469050
150461.026239,-1.669878,0.177682,-0.906775
150461.044261,-1.119249,0.499637,-1.093426
150461.062107,-1.294420,-0.044975,-0.671727
150461.079953,-0.467882,-0.534404,-0.584244
150461.097798,0.037691,-0.176288,-0.932102
150461.115662,-0.711340,-0.488351,-1.017604
150461.133487,-1.020627,-1.020169,-0.679520
150461.151329,-1.186586,-1.252489,-0.548481
150461.169175,-0.935100,-0.966985,-0.661053
150461.187020,-0.868961,-1.046041,-0.444121
150461.204928,-0.834551,-0.138708,0.820127
150461.222710,-0.649267,1.338245,0.933978
150461.240554,-0.774932,1.048483,-1.295947
150461.258598,0.595654,1.691464,-0.548281
150461.276244,1.460943,-1.484914,0.841196
150461.294089,0.635221,-1.110767,0.264417
150461.312065,0.413058,-1.632908,-1.442033
150461.329778,0.037639,-1.861376,-0.657653
150461.347627,0.638098,-2.474558,-0.208898
150461.365292,0.264491,-2.540095,-1.334079
150461.383142,-5.627895,-1.265042,-1.335035
150461.400983,-2.227554,-2.714460,0.819898
150461.418829,2.971603,0.056603,0.250729
150461.436852,3.389792,0.252654,-0.798774
150461.454697,1.538217,-0.570484,-0.658926
150461.472600,1.122815,-0.258640,-0.408303
150461.490386,1.136071,-0.780225,0.085002
150461.508231,2.036117,-1.631192,0.684850
150461.526076,2.479598,-0.666707,0.806245
150461.543921,1.661473,-1.047538,0.945438
150461.561766,1.369314,-1.342072,1.119171
150461.579735,1.366667,-0.984411,1.013968
150461.597454,1.280156,-0.055193,0.471990
150461.615302,0.863703,0.668308,-0.553893
150461.633243,0.023665,0.051979,-1.207014
150461.650992,-0.399814,-0.479133,-0.453390
150461.668838,0.034875,-0.600556,-0.028060
150461.686682,0.370158,-0.667828,0.258380
150461.704526,-0.120245,-0.473450,0.203132
150461.722369,-0.627327,1.385875,-0.053174
150461.740217,-0.498008,1.017045,0.025621
150461.757976,-1.221991,0.310206,0.198882
150461.775906,-1.278499,2.002804,1.344343
150461.793571,-0.531809,0.982334,1.537137
150461.811591,3.927161,1.975631,3.075865
150461.829439,-1.010671,-0.177517,0.256209
150461.847106,-2.166025,0.431544,-0.760009
150461.865130,-0.645608,0.516621,-0.302572
150461.882795,-0.952851,0.039143,-0.409000
150461.900643,-0.453081,0.158184,-0.806293
150461.918804,-0.839358,-0.229718,-0.855048
150461.936507,-0.807784,-0.059837,-0.674024
150461.954352,-0.854125,-0.525551,-0.706074
150461.972202,-0.707821,-1.292997,-0.264881
150461.990044,-0.030408,-1.111612,-0.067854
150462.007890,0.029229,0.574782,0.543257
150462.025904,0.127678,2.417607,1.600786
150462.043580,-1.194345,0.679366,-0.552133
150462.061422,-1.634646,0.552380,-1.795986
150462.079195,-0.261931,-1.007390,-0.048172
150462.097114,1.405527,0.200457,0.069382
150462.114960,1.685084,-0.126690,-0.311470
150462.132626,-0.178051,-1.855268,-1.326838
150462.150648,-0.172770,-2.885976,-1.281878
150462.168494,-0.028767,-2.244879,-0.227554
150462.186269,-3.140118,-1.066721,-0.064545
150462.204002,-1.148218,-1.235534,0.091404
150462.222032,2.189733,0.574179,-0.729129
150462.239696,2.198607,-0.061803,-1.451917
150462.257718,1.163558,-0.493295,-0.784730
150462.275561,1.320724,-0.933933,0.357551
150462.293231,1.636638,-1.637937,1.153238
150462.311256,2.043550,-0.808252,0.823956
150462.329099,1.883266,-0.431909,0.652414
150462.346945,1.222135,-0.306007,0.593535
150462.364789,1.221717,0.081569,0.658608
