150507.458100,-0.264542,-0.947723,-0.232925
150507.468140,-0.515152,-0.679626,-0.226242
150507.478999,-0.665085,-0.222610,-0.144974
150507.490291,-0.611267,-0.074020,-0.187790
150507.501471,-0.066284,0.900711,1.093460
150507.512687,-1.672821,0.757263,0.586823
150507.523985,-0.090347,0.749451,0.286011
150507.534592,0.142670,0.725143,0.704117
150507.545185,0.112030,0.528900,0.483505
150507.556598,0.079910,0.194092,0.474701
150507.566991,0.073029,-0.055923,0.274612
150507.577690,2.016937,-0.327576,0.135086
150507.589483,1.430405,-0.296127,0.223419
150507.600040,0.319077,-0.300751,0.228012
150507.611308,0.314926,-0.375015,-0.005508
150507.622752,0.499603,-0.955490,0.181686
150507.633777,0.461105,-1.060654,-0.417572
150507.644209,-0.042221,-1.042679,-0.768311
150507.655647,-0.205307,-0.514648,-0.179413
150507.666703,0.069687,-0.321808,1.721390
150507.677008,0.939545,-0.637970,0.472977
150507.688472,0.723145,-1.942902,-1.317291
150507.698250,0.857239,-1.882843,-0.224701
150507.710710,1.431290,-1.736954,-0.067276
150507.721426,1.540817,-1.963760,-0.431366
150507.732950,0.992249,-1.988602,0.259384
150507.743261,0.438721,-1.632492,-0.442673
150507.754692,0.566803,-1.920822,-0.385956
150507.766085,0.360336,-1.971695,-1.058273
150507.776546,0.145935,-1.968430,-1.391037
150507.787158,-0.012863,-1.974777,-1.229736
150507.798047,-0.154785,-1.987503,-0.621719
150507.808396,-0.221603,-1.674820,-0.215149
150507.819792,-0.145889,-1.542099,-0.093552
150507.831432,0.013428,-1.395584,-0.043503
150507.842380,0.158401,-1.151062,-0.241730
150507.854180,0.367676,-0.931107,0.072495
150507.865205,0.402130,-0.626770,0.090439
150507.874925,0.629257,-0.313751,-0.042892
150507.885447,0.959213,-0.130554,-0.052811
150507.896030,0.869843,-0.051132,0.088898
150507.907470,0.659470,0.011841,0.073166
150507.918096,0.284088,-0.085419,0.687637
150507.928906,0.090988,0.089951,0.234604
150507.939789,-0.072586,0.262512,0.074524
150507.950601,-0.063080,0.052231,0.130844
150507.961413,-0.024872,0.035995,0.054596
150507.971731,-0.097885,0.018829,0.018539
150507.982462,-0.433945,0.056564,-0.383667
150507.993562,-1.338531,-0.169128,0.391510
150508.004628,0.007858,0.027695,0.104797
150508.016075,0.214371,0.015335,0.125626
150508.026963,-0.033386,-0.031387,-0.000244
150508.038351,-0.013824,-0.176514,-0.055801
150508.048651,0.039886,-0.340958,0.224548
150508.059504,-0.122894,-0.789978,1.051270
150508.070903,0.148956,-0.767960,1.075027
150508.082369,0.110687,-1.511047,0.951248
150508.093758,0.069305,-2.002914,0.145752
150508.104789,1.199524,-1.978561,-0.031937
150508.115658,1.587631,-1.975204,0.139557
150508.126513,1.408875,-1.992188,0.777008
150508.137312,0.651230,-1.995071,0.272354
150508.148116,0.503113,-1.987076,-0.223862
150508.159046,0.606003,-1.990601,0.026764
150508.169877,0.758698,-1.982742,-0.209457
150508.178617,0.775146,-1.977280,-0.448975
150508.190909,0.719681,-1.980621,-0.340668
150508.201355,0.617599,-1.975357,-0.672165
150508.211867,0.571777,-1.945023,-0.573914
150508.222967,0.272842,-1.575821,-0.491013
150508.233010,0.046951,-1.098740,-0.359100
150508.244331,-0.271667,-0.759811,-0.339096
150508.254983,-0.413483,-0.399963,-0.142639
150508.266418,-0.432816,-0.212921,0.055923
150508.277130,-0.437256,-0.086777,-0.038788
150508.287297,0.095444,0.648621,0.358002
150508.298545,-0.465424,0.626190,0.427414
150508.308967,-0.802017,0.486603,0.177887
150508.320068,-0.510864,0.688568,0.397186
150508.330756,0.082001,0.496719,0.680969
150508.341033,0.135483,0.345306,0.310638
150508.351030,-0.005051,0.097458,0.304626
150508.361629,0.000763,-0.147736,0.390701
150508.372143,0.912186,-0.119781,0.133743
150508.382996,0.306122,-0.074203,-0.178070
150508.393341,0.547058,-0.145645,-0.198975
150508.403676,0.489151,-0.786713,0.098740
150508.414025,0.415573,-1.005814,-0.004120
150508.425098,0.129028,-0.904984,-0.206497
150508.436041,0.022095,-0.650497,-0.263962
150508.446101,-0.052094,-0.324295,-0.171753
150508.456378,0.631912,-0.616470,0.486649
150508.467306,1.252045,-0.921356,1.136810
150508.477642,0.838776,-0.881134,1.281921
150508.488200,0.408859,-1.449753,-0.871552
150508.498028,0.257004,-1.440002,-0.453400
150508.509239,0.772980,-1.220932,0.115906
150508.519157,1.117966,-1.502884,-0.213425
150508.530471,1.024109,-1.977158,-0.245300
150508.540996,0.424561,-1.745193,-0.352570
150508.551708,0.235992,-1.819183,0.018158
150508.562731,0.303650,-1.983734,-0.546753
150508.572797,0.133575,-1.975113,-1.091354
150508.583988,0.087097,-1.967682,-1.474976
150508.594440,-0.025223,-1.970154,-1.455536
150508.604622,-0.208817,-1.988403,-0.762878
150508.615301,-0.227661,-1.989166,-0.743225
150508.625457,-0.237579,-1.978989,-0.405670
150508.636853,-0.079041,-1.742783,-0.252930
150508.647249,-0.057938,-1.549164,-0.236572
150508.657594,0.062271,-1.073059,0.004471
150508.668596,0.563751,-0.675369,-0.059280
150508.678877,0.697906,-0.443573,-0.085236
150508.690047,0.986282,-0.260666,-0.027161
150508.700439,0.892975,-0.112839,-0.068314
150508.711070,0.880600,0.011581,-0.136475
150508.722003,0.444931,0.030853,-0.037262
150508.732178,0.153366,0.006012,0.053284
150508.743296,-0.472656,0.376099,0.501495
150508.753797,-0.238663,-0.055008,0.422958
150508.764753,-0.151276,-0.272522,0.700195
150508.775811,-0.103287,0.091232,0.011337
150508.785929,-0.118423,-0.061493,0.054123
150508.796440,-0.349731,-0.084290,-0.035599
150508.806882,-0.313766,-0.126495,0.001923
150508.818140,-0.085434,-0.094208,0.012009
150508.828933,-0.134720,-0.074524,0.009399
150508.839288,-0.116898,-0.120422,-0.023163
150508.850285,-0.079468,-0.073593,0.240372
150508.860734,0.088776,-0.079483,0.428955
150508.871791,0.090561,-0.155823,0.614624
150508.882821,0.228165,-0.641418,0.623383
150508.893284,0.609207,-1.147247,0.369812
150508.904685,0.823318,-1.977737,-0.250641
150508.914706,0.899567,-1.976547,-0.378677
150508.926674,1.239853,-1.984116,0.259979
150508.937351,0.575378,-1.993195,0.121338
150508.947540,0.146240,-2.005737,0.342133
150508.957755,0.315735,-1.996536,0.057617
150508.968823,0.490402,-1.978378,-0.638962
150508.979226,0.122833,-1.988953,-0.457458
150508.991987,0.499390,-1.989853,-0.097687
150509.000451,0.602036,-1.979370,-0.497696
150509.011326,0.768112,-1.976715,-0.481537
150509.021434,0.749130,-1.976089,-0.526917
150509.031944,0.547684,-1.606644,-0.416214
150509.043564,0.442123,-1.251007,-0.402267
150509.052787,0.243484,-0.926743,-0.371521
150509.064050,-0.041382,-0.653061,-0.198059
150509.074481,-0.223083,-0.531235,0.030228
150509.085838,-0.345001,-0.239929,0.020966
150509.096550,-0.257706,-0.036331,-0.233551
150509.106483,-0.069809,0.262268,0.406952
150509.117822,0.044250,0.568222,0.461594
150509.128276,-0.350021,0.613327,0.168900
150509.139378,-0.041016,0.529449,0.464478
150509.150369,0.135361,0.360809,0.543777
150509.160655,0.071503,0.146027,0.293076
150509.171628,0.010559,0.060806,0.112442
150509.182089,0.069061,-0.126572,0.509689
150509.193104,0.495392,0.037964,0.220428
150509.204163,1.369095,-0.251450,0.367340
150509.214375,0.594833,-0.443314,0.451141
150509.225765,0.431808,-0.602753,0.226181
150509.236151,-0.047287,-1.069839,-0.554916
150509.247820,-0.189972,-0.967590,-0.883286
150509.258089,-0.364716,-0.548111,-0.440903
150509.268213,-0.410889,-0.308182,-0.314117
150509.279302,-0.018005,-0.344055,0.545944
150509.289984,1.274155,-0.518433,1.334549
150509.300736,1.338837,-0.520035,0.963776
150509.311192,1.501022,-1.743042,-0.361237
150509.321334,0.748062,-1.964020,-1.087906
150509.332378,1.222305,-1.977142,-0.078201
150509.342701,1.067200,-1.945251,0.035645
150509.353506,0.238815,-1.673340,-0.122467
150509.364185,0.408264,-1.913177,-0.238129
150509.373968,0.370605,-1.857956,-0.700531
150509.385724,0.407227,-1.895264,-0.844360
150509.396179,0.212387,-1.976852,-0.944275
150509.406988,0.252914,-1.973282,-1.075287
150509.415251,0.046036,-1.987564,-0.586792
150509.427398,-0.011307,-1.992386,-0.410446
150509.438692,-0.010468,-1.933670,-0.593536
150509.449096,0.054001,-1.553452,-0.350861
150509.459300,0.008072,-1.204208,0.147308
150509.470509,0.096146,-1.033203,0.089310
150509.480682,0.158295,-0.815994,-0.001236
150509.491499,0.269180,-0.621460,0.140594
150509.501729,0.460922,-0.449173,0.202179
150509.512350,0.622406,-0.365906,0.058441
150509.522899,0.929520,-0.298325,-0.141571
150509.533630,1.068771,-0.242966,-0.189331
150509.544161,0.811371,-0.153473,-0.158188
150509.554390,0.396057,-0.067627,-0.043579
150509.564799,-0.045959,-0.060089,0.004974
150509.575496,-0.200638,-0.030182,-0.107040
150509.586832,-0.350754,-0.087524,-0.022858
150509.597518,-0.400604,-0.203476,0.552368
150509.607646,-0.550064,-0.136093,0.202469
150509.618418,-1.678665,0.095673,-0.025208
150509.629027,0.270752,0.134354,0.185699
150509.639728,-0.178650,0.058350,0.385269
150509.650541,-0.152069,0.014832,0.249146
150509.660648,-0.157349,-0.110107,0.009537
150509.671866,-0.123016,-0.173355,-0.022415
150509.682436,-0.008652,-0.239288,0.184402
150509.693955,0.288193,-0.354004,0.676514
150509.704651,0.472229,-0.952286,1.189774
150509.714841,0.288528,-1.187988,0.901855
150509.725293,1.837372,-1.981277,0.723831
150509.735574,1.028961,-1.998230,0.737640
150509.746130,0.679321,-1.997559,0.411438
150509.757096,0.709030,-1.984253,-0.180984
150509.767379,0.204849,-2.004074,0.313690
150509.778381,0.329514,-2.005814,0.500320
150509.788816,0.476318,-1.988007,-0.203217
150509.799174,0.535294,-1.979263,-0.559006
150509.809802,0.593948,-1.978195,-0.559845
150509.819747,0.647736,-1.989319,0.002228
150509.831116,0.681839,-1.980850,-0.362457
150509.841489,0.550125,-1.977890,-0.611221
150509.852128,0.608475,-1.823578,-0.462540
150509.863031,0.466537,-1.411453,-0.377350
150509.872917,0.326157,-1.044144,-0.479599
150509.884061,0.210342,-0.627563,-0.307465
150509.894435,0.088638,-0.321915,-0.345993
150509.905681,-0.464005,-0.065033,-0.208969
150509.916283,-0.391968,-0.072586,0.066147
150509.926350,0.028702,0.497330,0.833771
150509.937485,-0.557877,0.573227,0.902420
150509.947592,-0.336182,0.488510,0.437317
150509.957681,0.022583,0.466644,0.210617
150509.967994,0.180939,0.381866,0.285919
150509.978391,0.111755,0.169098,0.299606
150509.989255,-0.039917,0.030136,0.041611
150509.999334,0.146729,-0.025162,-0.364670
150510.010591,0.703842,-0.196121,-0.264923
150510.020910,0.592422,-0.600845,0.454407
150510.031927,0.294662,-0.068573,-0.040863
150510.042923,0.431900,-0.204956,0.823257
150510.053163,0.495285,0.071457,0.299103
150510.064310,0.719604,-0.370224,0.431381
150510.074659,0.528290,-0.499695,0.152817
150510.085931,0.101501,-0.704391,-0.236450
150510.096692,0.460434,-0.893799,-0.128662
150510.106740,0.921432,-1.033356,1.064514
150510.117892,0.653275,-1.211044,1.099319
150510.128406,-0.085587,-0.908951,-0.567062
150510.140074,0.357346,-1.024200,0.345505
150510.150639,1.257309,-1.244431,0.025574
150510.160924,1.300430,-1.970901,-0.302780
150510.171496,0.692245,-1.974564,-0.645370
150510.182861,0.190475,-1.987946,-0.447418
150510.193685,0.184494,-1.987915,-0.453369
150510.204388,0.081741,-1.985992,-0.630096
150510.214535,0.063339,-1.980484,-0.901245
150510.225402,-0.079147,-1.979462,-1.069199
150510.235824,-0.150620,-1.982117,-1.005280
150510.246418,-0.181686,-1.991150,-0.611984
150510.257250,0.056976,-1.987366,-0.586761
150510.267462,0.196228,-1.836426,-0.666855
150510.278614,0.085754,-1.724045,-0.076584
150510.289271,-0.008743,-1.709473,-0.242157
150510.299315,0.181137,-1.292145,-0.254807
150510.310313,0.252884,-1.002243,0.100204
150510.320595,0.489227,-0.632660,-0.017029
150510.331759,0.534149,-0.539566,0.056229
150510.342142,0.724075,-0.428192,-0.096649
150510.353165,0.757904,-0.282806,-0.144516
150510.364172,0.671295,-0.107697,-0.130783
150510.374326,0.440186,-0.004501,-0.033173
150510.385650,-0.002213,-0.019241,0.051392
150510.396076,-0.240936,0.256577,0.389709
150510.407726,-0.284943,0.011597,0.423416
150510.418416,-0.249252,0.113205,-0.133423
150510.428638,-0.394165,0.020676,-0.454453
150510.439777,-1.011215,-0.266495,0.148239
150510.450314,-0.354065,0.131516,-0.073029
150510.460717,0.164200,0.070145,0.262909
150510.470683,-0.170074,0.109879,0.178329
150510.481299,-0.208176,0.018372,0.037064
150510.491821,-0.233841,-0.106308,-0.005310
150510.502454,-0.196243,-0.203888,-0.028198
150510.513505,-0.040390,-0.293076,0.293549
150510.524241,0.135590,-0.482513,0.795532
150510.534327,0.416107,-0.849045,0.889221
150510.545552,0.232208,-1.151611,0.708267
150510.555964,0.389572,-1.765778,0.165680
150510.567046,0.827301,-1.992798,0.315186
150510.577847,1.069412,-1.993927,0.572098
150510.588160,0.518906,-1.996628,0.232605
150510.599115,0.242722,-2.004318,0.357162
150510.609603,0.487305,-1.999588,0.343933
150510.620051,1.091705,-1.975662,-0.257950
150510.630951,1.044922,-1.975983,-0.281708
150510.640947,0.949387,-1.976685,-0.330261
150510.651666,1.149643,-1.977829,-0.107941
150510.662883,1.115234,-1.971497,-0.431396
150510.672913,0.728210,-1.967392,-0.630356
150510.683801,0.474808,-1.487411,-0.384018
150510.693698,0.099945,-1.084183,-0.354721
150510.704842,-0.054688,-0.890106,-0.280502
150510.714890,-0.235672,-0.759918,-0.258148
150510.725271,-0.297333,-0.402924,-0.178986
150510.735197,-0.439346,-0.132950,-0.076355
150510.746013,-0.342270,0.003693,-0.212067
150510.757011,-0.317825,0.254868,0.677536
150510.768289,-0.495392,0.478104,0.876663
150510.779354,-1.089371,0.698807,0.706970
150510.789747,0.015366,0.509109,0.547958
150510.800202,0.124466,0.335175,0.363647
150510.811117,-0.009918,0.170273,0.097183
150510.821260,0.095306,0.016678,-0.218796
150510.832244,0.216614,-0.007614,-0.394714
150510.842719,2.017670,-0.294418,0.139801
150510.853906,0.413834,-0.455185,0.940735
150510.864618,0.267761,-0.148483,0.242279
150510.875183,0.212494,-0.216965,0.198181
150510.885890,0.181274,-0.594208,0.117386
150510.896393,-0.138855,-0.614349,-0.579102
150510.907442,-0.177017,-0.494873,-0.574432
150510.917964,0.191071,-0.647369,0.551178
150510.928118,0.748779,-0.779282,1.380753
150510.939405,0.815659,-0.318237,0.640900
150510.949897,0.714737,-0.843231,0.188629
150510.960268,0.926285,-1.601639,-0.919388
150510.970702,1.277710,-1.653519,-0.211670
150510.980433,1.358856,-1.961411,-0.057846
150510.989770,0.731873,-1.972214,-0.721191
150511.001284,0.371307,-1.796814,-0.542297
150511.012550,0.238190,-1.986938,-0.453247
150511.023314,0.179016,-1.982224,-0.722519
150511.033182,-0.077744,-1.983932,-0.859207
150511.044255,-0.190277,-1.983994,-0.952133
150511.054595,-0.275635,-1.987244,-0.872498
150511.065270,-0.092987,-1.991776,-0.508255
150511.075725,-0.003311,-1.811111,-0.376663
150511.086045,0.164856,-1.747910,-0.444885
150511.096712,-0.004990,-1.742310,-0.030853
150511.107129,0.131851,-1.459625,-0.238068
150511.117894,0.257385,-1.241287,-0.009888
150511.128358,0.381180,-0.806458,0.017197
150511.139440,0.430542,-0.514923,0.141418
150511.150187,0.572403,-0.475128,0.093307
150511.160329,0.706314,-0.369507,-0.157486
150511.171156,0.772995,-0.178009,-0.185455
150511.181656,0.634598,-0.006653,-0.177826
150511.192934,0.020325,-0.025085,-0.021667
150511.203662,-0.018234,-0.018143,-0.012711
150511.213762,-0.167114,-0.087082,0.294128
150511.224395,-0.348282,-0.002197,0.238510
150511.235058,-1.297745,0.036026,0.204956
150511.246533,-1.119232,-0.029144,-0.203537
150511.257241,-0.161407,-0.008652,-0.120270
150511.267694,0.199951,0.077393,0.183243
150511.278530,0.091187,0.153290,0.154221
150511.288968,-0.131577,0.056808,0.132797
150511.300087,-0.104797,-0.069992,0.006622
150511.310750,-0.052719,-0.195343,0.059067
150511.321203,0.004700,-0.336197,0.428772
150511.331404,0.184784,-0.559372,0.863892
150511.341962,0.411972,-0.971924,0.689117
150511.353490,0.137253,-1.286835,0.460327
150511.364182,0.154190,-1.775574,0.330704
150511.374397,1.002548,-1.981064,-0.081680
150511.384914,1.180496,-1.988770,0.426453
150511.395415,1.126953,-1.980072,-0.023254
150511.405681,0.228851,-2.005096,0.381760
150511.415649,0.333359,-2.004364,0.436249
150511.425868,0.454575,-1.989838,-0.136246
150511.436802,0.633087,-1.981430,-0.376373
150511.447138,0.568512,-1.983246,-0.346939
150511.457308,0.627243,-1.982941,-0.311325
150511.468509,0.701401,-1.976959,-0.526062
150511.478855,0.712128,-1.974289,-0.641388
150511.489723,0.610352,-1.587616,-0.565567
150511.499768,0.508453,-1.174088,-0.376709
150511.510501,0.316193,-0.831345,-0.335632
150511.521097,0.014542,-0.655060,-0.057922
150511.532074,-0.132736,-0.333130,-0.148422
150511.542694,-0.386276,-0.065598,-0.117096
150511.552925,-0.329086,-0.043671,-0.087891
150511.563778,-0.210617,0.249191,0.667755
150511.574293,-0.405121,0.538712,1.089340
150511.584246,-0.772720,0.608978,0.513184
150511.595306,0.045670,0.413879,0.365295
150511.605483,0.158081,0.419937,0.359756
150511.616943,0.077316,0.175308,0.391418
150511.627491,-0.071671,0.073502,0.088913
150511.637708,-0.107971,0.015503,-0.017044
150511.648745,2.015289,-0.403854,0.134308
150511.658949,0.571747,-0.150452,-0.227646
150511.670388,-0.161728,-0.730408,0.477524
150511.680918,0.312424,-0.581192,-0.014221
150511.691825,0.254547,-0.743240,0.108170
150511.702458,0.026260,-0.780685,-0.254135
150511.712479,-0.255554,-0.644089,-0.477432
150511.723721,-0.337738,-0.471039,0.588715
150511.733956,1.887909,-0.428177,1.974075
150511.744852,1.006104,-0.341537,1.112244
150511.755923,1.037155,-0.852036,0.007584
150511.766129,0.963516,-1.945084,-1.786377
150511.775703,1.027023,-1.976349,-0.280762
150511.787395,0.813828,-1.975571,-0.496216
150511.798150,0.475266,-1.987396,-0.231842
150511.808829,0.009689,-1.555420,-0.161621
150511.818823,0.205246,-1.859192,-0.419785
150511.826795,0.096405,-1.982773,-0.767090
150511.840589,0.069550,-1.972092,-1.285736
150511.851206,-0.022354,-1.979950,-0.998077
150511.862007,-0.031113,-1.964371,-0.638687
150511.873227,0.053024,-1.854691,-0.529480
150511.884436,0.072357,-1.992386,-0.340256
150511.894816,0.266785,-1.983734,-0.578369
150511.905334,0.063431,-1.739990,-0.126312
150511.916341,0.187653,-1.458847,-0.182709
150511.926471,0.210419,-1.219025,0.097092
150511.937438,0.407639,-0.829483,0.064056
150511.947948,0.517456,-0.595306,0.224548
150511.958208,0.654297,-0.404785,0.028992
150511.969077,0.748795,-0.242294,-0.172180
150511.979292,0.537857,-0.111542,-0.202148
150511.989698,0.247299,-0.044571,-0.105484
150512.000087,0.012192,-0.038910,0.023361
150512.011035,-0.009323,-0.017593,-0.030411
150512.021672,-0.338654,0.400803,0.194595
150512.032877,-0.428574,0.081451,0.826202
150512.043869,-0.307892,0.300293,0.256439
150512.054262,-0.405426,0.196732,-0.103180
150512.065325,-0.755661,0.016251,0.127655
150512.076230,-0.332764,0.052017,0.004059
150512.086170,0.024414,-0.031097,0.079773
150512.097567,-0.051178,0.023849,-0.039413
150512.107993,-0.107178,-0.082703,-0.040985
150512.119376,0.020401,-0.218491,0.107010
150512.129981,0.113968,-0.388687,0.460342
150512.139878,0.104309,-0.824051,0.781693
150512.151031,0.190735,-1.100052,0.776443
150512.161462,0.100204,-1.358597,0.582886
150512.173035,1.031708,-1.984192,0.087936
150512.183346,0.690002,-1.994400,0.273438
150512.193233,1.007202,-1.988647,0.274200
150512.204336,0.317383,-2.003998,0.405640
150512.214633,0.267136,-1.998886,0.125519
150512.225280,0.550186,-1.989914,-0.052231
150512.235437,0.714920,-1.983307,-0.220413
150512.246123,0.590439,-1.983444,-0.319275
150512.256114,0.769760,-1.983963,-0.143372
150512.267310,0.858902,-1.978424,-0.325546
150512.278212,0.837616,-1.974335,-0.533615
150512.288524,0.752090,-1.885117,-0.525803
150512.299297,0.654770,-1.574844,-0.395554
150512.310007,0.474930,-1.203125,-0.418854
150512.320158,0.220886,-0.825165,-0.339630
150512.331054,-0.057220,-0.522141,-0.116165
150512.341545,-0.241776,-0.424835,-0.023529
150512.352906,-0.360413,-0.207047,-0.065094
150512.363591,-0.403152,-0.068771,-0.074799
150512.373700,-0.183182,0.196121,0.566971
150512.384562,-0.370239,0.373108,0.954376
150512.395067,-0.788834,0.412552,0.540176
150512.406374,-0.028137,0.296463,0.487717
150512.417111,0.120987,0.231354,0.277405
150512.427218,0.036743,0.161835,0.166138
150512.437843,0.199280,0.032745,-0.104797
150512.448535,0.110001,-0.007217,-0.094055
150512.458545,1.541794,-0.225250,0.024063
150512.469719,0.272339,-0.396103,0.665649
150512.479912,0.217804,-0.189133,0.089340
150512.490825,0.352829,-0.346710,0.211227
150512.501155,0.197220,-0.502563,0.142212
150512.512362,-0.271118,-0.627594,-0.484955
150512.523414,-0.053650,-0.916779,-0.857178
150512.533434,0.414597,-0.966568,0.487015
150512.544624,1.404175,-0.511230,1.609207
150512.554920,1.041595,-0.568390,0.961090
150512.566242,0.814056,-1.295685,-0.737961
150512.576917,0.971664,-1.527908,-0.899841
150512.586936,1.267807,-1.217773,0.022278
150512.597584,1.401260,-1.621399,-0.373413
150512.607928,0.819016,-1.977997,-0.378876
150512.618486,0.161209,-1.983627,-0.672287
150512.629335,0.113983,-1.990265,-0.404251
150512.639261,0.077698,-1.985245,-0.667557
150512.650217,-0.049133,-1.980927,-0.975464
150512.660588,-0.218262,-1.982986,-1.022202
150512.671276,-0.253113,-1.983124,-1.044968
150512.681727,-0.092087,-1.990952,-0.545731
150512.692939,-0.023834,-1.853149,-0.257355
150512.704124,0.048141,-1.621048,-0.531952
150512.714501,0.129089,-1.300095,-0.338943
150512.724809,0.100967,-1.227600,0.131195
150512.735278,0.233841,-0.903885,-0.033661
150512.746496,0.621765,-0.682037,0.163589
150512.757635,0.767609,-0.587509,0.027969
150512.767954,0.880844,-0.517258,-0.232544
150512.779062,0.766724,-0.311111,-0.366104
150512.789531,0.616867,-0.133286,-0.214340
150512.799399,0.263290,-0.048660,-0.038498
150512.810632,0.000671,-0.020691,0.030655
150512.820639,-0.008286,-0.017029,-0.010696
150512.831443,-0.427017,0.415802,0.104019
150512.841883,-0.425354,0.073532,0.153320
150512.852568,-0.443466,0.020676,0.548569
150512.863265,-0.666229,0.128616,-0.065826
150512.873661,-0.819656,0.171661,-0.195343
150512.884936,-0.216003,0.157196,0.076767
150512.895415,-0.190063,0.157990,0.107407
150512.905929,-0.285919,0.150955,-0.010315
150512.916659,-0.144058,0.074646,0.156845
150512.926806,-0.087875,0.006088,0.164276
150512.937533,0.003860,-0.114975,0.143890
150512.948127,0.133438,-0.250488,0.280090
150512.958046,0.414413,-0.548553,0.781754
150512.968086,0.356644,-1.066589,1.269760
150512.978793,0.156662,-1.403915,0.919281
150512.989568,1.521988,-1.975952,0.118698
150513.000010,1.314362,-1.981949,0.221710
150513.010717,1.097107,-1.991791,0.496246
150513.021608,0.443756,-2.013977,0.974808
150513.031537,0.652466,-1.997787,0.399536
150513.042533,0.639572,-1.987091,-0.108200
150513.052601,0.800369,-1.981079,-0.251740
150513.063825,0.993637,-1.981644,-0.062988
150513.073559,0.686142,-1.984436,-0.191864
150513.085597,0.790894,-1.975235,-0.530792
150513.096647,0.789062,-1.977081,-0.446976
150513.107016,0.651230,-1.884598,-0.316879
150513.118115,0.454224,-1.482498,-0.311935
150513.128990,0.223923,-1.050690,-0.352707
150513.138940,-0.017914,-0.855255,-0.187881
150513.150345,-0.116867,-0.593796,-0.289566
150513.160610,-0.354446,-0.188416,-0.244186
150513.171701,-0.404358,-0.030136,-0.098572
150513.182638,0.163712,0.411667,0.294479
150513.192634,-0.358566,0.591278,0.957474
150513.203150,-0.915695,0.503738,0.693954
150513.213498,-0.258072,0.390640,0.324707
150513.224749,-0.034927,0.460709,0.301132
150513.235667,0.126251,0.227310,0.424286
150513.245563,0.095505,0.046936,0.420044
150513.256447,-0.023300,0.017593,0.047272
150513.266562,-0.082581,-0.021072,-0.294022
150513.277932,2.013550,-0.480377,0.099976
150513.288326,0.753693,-0.480057,0.293777
150513.299633,0.293289,-0.406982,-0.036835
150513.310527,0.567566,-0.506714,0.012665
150513.320826,0.405289,-0.574066,0.097565
150513.331987,0.148483,-0.532043,-0.027206
150513.342893,0.455505,-0.737228,0.134354
150513.352803,0.811752,-1.057266,0.720474
150513.363947,0.463394,-0.989594,0.735153
150513.374205,-0.139648,-0.837036,-0.137421
150513.385467,-0.010391,-1.149200,-0.607971
150513.396374,0.384308,-1.087677,0.137939
150513.406271,1.122696,-1.118027,-0.054581
150513.417295,1.607178,-1.819672,-0.164536
150513.427528,1.093887,-1.977875,-0.153442
150513.438528,0.486374,-1.978027,-0.657700
150513.448991,0.196960,-1.993637,-0.177277
150513.459058,0.272003,-1.986374,-0.451187
150513.470194,0.137192,-1.979858,-0.775833
150513.480569,0.213806,-1.970184,-1.251877
150513.490670,0.049606,-1.983047,-0.792847
150513.501280,0.026871,-1.984787,-0.731766
150513.512112,0.059158,-1.858917,-0.419083
150513.522995,-0.116791,-1.741302,-0.262833
150513.533127,-0.020157,-1.502426,-0.240341
150513.544394,0.075623,-1.349426,-0.226746
150513.555064,0.284210,-1.003464,-0.089111
150513.566293,0.547607,-0.647858,0.011337
150513.576919,0.654114,-0.454681,-0.015564
150513.587188,0.808670,-0.338165,-0.029312
150513.598040,0.797440,-0.168243,-0.027374
150513.608533,0.680710,-0.044983,-0.083939
150513.619838,0.284821,-0.018066,-0.033798
150513.630543,0.006744,-0.014420,0.016998
150513.640631,-0.005203,-0.013077,-0.009598
150513.651181,-0.196899,0.116379,0.127151
150513.661785,-0.506744,0.025055,0.655075
150513.673306,-0.559692,0.189362,0.290848
150513.683985,-1.078735,0.079742,-0.051010
150513.694114,-0.407089,0.029968,-0.123825
150513.704755,0.047211,0.100632,0.110504
150513.715725,0.052429,0.198486,0.156158
150513.726809,0.041733,-0.020859,0.163895
150513.737503,0.055878,-0.130722,0.010468
150513.747588,0.053741,-0.249008,0.188232
150513.758225,0.315353,-0.448013,0.842087
150513.768630,0.448639,-0.732956,0.973862
150513.780281,0.123047,-1.100571,0.743744
150513.790459,0.839966,-1.989639,0.179153
150513.800845,0.449814,-1.992432,-0.019943
150513.811207,1.004547,-1.992371,0.444778
150513.821638,1.165909,-1.992569,0.590073
150513.832394,0.415466,-1.998352,0.226456
150513.843043,0.389236,-1.994492,0.024277
150513.853118,0.467270,-1.986923,-0.261429
150513.864015,0.531143,-1.988602,-0.129166
150513.874439,0.422501,-1.987671,-0.264481
150513.885135,0.488876,-1.983429,-0.405304
150513.896035,0.560806,-1.986237,-0.213867
150513.905920,0.594116,-1.979980,-0.477020
150513.917048,0.585068,-1.978836,-0.537186
150513.927361,0.429535,-1.605911,-0.368103
150513.938601,0.358826,-1.238068,-0.436676
150513.949510,0.310532,-0.946030,-0.417191
150513.959531,0.112427,-0.718704,-0.107544
150513.969679,-0.023453,-0.382217,-0.137512
150513.980181,-0.156982,-0.122406,-0.146576
150513.990745,-0.290268,0.012375,-0.162460
150514.001165,0.141998,0.338257,0.189163
150514.011260,-0.246490,0.179352,0.430344
150514.022336,-0.272018,0.583878,1.057098
150514.032480,-0.563950,0.417145,0.607819
150514.043754,0.060745,0.286194,0.358444
150514.054381,0.063232,0.134659,0.269119
150514.064631,0.078827,-0.090195,0.100220
150514.075679,0.098557,-0.097809,0.107971
150514.085969,0.151260,-0.060577,0.193787
150514.097280,0.235825,-0.145691,0.585541
150514.107847,1.600571,-0.037094,0.461533
150514.118709,0.951752,-0.337021,0.356659
150514.129417,0.448318,-0.445648,-0.108459
150514.139416,-0.293732,-1.034622,-0.854462
150514.150702,0.315506,-1.359787,-0.406036
150514.161336,0.746490,-1.483093,0.143326
150514.172872,0.638107,-1.003738,0.767731
150514.183629,-0.270172,-0.692032,-0.760666
150514.194117,0.102676,-1.030487,-0.531036
150514.204935,0.592804,-1.023621,0.290756
150514.215603,1.469162,-1.201508,0.117737
150514.226502,1.492477,-1.980255,0.293121
150514.237045,1.111359,-1.972748,-0.376205
150514.247241,0.469528,-1.978760,-0.638016
150514.257887,0.522446,-1.980316,-0.521561
150514.268597,0.219681,-1.879089,-0.436966
150514.279292,0.465927,-1.971771,-0.966339
150514.290022,0.319153,-1.941650,-0.671982
150514.300237,0.211792,-1.955170,-0.133957
150514.310088,0.143631,-1.959915,-0.335419
150514.321256,0.046341,-1.784103,-0.635361
150514.332239,-0.092712,-1.554565,-0.196320
150514.343211,-0.112411,-1.231659,-0.132675
150514.353665,0.039032,-1.083740,-0.063843
150514.364066,0.287766,-0.871353,-0.227112
150514.374523,0.460220,-0.585403,-0.101807
150514.385565,0.832596,-0.370972,-0.119766
150514.396620,0.805939,-0.176346,-0.143936
150514.406994,0.714661,-0.043640,-0.026611
150514.417425,0.488083,-0.003174,0.036972
150514.428044,0.038483,-0.016769,0.017014
150514.439120,0.000687,-0.018341,0.012955
150514.450193,-0.164688,-0.054153,0.173569
150514.460421,-0.482147,0.099106,-0.129272
150514.470502,-0.735138,0.011856,0.440277
150514.481419,-0.996017,0.128693,0.016342
150514.492333,-0.149933,0.044601,0.048645
150514.503436,0.083694,0.125198,0.181168
150514.513426,0.051682,0.067307,0.208359
150514.524772,-0.098206,0.021210,0.270142
150514.535162,-0.126114,-0.025757,0.250244
150514.546220,-0.072647,-0.081696,0.258926
150514.557193,0.115662,-0.211090,0.387497
150514.567149,0.250961,-0.419952,0.665039
150514.578489,0.359695,-0.680939,0.708542
150514.588985,0.148819,-1.052856,0.683746
150514.600028,0.820129,-1.485886,0.199631
150514.611045,0.860748,-1.988220,0.130890
150514.621322,1.298355,-1.969955,-0.348160
150514.632412,1.314987,-1.977936,0.036362
150514.642749,0.346802,-1.998779,0.187836
150514.653298,0.101730,-2.009064,0.459351
150514.664190,0.302444,-1.992691,-0.132660
150514.674562,0.377808,-1.989197,-0.231064
150514.685926,0.342316,-1.993073,-0.081314
150514.696283,0.496902,-1.984268,-0.359924
150514.706833,0.614456,-1.984695,-0.240356
150514.717693,0.602936,-1.978363,-0.544052
150514.728254,0.444717,-1.671356,-0.494843
150514.739484,0.287766,-1.252563,-0.504242
150514.749859,0.141571,-0.983795,-0.486465
150514.761063,0.051056,-0.765060,-0.413544
150514.771662,-0.240540,-0.631821,-0.125961
150514.781879,-0.327438,-0.361679,-0.257980
150514.792405,-0.440994,-0.117081,-0.088821
150514.802872,-0.285980,-0.040863,0.044403
150514.813019,0.469284,0.753647,0.699509
150514.823914,-0.517822,0.559967,0.733536
150514.833868,-0.732880,0.518372,0.531891
150514.845028,0.038025,0.370193,0.479691
150514.855180,0.097961,0.174927,0.290848
150514.866343,0.031357,0.006592,0.150711
150514.877247,0.142242,-0.041733,-0.008011
150514.887142,1.205200,-0.240128,-0.115021
150514.898290,1.235275,-0.355240,0.216736
150514.908379,0.288773,-0.372299,0.254898
150514.919662,0.448792,-0.344238,-0.004532
150514.930123,0.483536,-0.507660,0.212708
150514.941346,0.189117,-0.544495,0.039627
150514.952473,-0.051758,-1.098740,-0.079163
150514.963042,0.369690,-1.053925,0.373459
150514.973688,0.312393,-0.569031,0.693283
150514.984049,0.060501,-0.349243,-0.236221
150514.994192,0.191742,-0.608322,0.054932
150515.005280,0.793518,-0.801926,0.335739
150515.015488,1.265457,-1.091522,-0.030045
150515.026257,1.729889,-1.962036,-0.352036
150515.035344,1.165192,-1.973267,-0.307053
150515.047295,0.546219,-1.978882,-0.567825
150515.057963,0.361511,-1.984970,-0.441101
150515.067872,0.246216,-1.987488,-0.421677
150515.076248,0.225784,-1.981689,-0.707626
150515.089767,0.162872,-1.979950,-0.841858
150515.100847,0.165436,-1.986496,-0.535233
150515.111484,0.106003,-1.951202,-0.361938
150515.121664,0.086014,-1.933502,-0.565735
150515.132405,0.068069,-1.797791,-0.571518
150515.142980,-0.058533,-1.613663,-0.329803
150515.154462,-0.181519,-1.251740,-0.166824
150515.165164,-0.090729,-1.029724,0.042664
150515.175336,0.090576,-0.776321,0.006454
150515.186194,0.203445,-0.516052,-0.042511
150515.196662,0.438614,-0.346649,-0.082504
150515.207922,0.714355,-0.323349,-0.114975
150515.218610,0.679840,-0.179398,-0.064362
150515.228814,0.359589,-0.100983,-0.024704
150515.239923,0.007675,-0.058762,-0.011627
150515.250474,-0.114807,-0.021027,-0.051437
150515.261392,-0.232941,0.005020,-0.226639
150515.272176,-0.234680,-0.069412,0.141510
150515.282251,-0.191254,-0.120987,0.485657
150515.292706,-0.410248,0.395844,0.227859
150515.303102,-0.387344,0.058258,0.394699
150515.313631,-0.034866,0.058136,0.243515
150515.324113,-0.026321,0.048203,0.167328
150515.334166,-0.021759,-0.007553,0.083176
150515.345443,-0.053360,-0.038330,0.032104
150515.355884,-0.012589,-0.099426,0.179733
150515.367050,0.155350,-0.295288,0.699295
150515.377751,0.256699,-0.571320,0.706924
150515.387813,0.074036,-0.863159,0.529175
150515.399080,0.916153,-1.757675,0.006119
150515.409546,0.618546,-1.986069,-0.173309
150515.420078,0.662872,-1.991516,0.116623
150515.430981,0.817841,-1.998276,0.561630
150515.440930,0.283813,-2.007156,0.523865
150515.452240,0.112137,-2.014267,0.708801
150515.462668,0.288605,-2.005005,0.428253
150515.472937,0.414856,-1.991364,-0.098862
150515.484019,0.413223,-1.995377,0.085464
150515.493921,0.611130,-1.992096,0.100723
150515.504609,0.772263,-1.978531,-0.393784
150515.515002,0.818802,-1.975555,-0.492264
150515.525496,0.933746,-1.825089,-0.344543
150515.536091,0.759598,-1.437271,-0.202759
150515.547013,0.512711,-1.126358,-0.273010
150515.557683,0.256210,-0.846863,-0.346939
150515.567858,0.086655,-0.701828,-0.232483
150515.578375,-0.166992,-0.529587,-0.225052
150515.589036,-0.316101,-0.204910,-0.263214
150515.599807,-0.363464,-0.022156,-0.117050
150515.610503,0.111588,0.267105,-0.255386
150515.620645,-0.149536,0.556458,0.979782
150515.631516,-0.895645,0.566391,0.616531
150515.641897,-0.883881,0.625397,0.429504
150515.652911,-0.054184,0.523148,0.428787
150515.663922,0.121475,0.276947,0.475739
150515.674022,0.025635,0.069214,0.097870
150515.685312,0.265228,-0.016495,-0.349426
150515.695710,0.194016,-0.086304,0.016693
150515.706171,2.013885,-0.502396,0.441757
150515.717272,0.605652,-0.339096,0.297714
150515.727241,0.335037,-0.363815,-0.009140
150515.738340,0.330185,-0.555023,0.103790
150515.748793,-0.058502,-0.496445,-0.038635
150515.759797,-0.294586,-0.997879,-0.291382
150515.770873,0.353378,-0.962982,1.041321
150515.781027,0.882797,-0.072845,1.562088
150515.792497,0.693054,-0.477905,0.278915
150515.802964,1.047699,-1.803650,-1.108261
150515.813462,0.965500,-1.377640,-0.255219
150515.824475,1.411072,-1.356110,-0.333740
150515.834657,1.205704,-1.969635,-0.441040
150515.842629,0.541260,-1.976562,-0.588531
150515.856479,0.200287,-1.951019,-0.426849
150515.867017,0.253143,-1.987167,-0.430527
150515.877952,0.020905,-1.984924,-0.730789
150515.888418,-0.032196,-1.981400,-0.938934
150515.899568,-0.155396,-1.984375,-0.904739
150515.910120,-0.163986,-1.988602,-0.715469
150515.920930,-0.096954,-1.834793,-0.263947
150515.931147,0.035492,-1.663208,-0.446167
150515.941554,0.097137,-1.464859,-0.161316
150515.952782,0.098557,-1.355759,-0.141037
150515.963255,0.180038,-1.153107,0.098557
150515.974057,0.294037,-0.746750,0.031219
150515.984868,0.555374,-0.524750,0.068436
150515.995303,0.624954,-0.474823,0.033234
150516.006580,0.642685,-0.460434,-0.166595
150516.017144,0.669952,-0.499374,-0.469284
150516.027514,0.573593,-0.321960,-0.389435
150516.038514,0.305984,-0.176575,-0.145935
150516.048707,0.023544,-0.111053,0.023682
150516.059942,-0.068054,-0.082474,0.117859
150516.070503,-0.113495,-0.057205,-0.004913
150516.081618,-0.342270,-0.218170,0.558044
150516.092496,-0.403397,-0.099960,0.101990
150516.102592,-0.413895,0.002838,-0.232956
150516.113764,-0.970093,0.541794,0.469803
150516.124345,-0.273331,0.284164,0.307419
150516.134459,-0.011398,0.095810,0.148727
150516.145451,0.034210,-0.039154,0.099335
150516.155607,-0.056946,-0.102966,-0.056152
150516.167082,-0.040497,-0.179047,0.039734
150516.177424,0.128479,-0.279846,0.549683
150516.187855,0.194275,-0.687424,1.005966
150516.198744,0.150986,-0.846573,0.550415
150516.209017,-0.044449,-1.192276,0.501617
150516.220134,0.873703,-1.988205,0.141769
150516.230385,1.228439,-1.990280,0.536987
150516.240991,0.425507,-1.999054,0.266891
150516.251885,0.421997,-2.004456,0.515335
150516.261580,0.564026,-1.988678,-0.097534
150516.273245,0.740524,-1.979919,-0.355408
150516.283749,0.734650,-1.981201,-0.301208
150516.294240,0.634598,-1.987274,-0.104248
150516.302462,0.538834,-1.985458,-0.269119
150516.315057,0.575180,-1.979904,-0.495804
150516.326174,0.561142,-1.978516,-0.572739
150516.336557,0.432861,-1.897552,-0.489243
150516.347670,0.313919,-1.390839,-0.373215
150516.357899,0.201309,-0.985977,-0.425232
150516.368052,0.099823,-0.728302,-0.308029
150516.378880,-0.032288,-0.565170,-0.094406
150516.389282,-0.182556,-0.245773,-0.160324
150516.400615,-0.340302,-0.056641,-0.085251
150516.410851,-0.203201,-0.031036,0.066498
150516.422067,-0.251709,0.180695,0.726273
150516.432713,-0.299637,0.368469,0.593399
150516.442998,-0.545135,0.504364,0.613800
150516.453866,0.017761,0.445450,0.464630
150516.464355,0.154724,0.120392,0.418915
150516.474377,0.067825,0.123169,0.216599
150516.485670,0.025772,-0.059357,0.076172
150516.495894,1.648285,-0.369888,0.155075
150516.506908,0.850815,-0.315201,0.348083
150516.517402,0.379517,-0.171432,0.221252
150516.528464,0.572037,-0.313751,0.136475
150516.538740,0.528595,-0.443680,0.185669
150516.548638,0.051666,-0.585480,-0.125305
150516.559772,-0.116653,-0.607681,-0.916229
150516.570473,0.401917,-1.177094,-0.008102
150516.581918,0.861084,-0.770096,0.867279
150516.592675,0.197983,-0.228149,0.886383
150516.602842,0.085037,-0.923355,-0.570999
150516.613694,0.816132,-1.769318,-0.989563
150516.624182,1.066101,-1.271652,0.538483
150516.635476,1.143295,-1.782257,-0.385559
150516.646184,0.889969,-1.969406,-0.717850
150516.656347,0.282059,-1.838654,-0.491150
150516.667321,0.299164,-1.806778,-0.276337
150516.677959,0.278809,-1.984604,-0.528046
150516.688133,0.182648,-1.978210,-0.905899
150516.698969,0.112030,-1.979218,-0.918884
150516.709082,-0.013031,-1.984131,-0.795944
150516.720416,-0.041245,-1.928818,-0.208817
150516.731060,0.147980,-1.725739,-0.217560
150516.741167,0.131393,-1.627823,-0.147263
150516.752202,0.136398,-1.344742,-0.211716
150516.762351,0.273636,-1.210922,-0.135361
150516.773513,0.320312,-0.956497,0.030365
150516.783980,0.411880,-0.670349,-0.011169
150516.794626,0.492462,-0.531387,0.005035
150516.805385,0.734100,-0.467697,-0.115295
150516.815619,0.671692,-0.362320,-0.157379
150516.826709,0.468155,-0.195129,-0.328506
150516.837234,0.337387,-0.082901,-0.338013
150516.848116,0.205276,-0.055710,-0.123611
150516.858905,0.006180,-0.046982,0.075439
150516.868892,-0.012299,-0.020248,-0.001892
150516.880230,-0.101181,-0.141205,0.502121
150516.890583,-0.069702,-0.083755,0.265793
150516.901784,-0.651657,0.248520,0.371948
150516.912850,-1.416565,0.081345,0.407959
150516.923055,-0.467834,0.107269,-0.042252
150516.934495,0.132950,0.021103,0.107819
150516.944911,0.108582,-0.018539,0.248917
150516.955184,0.062668,-0.082840,-0.074188
150516.966066,0.158234,-0.200867,0.221115
150516.976454,0.134415,-0.390945,0.718750
150516.989378,0.236526,-0.750076,0.954300
150516.997708,0.232452,-0.855316,0.616470
150517.008338,1.477783,-1.983093,0.413376
150517.017902,0.214661,-2.002533,0.250610
150517.028936,0.659515,-1.998459,0.437027
150517.040076,0.606140,-1.992096,0.095779
150517.050425,0.361694,-1.998444,0.184906
150517.058615,0.539215,-2.001083,0.457443
150517.071743,0.539368,-1.991577,0.015778
150517.083001,0.649460,-1.986206,-0.140701
150517.093552,0.698807,-1.981277,-0.327896
150517.103952,0.591156,-1.991562,0.058289
150517.114742,0.646133,-1.982483,-0.317184
150517.125630,0.685516,-1.977371,-0.520187
150517.135500,0.635925,-1.979614,-0.458191
150517.146181,0.516556,-1.620865,-0.417572
150517.156529,0.375351,-1.211945,-0.411392
150517.167461,0.227524,-0.927780,-0.381424
150517.178129,-0.061386,-0.707764,-0.172745
150517.188731,-0.122253,-0.349731,-0.185303
150517.199378,-0.342117,-0.087448,-0.155014
150517.209480,-0.304352,-0.006744,-0.056396
150517.220817,0.023605,0.641632,0.712814
150517.230891,-0.363770,0.584106,0.923767
150517.242411,-0.310669,0.467300,0.489136
150517.253030,0.126389,0.345154,0.673599
150517.263497,0.082565,0.190643,0.365173
150517.274165,-0.035370,0.058914,0.025528
150517.284626,-0.051682,0.046249,-0.035934
150517.295391,0.910416,-0.135193,-0.060898
150517.306358,1.735245,-0.414459,0.345581
150517.316563,0.388077,-0.378525,0.264816
150517.327713,0.412674,-0.356857,-0.039398
150517.338429,0.383881,-0.598999,0.101883
150517.349248,-0.015350,-0.605240,-0.126877
150517.359957,0.365738,-1.186981,-0.079407
150517.370109,0.708771,-1.707092,0.116379
150517.380925,0.634995,-1.212952,0.945374
150517.391426,-0.186584,-0.395508,-0.067139
150517.402107,0.080597,-0.770996,-0.475739
150517.412836,0.311676,-0.889053,0.388000
150517.422929,1.255981,-0.834167,-0.093140
150517.434140,1.641357,-1.614975,-0.197235
150517.444697,1.258865,-1.974075,-0.190491
150517.454849,0.610031,-1.979767,-0.473038
150517.465743,0.453796,-1.980957,-0.549332
150517.476178,0.376984,-1.979767,-0.669800
150517.487548,0.087280,-1.980927,-0.859802
150517.497869,0.012039,-1.986130,-0.681534
150517.508523,0.017197,-1.950623,-0.509064
150517.519469,0.032623,-1.852142,-0.347961
150517.529831,0.098175,-1.725372,-0.276825
150517.541082,0.067230,-1.555313,-0.207855
150517.551649,0.034790,-1.176392,-0.168579
150517.563283,0.113235,-1.067368,0.056000
150517.574008,0.282425,-0.765930,-0.086594
150517.584255,0.511276,-0.642654,0.148468
150517.594788,0.616684,-0.436264,-0.039841
150517.605162,0.685287,-0.340576,-0.066086
150517.615624,0.773132,-0.358414,-0.162994
150517.626679,0.794861,-0.259674,-0.279037
150517.636852,0.564270,-0.129395,-0.213348
150517.648336,0.194946,-0.085632,-0.013840
150517.658679,-0.023956,-0.067200,0.126190
150517.670373,-0.034470,-0.045212,0.095108
150517.681088,-0.290955,-0.161957,0.305969
150517.691218,-0.384277,0.410736,0.148361
150517.701698,-1.164932,0.211212,0.536758
150517.712143,-0.211792,0.163162,0.121277
150517.722612,0.002380,0.055084,0.053131
150517.733712,0.095917,-0.038803,0.134979
150517.743916,0.040726,-0.091980,-0.031052
150517.754800,-0.072739,-0.137253,-0.113205
150517.765166,0.067215,-0.285370,0.345245
150517.776152,-0.027863,-0.547592,0.772003
150517.787183,0.102051,-0.894974,0.895432
150517.797347,0.322876,-1.076843,0.536575
150517.808280,1.367996,-1.980377,0.194229
150517.818551,0.480011,-1.996078,0.174347
150517.829048,1.001251,-1.988876,0.280106
150517.839966,0.365143,-1.992142,-0.104904
150517.849904,0.145523,-2.008850,0.486069
150517.861167,0.255646,-2.004196,0.363098
150517.871622,0.414856,-1.991409,-0.096893
150517.882289,0.610626,-1.986450,-0.162476
150517.893162,0.680984,-1.982407,-0.290482
150517.903058,0.630585,-1.986786,-0.129898
150517.914199,0.588593,-1.985062,-0.245361
150517.924275,0.656540,-1.976257,-0.597153
150517.934967,0.544342,-1.980087,-0.513626
150517.945425,0.458969,-1.615616,-0.438278
150517.955484,0.362030,-1.230988,-0.400009
150517.965603,0.196167,-0.865677,-0.340607
150517.976127,-0.012924,-0.570023,-0.261185
150517.989315,-0.177383,-0.197235,-0.094101
150517.997498,-0.248230,-0.082123,-0.004761
150518.008021,-0.201355,0.027435,-0.105713
150518.018594,-0.218842,0.201141,0.575897
150518.028610,-0.364807,0.437332,0.564285
150518.039831,-0.651703,0.471725,0.405701
150518.050282,0.033600,0.268631,0.379700
150518.060752,0.014221,0.138077,0.115234
150518.071391,0.097717,0.088196,-0.268433
150518.081335,0.021591,0.052963,-0.195419
150518.092453,1.828979,-0.116562,0.257980
150518.102488,0.903214,-0.160965,0.495773
150518.113774,0.294159,-0.012787,0.500931
150518.124266,0.514297,-0.147110,0.249695
150518.135476,0.474564,-0.387909,0.365402
150518.146586,0.435989,-0.759613,0.066711
150518.156946,-0.102448,-1.136475,-1.411774
150518.167821,0.243683,-1.259521,-0.174026
150518.178708,0.723984,-1.192444,0.567245
150518.188605,0.483444,-0.779205,0.562515
150518.199775,-0.263672,-0.545944,-0.184189
150518.209885,-0.014023,-0.745575,0.034576
150518.221099,0.483795,-0.802307,0.500824
150518.232031,1.230011,-1.150604,0.231888
150518.241873,1.632080,-1.971085,-0.014145
150518.252813,1.340637,-1.963745,-0.601425
150518.263138,0.861084,-1.797958,-0.211884
150518.274362,0.492477,-1.973572,-0.223587
150518.285010,0.322250,-1.980164,-0.697540
150518.295665,0.312393,-1.970108,-1.172760
150518.306857,0.189743,-1.979584,-0.835876
150518.317141,0.099930,-1.965027,-0.270523
150518.325671,0.023407,-1.959290,-0.328751
150518.338611,0.002762,-1.866531,-0.658051
150518.349845,-0.089844,-1.596893,-0.271271
150518.360518,-0.013641,-1.140900,0.050095
150518.370826,0.024673,-1.039474,0.184692
150518.381931,0.175156,-0.852753,-0.095734
150518.392855,0.233948,-0.665573,-0.065628
150518.402752,0.418533,-0.497375,-0.047562
150518.413755,0.565125,-0.393005,0.041916
150518.424079,0.668106,-0.429886,-0.201355
150518.435332,0.572144,-0.307373,-0.295364
150518.446222,0.409805,-0.191299,-0.237778
150518.456287,0.165787,-0.081055,-0.205154
150518.467284,-0.058899,0.002945,-0.164200
150518.477708,-0.219009,-0.002319,-0.144913
150518.488152,-0.268829,-0.018875,-0.053650
150518.498148,-0.196060,-0.054688,-0.054337
150518.508964,-0.250946,-0.041428,0.146057
150518.520002,-0.458206,0.294403,0.220490
150518.530113,-0.494781,0.118469,0.232147
150518.540955,-0.287430,-0.031067,0.178787
150518.551640,-0.279282,-0.146667,0.059753
150518.561753,-0.162216,-0.243179,0.009399
150518.572341,0.063278,-0.372879,0.319534
150518.582524,0.327301,-0.581787,0.390198
150518.593617,0.264267,-1.205734,0.887573
150518.603969,0.086166,-0.965805,0.720154
150518.614219,1.145203,-1.656189,0.526794
150518.625157,1.070206,-1.991638,0.466599
150518.635067,0.968155,-1.986313,0.133133
150518.646168,0.550262,-1.990814,-0.010834
150518.656510,0.176285,-2.007584,0.452621
150518.667178,0.385971,-2.002502,0.393982
150518.677929,0.601273,-1.993256,0.146057
150518.687979,0.799957,-1.987518,0.046967
150518.699102,0.739548,-1.979324,0.070679
150518.709206,0.727097,-1.985703,-0.099106
150518.720037,0.801498,-1.982452,-0.186676
150518.730424,0.773880,-1.974426,-0.583069
150518.741172,0.631714,-1.977066,-0.580444
150518.751807,0.606079,-1.798630,-0.442215
150518.761960,0.443710,-1.318100,-0.372269
150518.772997,0.172302,-1.050095,-0.333084
150518.783523,-0.128357,-1.006714,-0.103821
150518.794604,-0.229797,-0.309860,-0.221100
150518.805286,-0.403442,-0.081207,-0.087906
150518.815502,0.067947,0.295959,0.365601
150518.826030,-0.116714,0.591995,0.674881
150518.836481,-0.571411,0.538742,0.539597
150518.848140,-0.319702,0.359299,0.184799
150518.858790,0.050797,0.248825,0.269775
150518.869001,0.068100,0.178436,0.238586
150518.879730,0.167572,-0.004990,-0.149139
150518.890302,0.174942,-0.061447,-0.290482
150518.901719,0.000198,-0.040771,0.009491
150518.912415,1.459229,-0.645798,0.911789
150518.922574,0.882416,-0.041870,-0.148560
150518.933823,0.357407,-0.354553,0.533615
150518.944177,0.318893,-0.289062,0.047775
150518.954983,-0.008835,-0.498672,-0.029709
150518.965110,-0.117676,-0.823624,-1.060318
150518.975355,0.144211,-1.229355,-0.478333
150518.986454,0.445740,-1.186478,0.964340
150518.996780,0.889816,-0.272720,1.313828
150519.007753,0.478485,-0.514969,-0.179031
150519.018151,0.890793,-1.643112,-0.839539
150519.028602,0.811478,-1.377899,0.172531
150519.039752,1.025269,-1.842667,0.276627
150519.050288,1.087311,-1.844055,-0.379196
150519.060832,0.528946,-1.810669,-0.583725
150519.071665,0.546371,-1.980637,-0.486008
150519.081980,0.330383,-1.981995,-0.605820
150519.091707,0.312408,-1.981461,-0.645294
150519.103463,0.211075,-1.984375,-0.595261
150519.114039,0.167786,-1.990555,-0.344955
150519.124424,0.243530,-1.796051,-0.367935
150519.134489,0.205078,-1.805573,-0.139389
150519.145497,0.034668,-1.669693,-0.326950
150519.155641,0.018600,-1.407166,-0.272614
150519.166649,0.034302,-1.077011,-0.017380
150519.177190,0.127701,-0.948746,0.053848
150519.188391,0.195999,-0.712952,-0.123016
150519.199518,0.204819,-0.490921,-0.118851
150519.209978,0.271286,-0.394897,-0.208237
150519.220377,0.547913,-0.340149,-0.157120
150519.231191,0.752899,-0.271423,-0.268539
150519.241140,0.563171,-0.128159,-0.271530
150519.252273,0.321762,-0.092621,-0.127167
150519.262352,0.012970,-0.092422,0.012253
150519.273188,-0.135666,-0.079727,0.069458
150519.283703,-0.351379,-0.120590,0.013824
150519.294264,-0.509415,-0.333786,0.291687
150519.304948,-0.359024,-0.138748,-0.101990
150519.315174,-0.251724,-0.000107,-0.140961
150519.325461,-0.054443,0.222717,0.121979
150519.335906,-0.071732,0.180481,0.342911
150519.347078,-0.051651,0.020096,0.224823
150519.357833,-0.087448,-0.088043,0.359360
150519.367777,0.141708,-0.352020,0.915955
150519.379222,0.299606,-0.637604,0.960968
150519.389647,0.151428,-1.219452,0.794327
150519.401028,1.874863,-1.968475,0.069244
150519.412007,0.903397,-1.986252,0.075790
150519.422197,0.742737,-1.993729,0.287384
150519.432933,0.939911,-1.993393,0.437714
150519.443488,0.344223,-1.992111,-0.123688
150519.453985,0.158417,-2.008240,0.468353
150519.464561,0.190613,-2.000793,0.149979
150519.475075,0.336044,-1.989700,-0.243011
150519.485627,0.384109,-1.992599,-0.067398
150519.496791,0.710098,-1.984985,-0.146469
150519.507811,0.334381,-1.993591,-0.063583
150519.518578,0.401184,-1.983170,-0.491287
150519.528791,0.522476,-1.980682,-0.504807
150519.539974,0.412674,-1.881378,-0.348862
150519.550656,0.393341,-1.115845,-0.408127
150519.561971,0.259766,-0.727570,-0.343201
150519.572141,0.054779,-0.434433,-0.189865
150519.582365,-0.034424,-0.291351,-0.143326
150519.593539,-0.186157,-0.089127,-0.173477
150519.604136,-0.265244,0.012085,-0.081512
150519.615436,-0.117081,-0.007233,0.123444
150519.626015,0.544785,0.744781,0.766556
150519.635899,-0.364090,0.444992,0.390854
150519.646886,-0.451050,0.319016,0.491333
150519.657425,0.067291,0.253494,0.476059
150519.669010,0.071671,0.104141,0.331558
150519.679595,-0.052948,0.018875,0.099533
150519.689755,-0.093246,0.000793,0.041824
150519.700522,1.182358,-0.173203,-0.291046
150519.711122,1.162292,-0.271835,-0.313110
150519.722251,0.192627,-0.697830,-0.010269
150519.733285,0.422760,-0.541428,0.049057
150519.743794,0.390991,-0.536407,0.015564
150519.754988,0.012680,-0.380463,-0.415558
150519.765454,-0.237473,-0.385696,-0.247498
150519.776244,0.472244,-0.573578,1.085083
150519.786909,1.504227,-0.455475,1.374939
150519.796908,1.054779,-0.846573,0.677505
150519.808123,1.007736,-1.662277,-0.805206
150519.818505,1.028107,-1.966034,-0.757935
150519.829030,1.247498,-1.647644,-0.011383
150519.839732,1.059448,-1.971252,-0.489700
150519.848014,0.799026,-1.949463,-0.267792
150519.861018,0.193314,-1.720352,-0.021072
150519.871537,0.334946,-1.906143,-0.626755
150519.882394,0.283417,-1.980362,-0.721283
150519.893135,0.237305,-1.977020,-0.914642
150519.903280,0.222488,-1.975754,-0.894928
150519.914379,0.140320,-1.825546,-0.447739
150519.924609,0.060501,-1.702988,-0.440125
150519.935982,0.053131,-1.892548,-0.133820
150519.946778,0.119751,-1.684250,-0.351776
150519.956847,0.098923,-1.519455,-0.166534
150519.966920,-0.107422,-1.278030,-0.110062
150519.977557,0.042130,-1.261673,-0.063034
150519.987995,0.131714,-0.746857,-0.101257
150519.998848,0.220001,-0.608780,0.236465
150520.008743,0.298279,-0.445877,-0.088043
150520.019864,0.513260,-0.414948,-0.253601
150520.029962,0.595581,-0.355484,-0.448349
150520.041207,0.534760,-0.122437,-0.152115
150520.052090,0.003265,-0.073013,-0.080994
150520.062028,-0.159973,-0.042587,-0.041168
150520.073147,-0.279938,-0.014511,-0.174911
150520.083583,-0.475433,-0.246872,0.416077
150520.094497,-0.454315,-0.098709,0.001297
150520.104943,-0.266708,-0.058990,-0.050629
150520.116158,-0.259689,0.174835,0.356232
150520.126677,-0.274460,0.134293,0.364136
150520.136761,-0.301010,0.085968,0.088745
150520.148016,-0.137527,-0.067825,0.014496
150520.158593,-0.107147,-0.096390,0.095749
150520.169776,-0.019699,-0.145020,0.111588
150520.180543,0.069839,-0.190231,0.152145
150520.190608,0.281296,-0.279572,0.437546
150520.201862,0.335129,-1.119293,1.065308
150520.212820,0.964325,-0.464386,-0.302185
150520.222704,1.640320,-1.985184,0.647415
150520.233876,-0.021423,-2.013199,0.546799
150520.243933,0.414520,-2.010101,0.770660
150520.254653,0.341904,-1.999619,0.222321
150520.265092,0.306396,-2.003693,0.381958
150520.275697,0.559418,-1.992844,0.091721
150520.286356,0.723785,-1.982117,-0.267685
150520.296655,0.847275,-1.982269,-0.156982
150520.307317,0.709335,-1.987640,-0.023270
150520.317753,0.749283,-1.977722,-0.451004
150520.328127,0.708359,-1.976654,-0.534927
150520.338626,0.537048,-1.727341,-0.450607
150520.348913,0.451172,-1.520676,-0.403580
150520.359935,0.260223,-1.250320,-0.405594
150520.370440,0.060699,-0.971909,-0.334442
150520.380524,-0.140991,-0.713394,-0.159225
150520.391454,-0.242676,-0.459641,-0.087463
150520.401368,-0.314072,-0.181381,-0.037766
150520.412548,-0.340973,-0.041992,-0.084915
150520.422861,-0.043823,0.218857,0.446442
150520.433595,-0.191193,0.524673,0.468979
150520.444030,-0.476608,0.520950,0.446640
150520.455283,-0.187119,0.327744,0.217850
150520.465894,-0.056122,0.245682,0.052490
150520.476595,0.106171,0.133682,-0.058258
150520.487162,0.135117,0.016953,-0.197998
150520.497601,0.032761,0.003448,-0.065353
150520.507894,0.007996,0.042053,0.028183
150520.518582,0.188629,-0.093887,0.319321
150520.528522,2.017441,-0.367401,0.714157
150520.539730,0.521042,0.011627,-0.033615
150520.550272,0.263062,-0.243759,0.394928
150520.561293,0.282150,-0.320160,-0.082214
150520.571964,-0.156296,-0.847397,-0.351730
150520.582116,-0.349228,-0.794495,-0.882553
150520.593321,-0.056717,-0.839417,0.905273
150520.603734,1.370789,-0.483810,1.532837
150520.614786,1.041840,-0.963974,0.487350
150520.625486,0.796112,-1.628983,-1.076126
150520.635614,0.958679,-1.708084,-0.536118
150520.646346,1.424225,-1.558044,-0.072052
150520.656903,1.099258,-1.970932,-0.470871
150520.666358,0.648224,-1.983704,-0.258026
150520.678180,0.240646,-1.757584,-0.249664
150520.688312,0.326920,-1.987976,-0.330765
150520.699710,0.167358,-1.985703,-0.570724
150520.710251,0.096436,-1.983261,-0.744415
150520.720950,0.057755,-1.985016,-0.695206
150520.731639,0.156296,-1.897446,-0.590408
150520.741745,0.111481,-1.858871,-0.150665
150520.752764,0.182968,-1.841843,-0.335587
150520.762598,0.225708,-1.743866,-0.400299
150520.773825,0.255402,-1.639236,-0.148254
150520.784165,0.229401,-1.195496,-0.070984
150520.794683,0.238419,-1.130722,0.196823
150520.804816,0.252914,-0.848648,-0.039261
150520.815601,0.318436,-0.621429,-0.046692
150520.825932,0.472076,-0.397675,-0.182281
150520.836891,0.642975,-0.351028,-0.206497
150520.848078,0.638306,-0.199509,-0.208923
150520.859191,0.145264,-0.149445,-0.269897
150520.869585,-0.134567,-0.091537,-0.199066
150520.880951,-0.171570,-0.070648,-0.064514
150520.891552,-0.246689,-0.119568,0.145264
150520.901584,-0.465500,-0.219482,0.150406
150520.912802,-0.433273,-0.130295,-0.058517
150520.923127,-0.276672,-0.098907,-0.112747
150520.934489,-0.028534,0.146286,0.014725
150520.945171,-0.079239,0.279526,0.459610
150520.955219,-0.428070,0.205826,0.319107
150520.966277,-0.107788,0.010986,0.102188
150520.976371,-0.083221,-0.088226,0.053589
150520.986903,-0.075226,-0.134460,0.073242
150520.997501,0.131134,-0.274887,0.367325
150521.008719,0.290497,-0.497803,0.455200
150521.019886,0.140640,-1.511826,1.013428
150521.030304,0.281006,-0.554245,-0.519653
150521.040729,1.022034,-1.998611,0.749451
150521.051312,0.846588,-1.996872,0.520294
150521.061355,1.219894,-1.994873,0.743027
150521.072451,0.468262,-1.998215,0.264038
150521.082572,0.246399,-2.011993,0.717026
150521.093342,0.408630,-1.999680,0.281647
150521.103790,0.693130,-1.984604,-0.178055
150521.114153,0.704163,-1.985596,-0.122818
150521.125176,0.702332,-1.987411,-0.040054
150521.135154,0.745529,-1.980209,-0.338638
150521.146425,0.598114,-1.980103,-0.467163
150521.156826,0.468933,-1.886597,-0.468216
150521.167651,0.213623,-1.386963,-0.365433
150521.178671,0.038834,-1.011353,-0.382751
150521.189127,-0.053131,-0.822418,-0.244415
150521.200426,-0.094345,-0.675476,-0.109909
150521.210909,-0.175140,-0.351074,-0.259399
150521.221510,-0.374481,-0.103882,-0.237320
150521.232157,-0.303329,-0.001984,-0.096725
150521.242368,0.140457,0.261017,-0.175583
150521.253497,0.021942,0.613907,0.682571
150521.263999,-0.542038,0.545486,0.296173
150521.274983,-0.656357,0.449997,0.320358
150521.285671,-0.058060,0.323975,0.184494
150521.295611,-0.015854,0.110474,0.235870
150521.307005,0.219543,0.012192,-0.178223
150521.317341,0.133652,0.024445,-0.046921
150521.328518,0.019485,0.057785,0.124237
150521.339221,1.285706,0.007019,0.145325
150521.349431,1.279556,-0.323975,0.572647
150521.360295,0.523193,-0.334869,-0.149155
150521.370750,0.067368,-0.868546,-0.134766
150521.382034,-0.269501,-1.004150,-0.977997
150521.392369,0.148727,-1.474838,-0.108185
150521.402300,0.710236,-1.149002,1.081131
150521.413673,0.529327,-0.472885,1.179276
150521.424021,0.325867,-0.496750,-0.154251
150521.435387,0.699707,-0.833069,-0.386185
150521.446368,1.040390,-1.161758,-0.000549
150521.456387,1.424774,-1.816711,-0.410446
150521.467601,1.246719,-1.971771,-0.307861
150521.478439,0.629944,-1.979614,-0.463135
150521.489601,0.195358,-1.986877,-0.492783
150521.499665,0.163635,-1.988541,-0.442581
150521.509897,0.081665,-1.985260,-0.663620
150521.520964,0.087555,-1.974319,-0.802429
150521.531326,0.000320,-1.882172,-0.706772
150521.541243,0.183212,-1.707413,-0.630341
150521.552209,0.165680,-1.812622,0.063538
150521.562680,0.147202,-1.753540,-0.289200
150521.573885,0.302414,-1.503738,0.001907
150521.584107,0.174072,-1.358917,-0.112335
150521.594661,0.295044,-1.057617,-0.061752
150521.605377,0.247345,-0.837524,0.030014
150521.615732,0.247757,-0.586700,0.006210
150521.626645,0.314850,-0.369278,-0.090179
150521.637135,0.620544,-0.332031,-0.199188
150521.647474,0.594986,-0.304123,-0.335693
150521.658411,0.378983,-0.176117,-0.379547
150521.668295,0.110291,-0.119385,-0.198242
150521.679178,-0.067139,-0.060669,-0.122284
150521.689261,-0.148819,-0.037659,0.011230
150521.700023,-0.143570,-0.019943,-0.034698
150521.710541,-0.370224,-0.173767,0.515625
150521.721130,-0.335556,-0.080826,0.042404
150521.731767,-0.163193,-0.064423,0.060883
150521.741911,-0.153229,0.441116,0.476028
150521.753013,-0.364700,0.181900,0.439026
150521.763480,-0.087585,0.064667,0.168579
150521.774698,-0.057953,-0.024551,0.068909
150521.785379,0.005585,-0.121628,0.091461
150521.795754,0.156570,-0.259293,0.481140
150521.806672,0.109909,-0.541748,0.980530
150521.817220,0.315186,-0.635956,0.807144
150521.828238,-0.041611,-0.980164,0.598251
150521.838887,0.534607,-1.904282,0.136124
150521.849099,1.221176,-1.975571,-0.152145
150521.859960,1.338806,-1.976929,0.009811
150521.870400,1.309784,-1.703369,0.359314
150521.881698,-0.089981,-1.858475,0.387482
150521.891812,0.093384,-1.993759,-0.259369
150521.902683,0.302765,-1.985168,-0.481674
150521.913558,0.167511,-1.987457,-0.488892
150521.924026,0.266510,-1.991806,-0.203735
150521.933291,0.448761,-1.980515,-0.574005
150521.945467,0.536255,-1.978897,-0.575760
150521.955595,0.555786,-1.922699,-0.398849
150521.966690,0.479401,-1.543671,-0.446457
150521.977428,0.414749,-1.182892,-0.409653
150521.988062,0.373856,-0.959534,-0.418381
150521.998890,0.213470,-0.768234,-0.219955
150522.008680,-0.059097,-0.620285,-0.009979
150522.019509,-0.205399,-0.487289,-0.043640
150522.030020,-0.278839,-0.251877,-0.049194
150522.041027,-0.309647,-0.068787,-0.041077
150522.051887,0.110001,0.329895,0.186935
150522.062354,-0.182266,0.377228,0.557327
150522.073577,-0.262589,0.159760,0.100388
150522.084080,-0.008865,0.680038,0.082352
150522.095909,0.005692,0.105911,0.148010
150522.106585,-0.056000,0.024475,0.017776
150522.116706,1.509720,-0.295609,0.130875
150522.127427,0.303375,-0.098694,0.139938
150522.138029,0.194061,-0.266144,0.421890
150522.149035,0.452911,-0.100510,0.350281
150522.160059,0.596252,-0.274979,0.354416
150522.170342,0.472137,-0.333145,0.090454
150522.181208,0.025986,-0.610672,-0.248230
150522.191661,-0.261993,-0.699112,-1.015305
150522.201677,0.168518,-1.173492,0.036896
150522.212850,0.641571,-1.229279,0.937119
150522.223019,0.859100,-0.552505,0.976868
150522.234143,0.401199,-0.472473,-0.037155
150522.244603,0.696045,-1.309723,-0.503754
150522.254959,0.878616,-1.035385,0.215103
150522.265804,1.259247,-1.259781,0.149521
150522.276173,1.301331,-1.969910,-0.348145
150522.287032,0.650406,-1.974457,-0.685913
150522.297439,0.331009,-1.947784,-0.649429
150522.308019,0.257065,-1.986267,-0.468964
150522.318916,0.115707,-1.986969,-0.555069
150522.328966,0.051773,-1.984955,-0.703110
150522.340186,0.038177,-1.970474,-0.704773
150522.350626,0.188324,-1.796310,-0.174728
150522.361552,0.063660,-1.834335,-0.422440
150522.372495,0.065292,-1.604019,-0.581833
150522.382480,0.135910,-1.362335,-0.257507
150522.393765,0.065781,-1.154953,0.132797
150522.404198,0.169418,-1.050308,0.127533
150522.415552,0.253403,-0.863724,-0.110611
150522.426442,0.320358,-0.579422,-0.042740
150522.436276,0.468338,-0.376572,0.151596
150522.447533,0.606735,-0.304367,0.002625
150522.457743,0.651413,-0.209732,-0.041443
150522.467819,0.553284,-0.132614,-0.208527
150522.478570,0.308258,-0.097321,-0.328522
150522.491040,0.013794,-0.078186,-0.194534
150522.500574,-0.183884,-0.084946,-0.092484
150522.510803,-0.273758,-0.112442,-0.027206
150522.521868,-0.476578,-0.381775,0.322205
150522.532743,-0.417374,-0.175766,-0.067444
150522.542646,-0.247086,-0.162308,-0.049042
150522.553792,-0.110306,-0.098083,0.034561
150522.564124,-0.047195,0.105820,0.062088
150522.575341,-0.277298,0.073730,0.131897
150522.586317,-0.346283,-0.065079,-0.016418
150522.596222,-0.268616,-0.252411,0.075058
150522.606888,0.000320,-0.465088,0.597412
150522.617096,0.342316,-0.863663,0.915375
150522.628398,0.324478,-1.246872,0.668777
150522.638902,0.265244,-1.593796,0.656677
150522.650180,0.472321,-2.010422,0.834885
150522.661230,1.273712,-1.984161,0.290619
150522.671639,1.168228,-1.984985,0.240097
150522.682443,0.508011,-2.008514,0.775803
150522.693304,0.447784,-2.003296,0.482864
150522.703385,0.613937,-1.990112,0.011002
150522.714526,0.642456,-1.933807,-0.218414
150522.724880,0.746918,-1.995865,0.389908
150522.735993,0.590836,-1.987854,-0.114212
150522.745997,0.719528,-1.978973,-0.417572
150522.756248,0.643219,-1.983368,-0.277756
150522.766972,0.559601,-1.937790,-0.330139
150522.777342,0.427231,-1.627838,-0.305481
150522.788527,0.244812,-1.290009,-0.254623
150522.799013,0.148651,-0.995895,-0.326935
150522.809700,0.020660,-0.759445,-0.291153
150522.820363,-0.123596,-0.226120,-0.206116
150522.830467,-0.311676,-0.052643,-0.202469
150522.841675,-0.211792,-0.006119,-0.007889
150522.852146,0.282669,0.716187,0.738724
150522.863131,-0.443268,0.632950,0.494675
150522.873834,-0.700806,0.542679,0.428955
150522.883998,-0.106491,0.368088,0.320557
150522.895162,0.083267,0.232635,0.277359
150522.905650,0.018799,0.029007,0.097916
150522.916724,-0.018143,-0.019272,0.039536
150522.927407,0.235901,-0.059006,-0.169968
150522.937542,0.478790,-0.155563,0.022583
150522.948190,1.787598,-0.528183,0.403244
150522.958465,0.397079,-0.265396,0.104691
150522.968629,0.300415,-0.354202,-0.029694
150522.979592,0.138138,-0.400711,-0.141556
150522.989490,-0.253937,-0.465729,-0.585739
150523.000720,-0.113068,-0.852020,-0.100220
150523.011161,0.482498,-1.152527,1.052979
150523.022285,0.640839,-0.780273,1.563004
150523.033209,0.523102,-0.958252,0.056381
150523.043461,0.514206,-1.558365,-1.143112
150523.054530,0.722305,-1.250061,-0.028870
150523.064991,1.233383,-1.276810,-0.125107
150523.076053,0.868362,-1.942627,-0.435181
150523.086987,0.384888,-1.738541,-0.377182
150523.097482,0.417801,-1.907166,-0.464859
150523.108693,0.248856,-1.983719,-0.594177
150523.117690,0.176865,-1.980392,-0.809280
150523.130102,0.040604,-1.982498,-0.826370
150523.140795,-0.003098,-1.983841,-0.800842
150523.151279,-0.025711,-1.942841,-0.225876
150523.161957,-0.009933,-1.807922,-0.257263
150523.172107,0.120163,-1.659729,-0.400543
150523.183099,0.082932,-1.376160,-0.251038
150523.194171,-0.019867,-1.240662,-0.000549
150523.204354,0.144485,-1.090927,0.040726
150523.215363,0.257996,-0.884872,-0.077560
150523.225725,0.273285,-0.649384,0.032440
150523.236761,0.363861,-0.496002,-0.066360
150523.247798,0.446152,-0.384567,0.095139
150523.257952,0.514069,-0.437088,-0.132782
150523.269259,0.599640,-0.410782,-0.329285
150523.279617,0.497833,-0.328415,-0.426224
150523.290663,-0.106537,-0.138092,-0.102448
150523.301174,-0.212280,-0.123001,0.016006
150523.311393,-0.333481,-0.196747,0.296188
150523.322799,-0.333084,-0.155991,0.084076
150523.333248,-0.220474,-0.087723,0.005997
150523.344955,-0.105316,-0.057144,0.090759
150523.355620,-0.017685,0.259766,0.202820
150523.365829,-0.145142,0.359772,0.446533
150523.376960,-0.378357,0.160690,0.322113
150523.387453,-0.371124,-0.025833,0.046570
150523.398463,-0.037674,-0.189331,0.065140
150523.409144,0.119202,-0.342941,0.565948
150523.419353,0.149857,-0.548706,0.702316
150523.430179,0.337967,-0.941879,0.638367
150523.440679,0.231171,-0.936829,0.404495
150523.452063,0.859085,-1.689117,0.044098
150523.462565,0.525909,-1.996979,0.255295
150523.473173,0.922134,-1.995117,0.502731
150523.484035,0.109894,-2.000168,0.052185
150523.493883,0.093674,-2.008118,0.408066
150523.505051,0.353928,-1.989304,-0.245926
150523.515412,0.605804,-1.988235,-0.083618
150523.525747,0.849014,-1.979187,-0.298965
150523.536974,0.793747,-1.984833,-0.083160
150523.546924,0.749451,-1.979660,-0.360306
150523.559061,0.792892,-1.975235,-0.529785
150523.569717,0.609207,-1.974365,-0.451218
150523.579596,0.456711,-1.543625,-0.377457
150523.590853,0.351486,-1.124084,-0.378815
150523.601297,0.170181,-0.830978,-0.293488
150523.612600,-0.114456,-0.685226,-0.127930
150523.623282,-0.209641,-0.575287,-0.182800
150523.633429,-0.295746,-0.290894,-0.113266
150523.644627,-0.412186,-0.131104,0.042068
150523.655124,-0.032959,0.265701,0.414001
150523.665056,-0.439651,0.090714,0.251343
150523.675342,-0.056686,0.637787,0.414673
150523.685221,-0.276138,0.710297,0.676315
150523.696438,0.099487,0.462921,0.404037
150523.706871,0.111694,0.264145,0.245575
150523.717549,0.005005,-0.006165,0.040848
150523.727757,0.030930,-0.086685,-0.012222
150523.737911,0.180374,-0.225189,0.143661
150523.749059,0.201324,-0.270264,0.165344
150523.759132,1.286285,-0.391434,0.260376
150523.769525,0.780396,-0.394699,0.302719
150523.780033,0.613297,-0.416321,0.030624
150523.791111,0.372467,-0.717438,0.143524
150523.801248,0.115219,-0.548111,-0.490265
150523.811230,-0.139191,-0.823151,0.353119
150523.822149,1.171722,-0.789841,1.273834
150523.832547,0.398590,-0.391525,1.059555
150523.843429,0.362854,-0.831024,-0.356232
150523.854441,0.832581,-1.512344,-1.013199
150523.864557,0.913239,-1.313370,0.167297
150523.875820,1.107468,-1.649506,-0.359863
150523.886231,0.858780,-1.976990,-0.392593
150523.894739,0.316727,-1.985306,-0.462891
150523.907533,0.028381,-1.990875,-0.447815
150523.917792,0.108719,-1.986893,-0.564941
150523.928888,0.077621,-1.984451,-0.704041
150523.939060,0.031586,-1.982010,-0.856964
150523.949676,0.028778,-1.983902,-0.771194
150523.960003,0.033752,-1.911575,-0.584091
150523.970289,0.125061,-1.954010,-0.261353
150523.981156,0.100037,-1.848572,-0.457214
150523.991376,0.115768,-1.629745,-0.434372
150524.002230,0.080643,-1.489197,-0.179672
150524.012659,-0.028381,-1.279343,0.108032
150524.023101,0.168106,-0.816910,-0.040649
150524.033823,0.230240,-0.621277,0.053726
150524.043954,0.350800,-0.426147,0.084122
150524.054793,0.609406,-0.409866,0.000198
150524.065378,0.812500,-0.318344,-0.264587
150524.076501,0.708008,-0.225967,-0.329727
150524.086768,0.530075,-0.142548,-0.265991
150524.096837,0.155869,-0.081802,-0.178558
150524.108035,-0.129715,-0.027298,0.000656
150524.118604,-0.184479,-0.026581,-0.033951
150524.130066,-0.461121,-0.181854,0.405762
150524.140774,-0.446182,-0.080948,-0.090958
150524.150763,-0.162094,0.043243,-0.035248
150524.161528,-0.328217,0.199127,0.577606
150524.171811,-0.199951,0.119614,0.065063
150524.183134,-0.174850,0.007614,-0.070602
150524.193942,-0.211533,-0.097366,0.097504
150524.203976,-0.270508,-0.147049,-0.006317
150524.215106,-0.201599,-0.202438,0.218384
150524.225771,0.249420,-0.402039,0.695038
150524.237163,0.252304,-1.017166,1.248016
150524.247856,0.382721,-1.019608,0.518280
150524.258026,0.417206,-1.668915,0.457962
150524.268657,1.382263,-1.972809,-0.144852
150524.279359,1.454178,-1.986328,0.543457
150524.289951,1.017929,-1.997177,0.679443
150524.300764,0.219437,-2.011337,0.663727
150524.310962,0.327209,-2.002548,0.346512
150524.322192,0.546158,-1.989594,-0.070938
150524.332720,0.525208,-2.000198,0.404175
150524.343534,0.666687,-1.989563,0.029877
150524.354264,0.844528,-1.973541,-0.565140
150524.365170,0.769104,-1.976562,-0.487442
150524.375627,0.658066,-1.933868,-0.338745
150524.386143,0.480286,-1.571762,-0.231079
150524.397737,0.231415,-1.315399,-0.222702
150524.408427,-0.022247,-1.087372,-0.309662
150524.418570,-0.127991,-0.833908,-0.272476
150524.429204,-0.222183,-0.563995,-0.127319
150524.439952,-0.341949,-0.284134,0.033737
150524.450993,-0.314331,-0.102112,-0.040878
150524.461601,0.096939,0.241959,-0.326050
150524.471969,-0.007477,0.567886,0.433868
150524.483239,-0.405716,0.549530,0.314270
150524.493028,-0.325974,0.511246,0.343155
150524.503449,-0.016342,0.464371,0.147369
150524.514345,0.157562,0.327866,0.140610
150524.524597,0.119308,0.098648,0.354233
150524.535639,-0.028809,0.030823,0.109711
150524.546158,0.392303,-0.020782,0.047226
150524.557203,2.019592,-0.212692,0.205811
150524.568002,-0.070190,-0.526855,-0.089661
150524.578252,0.283508,-0.619247,-0.132523
150524.588726,0.174377,-0.616699,-0.069550
150524.599160,0.003601,-0.605789,-0.084442
150524.610406,0.191071,-0.662842,0.270676
150524.621169,0.519409,-0.834763,0.721100
150524.631198,0.198517,-0.863998,0.219681
150524.642448,-0.070648,-0.758545,-0.681915
150524.652903,0.020233,-0.743805,-0.201019
150524.663998,0.421860,-0.699509,0.261398
150524.675055,1.870270,-1.064041,-0.070587
150524.685019,1.672379,-1.965073,-0.259506
150524.696430,1.184845,-1.970276,-0.429260
150524.706786,0.473984,-1.984253,-0.379715
150524.717502,0.136917,-1.990479,-0.374603
150524.728043,0.230850,-1.982712,-0.656342
150524.738109,0.179779,-1.979645,-0.841812
150524.749327,0.191223,-1.823944,-0.796768
150524.759776,0.135437,-1.860428,-0.511688
150524.771011,0.134064,-1.779861,-0.576874
150524.781852,0.347137,-1.942947,-0.178772
150524.791625,0.230301,-1.918686,-0.632187
150524.802710,0.186615,-1.377182,-0.115723
150524.813111,0.047455,-1.156723,-0.028046
150524.824162,0.089081,-0.970444,-0.106506
150524.835153,0.185654,-0.645798,-0.071182
150524.845114,0.342636,-0.282196,-0.069366
150524.856368,0.452621,-0.212997,-0.011353
150524.866884,0.541458,-0.120743,-0.270401
150524.878135,0.607803,-0.042694,-0.251709
150524.888817,0.597321,0.006500,-0.092758
150524.899150,0.129944,-0.013763,-0.000473
150524.910099,-0.032974,-0.009430,-0.021423
150524.920559,-0.245895,-0.079834,0.116592
150524.930700,-0.317352,-0.272964,0.671249
150524.941614,-0.371933,-0.169678,0.187241
150524.951640,-0.393005,0.138733,-0.214005
150524.962373,-0.568283,0.118820,0.244827
150524.972528,-0.151367,0.165726,0.008011
150524.982996,-0.075455,0.085632,0.068466
150524.993501,-0.048615,0.048843,-0.017136
150525.004904,-0.029175,-0.013611,-0.051086
150525.015533,-0.015915,-0.095505,-0.005615
150525.025904,-0.085480,-0.172577,0.291306
150525.036479,0.030487,-0.450272,1.024918
150525.047105,0.156296,-0.777863,0.906143
150525.057940,0.035721,-1.838058,0.407928
150525.068619,1.170959,-1.982117,0.108978
150525.078614,1.171478,-1.988144,0.388962
150525.089820,1.512070,-1.987808,0.660904
150525.100240,0.652130,-2.005310,0.748550
150525.110834,0.424377,-2.008865,0.721390
150525.120400,0.460602,-1.990524,-0.099747
150525.131653,0.550156,-1.989700,-0.062073
150525.142705,0.403442,-1.997223,0.163315
150525.153073,0.441956,-1.993622,0.028351
150525.161669,0.773010,-1.987030,0.001526
150525.173715,0.828400,-1.982742,-0.151108
150525.183656,0.768463,-1.980606,-0.300125
150525.194724,0.650711,-1.772461,-0.302460
150525.205164,0.630615,-1.501938,-0.350510
150525.216326,0.422852,-1.224396,-0.382965
150525.227220,0.219681,-0.876007,-0.386169
150525.237129,0.107742,-0.651764,-0.178009
150525.248276,-0.132202,-0.532669,-0.189529
150525.258552,-0.293961,-0.286163,-0.240402
150525.269811,-0.474091,-0.074615,-0.181610
150525.280688,-0.029739,0.220337,-0.337646
150525.290592,-0.000534,0.805054,0.777679
150525.301743,-0.806519,0.732819,0.637314
150525.312129,-1.053940,0.651474,0.573792
150525.323375,-0.333466,0.213196,0.328354
150525.334309,0.042923,-0.023041,0.266418
150525.344226,0.281189,-0.083374,-0.136917
150525.355401,0.127090,-0.056320,0.021210
150525.365707,0.223297,-0.199478,-0.015442
150525.376901,2.008316,-0.759811,0.448624
150525.387680,0.387390,-0.490784,-0.243774
150525.397538,0.274017,-0.698044,-0.476654
150525.408661,-0.198074,-0.694138,-0.511017
150525.418750,-0.463760,-0.620438,-0.480255
150525.429976,-0.220825,-0.722931,0.216187
150525.440468,0.461288,-0.668198,1.518860
150525.451675,1.082489,-0.212875,1.967606
150525.462433,0.834290,-0.654770,0.256363
150525.473142,0.963715,-1.834946,-1.450439
150525.483815,1.013443,-1.655853,-0.553543
150525.495426,1.143311,-1.488403,-0.546463
150525.504956,1.142502,-1.956268,-0.388596
150525.515385,0.529404,-1.932068,-0.121933
150525.525696,0.184113,-1.746704,-0.302780
150525.535756,0.169708,-1.978836,-0.478851
150525.546666,0.092728,-1.986450,-0.599503
150525.557642,0.026642,-1.982178,-0.853027
150525.568321,-0.027100,-1.982574,-0.879776
150525.578525,-0.033279,-1.944397,-0.478455
150525.588937,0.045181,-1.777542,-0.350143
150525.599401,-0.004623,-1.736847,0.079742
150525.610472,0.082718,-1.741562,-0.354172
150525.621279,0.052841,-1.319626,-0.040695
150525.631394,0.224411,-1.023636,0.025665
150525.642376,0.317947,-0.821793,-0.096695
150525.652917,0.525772,-0.626938,-0.161819
150525.663949,0.584839,-0.384567,-0.105789
150525.674999,0.749039,-0.290909,-0.048035
150525.684885,0.670242,-0.207565,-0.079834
150525.696102,0.647705,-0.075867,-0.311584
150525.706859,0.225281,-0.031128,-0.293655
150525.717957,-0.100998,-0.015930,-0.140045
150525.728982,-0.206055,-0.013168,-0.038605
150525.739271,-0.183426,-0.023224,-0.052582
150525.750232,-0.202789,-0.068283,0.162323
150525.760652,-0.408554,-0.185364,0.385071
150525.771610,-0.384064,-0.058426,-0.085373
150525.782311,0.013992,0.242401,-0.099319
150525.792501,-0.404160,0.223862,0.590851
150525.803369,-0.282089,0.083679,0.120300
150525.813770,-0.117844,-0.065308,-0.085007
150525.825311,-0.090790,-0.276703,0.264252
150525.835999,0.284225,-0.487503,0.652695
150525.846485,0.133774,-1.168365,1.266968
150525.857763,0.019241,-1.009262,0.547394
150525.868311,0.614822,-2.000031,0.472412
150525.876896,1.391830,-1.979630,0.179504
150525.889834,1.635376,-1.985611,0.663162
150525.900277,1.013367,-1.990952,0.386612
150525.910882,0.321625,-2.006973,0.546646
150525.920975,0.323074,-2.000900,0.266647
150525.931667,0.449890,-1.993362,0.023422
150525.942111,0.518616,-1.993378,0.081772
150525.952255,0.615616,-1.997818,0.369873
150525.962765,0.565033,-1.989075,-0.078796
150525.973320,0.637726,-1.977615,-0.549881
150525.984057,0.751251,-1.977295,-0.468765
150525.994202,0.649048,-1.800125,-0.336639
150526.004581,0.532669,-1.530777,-0.319794
150526.015216,0.262070,-1.126419,-0.345520
150526.025641,0.065887,-0.827988,-0.293625
150526.036710,-0.119354,-0.768585,-0.166382
150526.046878,-0.218048,-0.589630,-0.250214
150526.057362,-0.358246,-0.235306,-0.158463
150526.067954,-0.387482,-0.027008,-0.138916
150526.078207,0.096924,0.263901,-0.119370
150526.088802,-0.084137,0.652054,0.864746
150526.099405,-0.794708,0.687164,0.587952
150526.110819,-0.086639,0.412369,0.323578
150526.121511,0.085938,0.354736,0.285110
150526.131678,0.044052,0.040726,0.164337
150526.142479,-0.010239,-0.050003,-0.115021
150526.152975,0.266724,-0.147720,-0.202545
150526.163620,0.314102,-0.335815,0.126572
150526.174597,0.979401,-0.531738,0.386749
150526.184502,1.101013,-0.270081,-0.174118
150526.195029,0.601349,-0.572418,0.186768
150526.205595,0.214813,-0.551605,-0.379669
150526.216600,-0.146805,-0.720612,-0.873550
150526.227657,0.178848,-0.993896,0.241287
150526.237851,1.085297,-1.106628,0.837250
150526.248727,0.517136,-0.594147,1.760391
150526.259176,0.285721,-0.748596,-0.526123
150526.270187,0.580154,-1.378159,-0.965225
150526.281263,0.809921,-0.954346,0.253342
150526.291446,1.048584,-1.213852,-0.254242
150526.302697,1.227127,-1.958450,-0.305618
150526.312996,0.860703,-1.976212,-0.427094
150526.323547,0.271835,-1.984512,-0.537949
150526.334561,0.207062,-1.983994,-0.616974
150526.344700,0.116684,-1.986984,-0.554077
150526.355721,0.060715,-1.942429,-0.672516
150526.366168,0.017395,-1.933289,-0.587570
150526.377014,0.065094,-1.789368,-0.647278
150526.387641,0.193359,-1.998001,0.021835
150526.397680,0.174484,-1.670593,-0.440125
150526.408252,0.104294,-1.716156,-0.291397
150526.418758,0.076202,-1.462265,-0.208649
150526.429775,0.070831,-1.254776,-0.176239
150526.440660,0.185867,-0.961426,-0.035095
150526.450564,0.278534,-0.589218,0.013138
150526.461420,0.572815,-0.403214,0.023926
150526.471273,0.678772,-0.281525,0.001312
150526.482408,0.673019,-0.250015,-0.195221
150526.492131,0.614563,-0.119934,-0.472458
150526.502909,0.198624,-0.063812,-0.342773
150526.513935,-0.088699,-0.045242,-0.129852
150526.524084,-0.095032,-0.035172,0.032104
150526.534921,-0.143280,-0.083664,0.245926
150526.545657,-0.387497,-0.122894,0.317520
150526.556954,-0.383835,-0.059875,0.027985
150526.567504,-0.135712,-0.035782,0.071457
150526.577791,-0.309723,0.266800,0.629501
150526.588663,-0.392151,0.165024,0.336990
150526.599008,-0.114288,0.042328,0.003265
150526.610483,0.010941,-0.091934,-0.011398
150526.621182,0.010941,-0.182541,-0.027298
150526.631261,0.000732,-0.195435,-0.027618
150526.641895,0.245316,-0.341232,0.502121
150526.652545,0.232330,-1.334808,1.178482
150526.663257,0.745667,-0.825760,0.493896
150526.674045,1.952271,-1.976700,0.517044
150526.683603,-0.272995,-2.017105,0.516602
150526.695097,0.117493,-2.018524,0.910934
150526.705456,0.229614,-2.002594,0.266434
150526.716047,0.200302,-1.997604,0.010010
150526.724598,0.539917,-1.997726,0.301682
150526.736764,0.626587,-1.986938,-0.125961
150526.748062,0.459579,-1.990234,-0.113541
150526.758416,0.784470,-1.992661,0.272675
150526.768852,0.757935,-1.985474,-0.083252
150526.779789,0.779297,-1.979294,-0.352356
150526.789711,0.820145,-1.979492,-0.308884
150526.800233,0.658859,-1.803497,-0.353455
150526.810431,0.520493,-1.541977,-0.309219
150526.821805,0.312927,-1.167068,-0.321701
150526.832338,0.148438,-0.872604,-0.286606
150526.843627,-0.042053,-0.690598,-0.135803
150526.854420,-0.153641,-0.517136,-0.157654
150526.864735,-0.283005,-0.246017,-0.188141
150526.875778,-0.388748,-0.095520,-0.046783
150526.886110,-0.017929,0.231308,-0.065125
150526.896306,-0.473969,0.043182,0.477036
150526.907466,-0.276001,0.459702,0.508743
150526.917520,-0.429611,0.274628,0.300980
150526.928866,0.077499,0.112915,0.201569
150526.939368,0.143448,0.042007,-0.264496
150526.950577,0.133270,0.037292,-0.325760
150526.961462,0.754349,-0.007950,0.029495
150526.971569,1.486450,-0.109344,0.361023
150526.982487,0.246017,0.117554,0.808670
150526.992698,0.465057,-0.061401,0.497192
150527.002655,0.386261,-0.237839,0.314423
150527.013652,0.265900,-0.320572,0.194901
150527.023796,-0.234695,-1.017960,-1.260345
150527.035046,0.165070,-1.655899,-0.358948
150527.045642,0.553223,-1.262726,0.872040
150527.056443,0.370850,-0.390854,1.504379
150527.067161,0.180618,-0.384644,-0.397583
150527.077305,1.023544,-1.302673,-0.781082
150527.088011,1.086990,-1.135574,0.140213
150527.098667,1.518066,-1.491211,-0.508270
150527.109378,1.099380,-1.972260,-0.408768
150527.119996,0.434113,-1.983780,-0.435013
150527.130173,0.274780,-1.984146,-0.552719
150527.141516,0.274750,-1.983780,-0.569473
150527.151884,0.148453,-1.985687,-0.587540
150527.163029,0.170044,-1.982162,-0.733398
150527.173677,0.189117,-1.983994,-0.631805
150527.183858,0.239502,-1.979309,-0.807175
150527.194824,0.182861,-1.988373,-0.296539
150527.206187,0.038010,-1.722122,-0.523453
150527.216736,-0.059723,-1.632355,-0.234543
150527.227666,0.024109,-1.335693,0.135437
150527.238047,0.168243,-0.958771,0.054672
150527.248867,0.320282,-0.691193,0.106522
150527.259286,0.427155,-0.576141,0.121246
150527.270783,0.544281,-0.510925,-0.129501
150527.281462,0.546112,-0.487366,-0.404129
150527.291728,0.667862,-0.414886,-0.443665
150527.302576,0.520432,-0.205246,-0.404587
150527.312991,0.278870,-0.089478,-0.217941
150527.324287,0.086517,-0.047073,0.011475
150527.335023,-0.010406,-0.025238,0.005859
150527.345121,-0.128586,-0.104080,0.344101
150527.355820,-0.104263,-0.065155,0.191193
150527.366413,-0.413589,-0.055374,0.429489
150527.377742,-1.177704,0.189072,-0.034866
150527.388443,-0.064285,0.139267,0.083542
150527.398904,0.090500,0.108643,0.274506
150527.409209,0.107300,0.059433,0.258606
150527.420007,0.087128,-0.035736,0.166595
150527.430647,0.105316,-0.102585,0.062500
150527.441440,0.089798,-0.130127,0.056900
150527.451633,0.170319,-0.257019,0.386536
150527.462719,0.108749,-0.653625,0.681076
150527.472980,0.753922,-0.890823,0.798187
150527.483419,1.111633,-1.515427,0.591125
150527.493728,0.223312,-1.998779,0.084015
150527.501592,0.155472,-2.008636,0.484131
150527.515118,0.619034,-2.002487,0.589752
150527.525551,0.353653,-1.997513,0.134613
150527.536114,0.515289,-2.000778,0.422882
150527.546957,0.669586,-1.988617,-0.011536
150527.556875,0.734238,-1.987930,0.010315
150527.567960,0.765900,-1.985336,-0.083237
150527.578081,0.690247,-1.985718,-0.129761
150527.589184,0.838165,-1.980392,-0.251648
150527.599211,0.830734,-1.975281,-0.495178
150527.609857,0.765900,-1.974258,-0.597885
150527.620501,0.522003,-1.777145,-0.466568
150527.630645,0.292557,-1.410141,-0.403305
150527.641481,0.113510,-1.003769,-0.400177
150527.651937,-0.121994,-0.707092,-0.163956
150527.662097,-0.232697,-0.502029,-0.108154
150527.673130,-0.361252,-0.189117,-0.172195
150527.683359,-0.351349,-0.018021,-0.072540
150527.694695,-0.211746,0.636230,0.855255
150527.705186,-0.749374,0.606750,0.317871
150527.715740,-0.318832,0.552689,0.467407
150527.726504,0.105148,0.455490,0.344681
150527.736795,0.150314,0.296982,0.296722
150527.748085,0.121918,0.113968,0.053741
150527.758618,0.159195,-0.021042,-0.182068
150527.770108,0.038925,-0.045731,0.044952
150527.780823,0.115936,-0.071259,0.070145
150527.790978,0.372620,-0.312866,0.289978
150527.801747,1.434357,-0.426407,0.147430
150527.812136,0.568268,-0.524292,0.465988
150527.823855,0.235046,-0.500931,-0.264053
150527.834578,-0.171341,-0.970337,-0.966171
150527.844713,-0.239029,-0.835663,-0.557770
150527.855863,0.476440,-1.061829,0.605286
150527.866361,1.595673,-1.049957,1.360397
150527.877412,1.271118,-1.085114,1.039368
150527.888106,0.607376,-1.339157,-1.164520
150527.898194,0.246292,-1.088303,-0.221359
150527.908835,0.921829,-1.006607,-0.267441
150527.919517,1.036865,-1.986160,0.183578
150527.930034,0.427277,-1.975510,-0.460495
150527.941610,0.224548,-1.990311,-0.308334
150527.951786,0.230804,-1.982178,-0.681000
