414447.438878,-0.086975,-0.403458,-0.106689
414447.439026,0.024841,-0.456909,-0.160568
414447.457659,0.025223,-0.522537,-0.128250
414447.457800,-0.012375,-0.584991,-0.084976
414447.476549,-0.107285,-0.611877,-0.100784
414447.476681,-0.150803,-0.637863,-0.200058
414447.495160,-0.192139,-0.665085,-0.298813
414447.495244,-0.227570,-0.673279,-0.364090
414447.514334,-0.226608,-0.692917,-0.381165
414447.514468,-0.212616,-0.704422,-0.366119
414447.533150,-0.243149,-0.762207,-0.358490
414447.533282,-0.254135,-0.839661,-0.373642
414447.552032,-0.241135,-0.910416,-0.401077
414447.552171,-0.166931,-0.971863,-0.441544
414447.570918,-0.076263,-1.040131,-0.466446
414447.571049,-0.006851,-1.060013,-0.455887
414447.589752,0.060577,-1.084991,-0.482498
414447.589884,0.113434,-1.157043,-0.458572
414447.608685,0.073883,-1.237930,-0.398453
414447.608805,0.119339,-1.249649,-0.405685
414447.627430,0.105347,-1.091995,-0.449417
414447.627626,0.038132,-0.936203,-0.379196
414447.646392,-0.035645,-0.902664,-0.342880
414447.646527,-0.213394,-1.070175,-0.209885
414447.665300,-0.351929,-1.465866,0.011795
414447.665440,-0.243607,-1.713867,0.123276
414447.684170,-0.418884,-1.928772,0.009293
414447.684350,-0.508041,-1.999359,-0.051147
414447.703781,-0.406845,-1.720795,-0.092941
414447.703959,-0.298508,-1.293411,-0.166336
414447.721924,-0.179184,-0.954483,-0.139618
414447.722053,-0.168961,-0.809357,-0.076859
414447.740771,-0.154037,-0.776886,0.023132
414447.740900,-0.060760,-0.739349,0.118591
414447.759643,-0.023972,-0.748993,0.205383
414447.759766,0.007248,-0.811066,0.253815
414447.778551,0.010681,-0.932281,0.234634
414447.778675,-0.008240,-1.044647,0.198196
414447.797475,-0.049942,-1.134613,0.191635
414447.797617,-0.106155,-1.200104,0.190781
414447.816286,-0.177078,-1.214325,0.165100
414447.816418,-0.250931,-1.175415,0.120041
414447.835157,-0.275803,-1.097839,0.058701
414447.835327,-0.292328,-1.014801,-0.012100
414447.854042,-0.281982,-0.921356,-0.049515
414447.854168,-0.257950,-0.836563,-0.076050
414447.872913,-0.194168,-0.769775,-0.058533
414447.873031,-0.134628,-0.734680,-0.015854
414447.891846,-0.086548,-0.727631,0.032608
414447.891994,-0.053482,-0.748764,0.083221
414447.910620,-0.025787,-0.765579,0.159683
414447.910886,0.014114,-0.761826,0.223770
414447.929584,0.062500,-0.736496,0.251465
414447.929757,0.091568,-0.691833,0.232071
414447.948446,0.104080,-0.640930,0.178848
414447.948570,0.066513,-0.595306,0.146271
414447.967318,0.003494,-0.563904,0.137955
414447.967439,-0.026230,-0.562088,0.107697
414447.986245,-0.038269,-0.575760,0.066071
414447.986372,-0.031387,-0.599365,0.047073
414448.005120,-0.026001,-0.627823,0.058411
414448.005244,0.001251,-0.642929,0.086716
414448.023931,0.051270,-0.650894,0.093430
414448.024051,0.135437,-0.676865,0.053513
414448.042596,0.199921,-0.719574,0.044510
414448.042755,0.255219,-0.769974,0.075760
414448.062232,0.300949,-0.838135,0.072983
414448.062349,0.294937,-0.909698,0.077179
414448.080548,0.260620,-0.993240,0.053040
414448.080666,0.217331,-1.050140,0.024185
414448.099437,0.182755,-1.059296,0.014648
414448.099554,0.170837,-1.055695,-0.052872
414448.118313,0.172653,-1.072556,-0.135437
414448.118474,0.154739,-1.103165,-0.156067
414448.137193,0.140472,-1.150482,-0.111404
414448.137312,0.146301,-1.215103,-0.035812
414448.156070,0.147812,-1.270157,0.028503
414448.156188,0.137283,-1.325272,0.055374
414448.174936,0.104187,-1.360291,0.233536
414448.175053,0.082550,-1.339645,0.514359
414448.193828,0.064102,-1.320328,0.625153
414448.193943,0.102341,-1.348038,0.512817
414448.212683,0.099075,-1.442657,0.435654
414448.212811,-0.007828,-1.569687,0.552277
414448.231535,-0.108414,-1.714111,0.706833
414448.231655,-0.284775,-1.829697,0.785522
414448.250527,-0.490723,-1.796204,0.885864
414448.250702,-0.405090,-1.608109,0.823288
414448.269389,-0.225113,-1.359680,0.631577
414448.269511,-0.197952,-1.126923,0.461990
414448.288252,-0.262161,-0.982742,0.355331
414448.288370,-0.239868,-0.935471,0.296082
414448.307137,-0.151886,-0.981110,0.245209
414448.307254,-0.116608,-1.044586,0.270950
414448.326033,-0.077026,-1.133865,0.311401
414448.326195,0.021210,-1.238403,0.260651
414448.344901,0.129501,-1.299423,0.195068
414448.345021,0.189133,-1.297089,0.162506
414448.363775,0.211288,-1.248383,0.152374
414448.363894,0.195023,-1.159988,0.160233
414448.382658,0.130005,-1.029755,0.128098
414448.382776,0.086792,-0.877197,0.050415
414448.401256,0.061310,-0.746414,-0.057144
414448.401376,0.043884,-0.646606,-0.110397
414448.420706,0.008057,-0.583374,-0.087021
414448.420839,-0.046570,-0.568085,-0.024399
414448.439338,-0.085480,-0.592209,0.003174
414448.439491,-0.082520,-0.643005,0.009125
414448.458161,-0.059738,-0.666779,-0.005814
414448.458324,-0.042343,-0.657761,-0.019379
414448.477027,-0.019119,-0.618912,-0.039032
414448.477152,-0.015106,-0.618622,-0.060760
414448.495889,-0.010010,-0.649612,-0.033569
414448.496008,-0.173187,-1.279495,0.105560
414448.514735,0.248505,-0.255295,0.194962
414448.514853,-0.057159,-0.463272,-0.145538
414448.533602,0.018875,-0.546356,-0.216248
414448.533767,0.018219,-0.588806,-0.176620
414448.552491,0.005753,-0.604477,-0.183029
414448.552609,-0.038757,-0.577118,-0.241806
414448.571374,-0.049805,-0.555847,-0.236282
414448.571494,-0.074860,-0.608353,-0.244003
414448.590095,-0.117523,-0.661346,-0.244278
414448.590214,-0.130142,-0.736267,-0.239151
414448.609116,-0.186264,-0.747818,-0.217575
414448.609257,-0.260422,-0.800247,-0.229553
414448.627919,-0.267654,-0.835632,-0.244461
414448.628037,-0.242859,-0.841934,-0.282669
414448.646817,-0.221054,-0.850464,-0.301544
414448.646937,-0.178986,-0.903625,-0.328323
414448.665669,-0.144577,-0.995453,-0.366074
414448.665826,-0.117950,-1.105972,-0.408798
414448.684541,-0.075104,-1.177505,-0.433807
414448.684658,-0.092194,-1.185379,-0.433701
414448.703356,-0.031677,-1.108627,-0.442596
414448.703472,-0.055374,-0.972580,-0.481277
414448.722300,-0.136230,-0.863174,-0.460220
414448.722425,-0.238312,-0.831604,-0.290680
414448.741145,-0.470505,-1.171692,0.096176
414448.741313,-0.441864,-1.597443,0.379257
414448.759717,-0.372391,-1.868668,0.189423
414448.759839,-0.476868,-2.145645,0.033997
414448.779113,-0.455032,-2.194946,0.058151
414448.779286,-0.257294,-1.778366,0.059464
414448.779807,-0.085358,-1.199585,0.000092
414448.797722,-0.085358,-1.199585,0.000092
414448.797870,0.056656,-0.816162,-0.010681
414448.816573,0.044708,-0.708572,0.050690
414448.816690,0.086273,-0.649429,0.148178
414448.835442,0.141144,-0.598831,0.168091
414448.835559,0.068314,-0.619232,0.135071
414448.854316,0.010544,-0.751312,0.098602
414448.854435,-0.050186,-0.954742,0.078812
414448.873168,-0.090836,-1.165543,0.119263
414448.873322,-0.119980,-1.348907,0.139252
414448.892014,-0.208588,-1.439087,0.129639
414448.892130,-0.223267,-1.415268,0.089203
414448.910840,-0.212646,-1.304108,0.072067
414448.910924,-0.137054,-1.125229,0.072937
414448.929613,-0.051804,-0.956833,0.081726
414448.929731,0.009140,-0.809769,0.075424
414448.948462,0.069229,-0.670120,0.055954
414448.948626,0.063538,-0.587311,0.053146
414448.967510,0.028900,-0.540527,0.081436
414448.967658,0.004700,-0.528534,0.116425
414448.986337,-0.036179,-0.543777,0.142776
414448.986458,-0.086182,-0.560715,0.170044
414449.005185,-0.135498,-0.625153,0.174393
414449.005305,-0.136108,-0.677383,0.218918
414449.024043,-0.136490,-0.713379,0.261932
414449.024161,-0.116241,-0.696243,0.217102
414449.042937,-0.145370,-0.630798,0.237106
414449.043056,-0.146835,-0.566711,0.228958
414449.061758,-0.129684,-0.540955,0.172882
414449.061877,-0.086975,-0.535797,0.138977
414449.080668,-0.047241,-0.562653,0.120728
414449.080826,-0.010986,-0.606705,0.126907
414449.099523,0.009262,-0.657059,0.174255
414449.099642,0.062637,-0.683823,0.201797
414449.118282,0.135254,-0.711304,0.129807
414449.118401,0.215378,-0.741333,0.066620
414449.137508,0.293289,-0.770828,0.110245
414449.137626,0.367325,-0.814880,0.119385
414449.156119,0.419724,-0.882401,0.089783
414449.156305,0.434189,-0.976883,0.094131
414449.174998,0.435959,-1.075287,0.104996
414449.175117,0.427963,-1.136063,0.106445
414449.193870,0.424591,-1.151138,0.071259
414449.193987,0.410126,-1.160339,0.009842
414449.212790,0.398804,-1.211472,-0.035400
414449.212925,0.400314,-1.303787,-0.049713
414449.231693,0.386597,-1.387878,-0.021637
414449.231833,0.352402,-1.431320,0.032379
414449.250485,0.307632,-1.418243,0.079666
414449.250609,0.278534,-1.368454,0.231888
414449.269346,0.228592,-1.307831,0.494644
414449.269469,0.125473,-1.293945,0.650009
414449.288303,-0.002365,-1.373093,0.691406
414449.288464,-0.088547,-1.514191,0.660858
414449.306997,-0.207535,-1.696915,0.613708
414449.307116,-0.384171,-1.818619,0.759369
414449.326236,-0.726044,-1.903290,0.924316
414449.326389,-0.674927,-1.829697,0.897491
414449.344827,-0.351212,-1.599670,0.789719
414449.344950,-0.206436,-1.317047,0.629486
414449.363679,-0.255692,-1.086884,0.444901
414449.363836,-0.222351,-0.957581,0.299408
414449.382442,-0.118912,-0.924973,0.204102
414449.382563,-0.057617,-0.937057,0.206512
414449.401403,-0.051041,-0.996674,0.289444
414449.401521,-0.054886,-1.074097,0.321777
414449.420373,-0.042633,-1.150970,0.255707
414449.420521,-0.008362,-1.204178,0.169769
414449.439152,0.031647,-1.212311,0.133163
414449.439279,0.023285,-1.199448,0.134293
414449.458005,0.001801,-1.114975,0.144821
414449.458124,-0.002106,-1.016220,0.091171
414449.476643,0.000381,-0.900604,0.009720
414449.476767,-0.030304,-0.765732,-0.059280
414449.495785,-0.048950,-0.647659,-0.088104
414449.495943,-0.052551,-0.593323,-0.054703
414449.514607,-0.045837,-0.597916,-0.028519
414449.514757,-0.032700,-0.643723,-0.017868
414449.533458,-0.000381,-0.687149,-0.000961
414449.533576,0.058563,-0.716354,-0.006622
414449.552319,0.096939,-0.685928,-0.014191
414449.552441,0.121368,-0.619156,-0.016998
414449.571179,0.105621,-0.556427,-0.043320
414449.571337,0.069122,-0.523712,-0.027740
414449.590037,-0.150146,-1.068832,0.039062
414449.590154,0.265366,-0.080154,0.135544
414449.608891,-0.046280,-0.327148,-0.171478
414449.609011,0.029953,-0.445404,-0.221390
414449.627735,0.022980,-0.541275,-0.173691
414449.627851,-0.026657,-0.607529,-0.147858
414449.646677,-0.057999,-0.633682,-0.163467
414449.646792,-0.095886,-0.639908,-0.228241
414449.665412,-0.072601,-0.632431,-0.287445
414449.665530,-0.160233,-0.661804,-0.332565
414449.684595,-0.232727,-0.712708,-0.313004
414449.684714,-0.342651,-0.777130,-0.285156
414449.703153,-0.379272,-0.846085,-0.249680
414449.703308,-0.365723,-0.889435,-0.271545
414449.722074,-0.324005,-0.914886,-0.340347
414449.722206,-0.257492,-0.947739,-0.372604
414449.740903,-0.195663,-1.017258,-0.366196
414449.741026,-0.152863,-1.089752,-0.343582
414449.759757,-0.113342,-1.135620,-0.348602
414449.759878,-0.052902,-1.118408,-0.360397
414449.778583,0.009888,-0.982697,-0.334656
414449.778743,-0.153717,-0.963715,-0.194656
414449.797427,-0.322418,-1.323486,0.052429
414449.797544,-0.231842,-1.667816,-0.007385
414449.816278,-0.226776,-1.871063,-0.242722
414449.816396,-0.431442,-1.942734,-0.204086
414449.834869,-0.504852,-1.860107,0.046463
414449.834989,-0.370850,-1.522430,0.147079
414449.854342,-0.182449,-1.150696,0.030106
414449.854461,-0.069382,-0.918472,-0.023499
414449.872870,-0.012268,-0.841980,0.045990
414449.872989,0.064148,-0.770065,0.161575
414449.891733,0.086090,-0.744904,0.217178
414449.891850,0.077164,-0.792923,0.189804
414449.910603,0.045731,-0.894043,0.144699
414449.910761,0.006256,-1.029648,0.125717
414449.929536,-0.040558,-1.155060,0.146744
414449.929689,-0.066208,-1.239548,0.126846
414449.948309,-0.109009,-1.261154,0.111404
414449.948430,-0.153854,-1.234955,0.107117
414449.967164,-0.184616,-1.168854,0.112198
414449.967283,-0.189026,-1.070175,0.096207
414449.986024,-0.164658,-0.961853,0.057175
414449.986194,-0.133636,-0.855774,0.034592
414450.004772,-0.095856,-0.761047,0.066055
414450.004892,-0.116470,-0.690918,0.123032
414450.023598,-0.074661,-0.643951,0.165070
414450.023716,-0.050125,-0.626572,0.199203
414450.042658,-0.025452,-0.627106,0.220657
414450.042801,-0.025864,-0.650803,0.247543
414450.061469,-0.012695,-0.656647,0.248856
414450.061588,-0.009659,-0.673920,0.238632
414450.080336,-0.000916,-0.685150,0.172485
414450.080453,-0.011002,-0.676743,0.130386
414450.099197,-0.030914,-0.636124,0.143875
414450.099318,-0.040970,-0.591309,0.143524
414450.118059,-0.020889,-0.556229,0.109177
414450.118216,-0.014145,-0.562180,0.104111
414450.136935,-0.008224,-0.597443,0.137161
414450.137053,0.029770,-0.643921,0.143127
414450.155822,0.088654,-0.694778,0.143127
414450.155940,0.156616,-0.746277,0.161011
414450.174583,0.226685,-0.803955,0.140808
414450.174702,0.273270,-0.853622,0.071075
414450.193317,0.284119,-0.867920,0.027664
414450.193479,0.300323,-0.881622,0.045151
414450.212734,0.317108,-0.915482,0.032120
414450.212851,0.308762,-0.954697,0.058975
414450.231342,0.284302,-1.004852,0.095993
414450.231481,0.236923,-1.061508,0.100082
414450.250146,0.196777,-1.141479,0.099136
414450.250269,0.139709,-1.248535,0.125687
414450.268991,0.110718,-1.358932,0.150482
414450.269111,0.095245,-1.432922,0.142395
414450.287863,0.080627,-1.467148,0.180679
414450.287982,0.092117,-1.441956,0.496201
414450.306751,0.122040,-1.390503,0.778122
414450.306871,0.176544,-1.387329,0.686890
414450.325575,0.187881,-1.498459,0.518463
414450.325733,0.000870,-1.661835,0.615952
414450.344442,-0.154663,-1.824722,0.684601
414450.344561,-0.517731,-1.936996,0.791229
414450.363185,-0.694244,-1.779221,0.991623
414450.363304,-0.448502,-1.433182,0.951080
414450.382010,-0.248047,-1.169327,0.652023
414450.382128,-0.205902,-0.995560,0.320801
414450.401080,-0.219772,-0.896332,0.207245
414450.401261,-0.135315,-0.886932,0.246719
414450.420019,-0.015625,-0.955170,0.240326
414450.420165,0.073669,-1.037506,0.196106
414450.438872,0.100555,-1.108810,0.180237
414450.439020,0.128189,-1.134232,0.200256
414450.457645,0.146744,-1.128723,0.208969
414450.457769,0.219467,-1.152847,0.140839
414450.476496,0.229691,-1.083435,0.057053
414450.476620,0.128372,-0.864288,0.036530
414450.495353,-0.002640,-0.673096,-0.018845
414450.495472,-0.066391,-0.562836,-0.034058
414450.514242,-0.057739,-0.543228,-0.019379
414450.514361,0.000488,-0.622345,-0.002502
414450.533095,0.040924,-0.723938,0.002274
414450.533258,0.039383,-0.778778,-0.012817
414450.551757,0.060287,-0.787628,-0.002869
414450.551878,0.057236,-0.792175,-0.028305
414450.571162,0.038727,-0.806274,-0.039185
414450.571279,0.026276,-0.864136,0.004990
414450.589714,0.033569,-1.040985,0.195328
414450.589830,0.082657,-0.349152,0.085327
414450.608572,-0.068893,-0.435852,-0.211609
414450.608733,0.011993,-0.426926,-0.248413
414450.627443,0.007614,-0.514191,-0.231247
414450.627562,-0.075287,-0.639496,-0.179703
414450.646306,-0.087494,-0.634827,-0.213760
414450.646424,-0.078110,-0.634033,-0.247177
414450.665183,-0.091949,-0.633835,-0.234100
414450.665305,-0.089096,-0.637070,-0.247986
414450.684049,-0.102951,-0.673447,-0.309143
414450.684167,-0.119431,-0.711411,-0.370560
414450.702935,-0.197540,-0.734085,-0.358170
414450.703055,-0.244766,-0.774963,-0.343582
414450.721688,-0.204575,-0.772003,-0.354019
414450.721812,-0.147537,-0.772446,-0.381699
414450.740511,-0.086273,-0.806595,-0.416901
414450.740671,-0.013412,-0.835785,-0.443954
414450.759577,-0.010666,-0.866287,-0.425552
414450.759724,0.003845,-0.907867,-0.422501
414450.778412,-0.019226,-0.960693,-0.435562
414450.778531,-0.058289,-1.029495,-0.433105
414450.797298,-0.056107,-1.026825,-0.412079
414450.797418,-0.075577,-0.961426,-0.291809
414450.816142,-0.257401,-0.945755,0.126846
414450.816309,-0.585724,-1.470551,0.099243
414450.835017,-0.463898,-2.135788,-0.249100
414450.835176,-0.166382,-1.940979,-0.444046
414450.853890,-0.391449,-1.474762,-0.395813
414450.854009,-0.558228,-1.156601,-0.240479
414450.872455,-0.569336,-1.011459,-0.193527
414450.872545,-0.529175,-0.815002,-0.197311
414450.891556,-0.456116,-0.730789,-0.067108
414450.891638,-0.390778,-0.730591,0.095123
414450.910376,-0.410049,-0.747131,0.169296
414450.910507,-0.396362,-0.731506,0.174988
414450.929410,-0.432022,-0.825134,0.183380
414450.929541,-0.351669,-1.033096,0.187088
414450.948266,-0.292221,-1.238419,0.178680
414450.948445,-0.236282,-1.303818,0.215073
414450.967149,-0.196518,-1.274094,0.216812
414450.967267,-0.199005,-1.183258,0.166626
414450.986016,-0.209381,-1.104187,0.095108
414450.986136,-0.209473,-1.041763,0.035690
414451.004872,-0.185715,-1.010483,-0.022568
414451.004993,-0.118835,-0.996140,-0.043594
414451.023728,-0.049835,-1.003677,0.005295
414451.023890,0.006851,-0.992981,0.119095
414451.042604,0.041183,-0.980118,0.211685
414451.042723,0.029480,-0.958008,0.237976
414451.061454,-0.051697,-0.925156,0.234909
414451.061572,-0.155426,-0.848846,0.232605
414451.080338,-0.219757,-0.763489,0.236679
414451.080454,-0.206955,-0.700256,0.225494
414451.099082,-0.175903,-0.694031,0.200531
414451.099202,-0.195450,-0.708527,0.199905
414451.118079,-0.174332,-0.771210,0.216263
414451.118223,-0.155594,-0.848877,0.221848
414451.136930,-0.169937,-0.899078,0.260162
414451.137050,-0.152359,-0.888489,0.280792
414451.155785,-0.164459,-0.834671,0.255737
414451.155941,-0.140228,-0.765411,0.168610
414451.174643,-0.106110,-0.737350,0.088196
414451.174764,-0.090897,-0.725555,0.097092
414451.193494,-0.079712,-0.729965,0.134811
414451.193612,-0.036346,-0.740814,0.147842
414451.212351,0.036392,-0.743805,0.121017
414451.212469,0.099823,-0.744003,0.071167
414451.231260,0.117355,-0.747513,0.025574
414451.231434,0.131241,-0.749756,-0.019714
414451.250095,0.138214,-0.771957,0.009644
414451.250216,0.137100,-0.813721,0.046097
414451.268793,0.130341,-0.831345,0.059250
414451.268913,0.104507,-0.837021,0.021683
414451.287886,0.115356,-0.850937,-0.090363
414451.288003,0.228104,-0.845291,-0.194122
414451.306693,0.258240,-0.821320,-0.198822
414451.306839,0.240234,-0.828461,-0.140778
414451.325546,0.280594,-0.896896,-0.132599
414451.325663,0.350113,-1.016006,-0.142975
414451.344405,0.444839,-1.130951,-0.090607
414451.344526,0.518707,-1.155853,-0.006943
414451.363268,0.577835,-1.127960,0.023010
414451.363426,0.627731,-1.101639,-0.032333
414451.382130,0.574417,-1.031876,-0.089005
414451.382247,0.336792,-0.976868,-0.100571
414451.400983,0.076355,-0.988770,-0.026749
414451.401100,-0.231567,-1.097397,0.205627
414451.419919,-0.586334,-1.185165,0.402237
414451.420060,-0.623688,-1.289246,0.352203
414451.438646,-0.460724,-1.335419,0.464386
414451.438823,-0.556885,-1.254715,0.635635
414451.457434,-0.631180,-1.139328,0.689713
414451.457555,-0.656982,-1.084763,0.592957
414451.476768,-0.641357,-1.094086,0.358017
414451.476888,-0.588745,-1.115967,0.194199
414451.495330,-0.439789,-1.165848,0.087372
414451.495449,-0.287827,-1.229752,0.061646
414451.514183,-0.187698,-1.236359,0.128387
414451.514300,-0.076263,-1.216614,0.190048
414451.533028,0.058197,-1.195847,0.186844
414451.533145,0.219498,-1.162506,0.113007
414451.551923,0.340149,-1.126236,0.086746
414451.552043,0.410843,-1.106018,0.116302
414451.570778,0.329987,-1.120102,0.172195
414451.570932,0.265350,-1.127075,0.148239
414451.589649,0.241180,-1.105331,0.130463
414451.589766,0.240784,-1.076889,0.095230
414451.608491,0.218338,-1.002563,0.013153
414451.608608,0.180161,-0.910904,-0.067612
414451.627118,0.127640,-0.819260,-0.130142
414451.627235,0.087845,-0.719421,-0.151062
414451.646480,0.034134,-0.646606,-0.164215
414451.646633,-0.001190,-0.622360,-0.176483
414451.665084,-0.039047,-0.634537,-0.185806
414451.665202,-0.075150,-0.618118,-0.191452
414451.683963,-0.078674,-0.603516,-0.200287
414451.684084,-0.064926,-0.600220,-0.179916
414451.702839,-0.023361,-0.608185,-0.167877
414451.702956,0.030655,-0.627441,-0.164276
414451.721702,0.038696,-0.653381,-0.164673
414451.721820,0.018616,-0.669235,-0.147217
414451.740601,-0.009872,-0.676788,-0.138382
414451.740730,-0.017334,-0.688110,-0.158218
414451.759428,-0.011108,-0.699692,-0.206787
414451.759551,-0.005676,-0.706833,-0.228485
414451.778270,0.014740,-0.712173,-0.232483
414451.778429,0.029587,-0.734421,-0.224777
414451.797143,0.036636,-0.764999,-0.201492
414451.797262,0.022308,-0.781891,-0.172989
414451.815880,-0.005920,-0.798111,-0.127228
414451.815997,-0.040115,-0.791336,-0.089386
414451.835163,-0.029984,-0.832779,-0.080963
414451.835280,0.028061,-0.935303,-0.072845
414451.853748,0.093048,-1.070679,-0.018723
414451.853905,0.089508,-1.303879,0.078934
414451.872527,0.055267,-1.618057,0.278610
414451.872646,-0.081482,-1.900452,0.434250
414451.891482,-0.268890,-2.168289,0.499832
414451.891638,-0.322052,-2.455429,0.458649
414451.900678,-0.172409,-2.100662,0.204803
414451.920557,-0.031723,-1.411667,-0.220428
414451.920692,0.195358,-0.840790,-0.388870
414451.938730,0.213165,-0.494598,-0.132751
414451.938875,0.138580,-0.413437,0.049637
414451.957555,0.047348,-0.559204,0.007065
414451.957717,-0.038422,-0.648972,-0.000809
414451.976373,-0.130051,-0.738464,0.069458
414451.976492,-0.292557,-0.810623,0.145782
414451.995220,-0.453018,-0.953308,0.174042
414451.995341,-0.514328,-1.200394,0.189941
414452.014078,-0.321121,-1.449783,0.221420
414452.014196,-0.189056,-1.536652,0.319504
414452.032945,-0.060196,-1.478485,0.332870
414452.033062,0.140945,-1.319717,0.305359
414452.051809,0.137314,-1.113297,0.247482
414452.051932,0.039795,-0.908981,0.231171
414452.070561,0.064636,-0.768082,0.185760
414452.070683,0.032562,-0.694962,0.145630
414452.089442,-0.065292,-0.688354,0.199142
414452.089593,-0.143127,-0.727814,0.243103
414452.108297,-0.155243,-0.806534,0.259186
414452.108438,-0.131912,-0.891479,0.262619
414452.127277,-0.111252,-0.933853,0.287735
414452.127396,-0.110825,-0.908463,0.318741
414452.146129,-0.074020,-0.881516,0.273300
414452.146247,-0.019836,-0.856445,0.230179
414452.164984,0.072235,-0.849060,0.182709
414452.165137,0.165161,-0.874939,0.162415
414452.183848,0.218338,-0.907333,0.209518
414452.183965,0.282028,-0.935104,0.179474
414452.204271,0.321198,-0.957443,0.154358
414452.204400,0.313721,-0.970947,0.181183
414452.221860,0.313004,-0.965393,0.190979
414452.221989,0.319672,-0.916977,0.191452
414452.240402,0.288254,-0.886810,0.141602
414452.240539,0.230103,-0.897385,0.101593
414452.259141,0.164917,-0.916946,0.140701
414452.259266,0.105713,-0.923309,0.131226
414452.279021,0.065201,-0.973969,0.021759
414452.279145,0.048325,-1.016174,0.074203
414452.297035,0.052017,-1.048462,0.070602
414452.297196,0.052246,-1.082092,0.013458
414452.315882,0.071655,-1.095596,-0.017410
414452.316002,0.097168,-1.079971,-0.048996
414452.334741,0.138016,-1.070221,-0.082184
414452.334857,0.170166,-1.056580,-0.092712
414452.353605,0.191971,-1.054886,-0.117706
414452.353725,0.172241,-1.069855,-0.121765
414452.372494,0.148438,-1.103989,-0.116028
414452.372663,0.149765,-1.166611,-0.094238
414452.391338,0.149780,-1.242523,-0.070953
414452.391459,0.155746,-1.320770,-0.057388
414452.410172,0.137131,-1.396362,-0.019333
414452.410298,0.104446,-1.407333,0.158081
414452.428724,0.056610,-1.347031,0.364395
414452.428809,0.109299,-1.261185,0.367386
414452.447900,0.154602,-1.310608,0.238510
414452.448022,0.029572,-1.459259,0.256775
414452.466731,-0.171722,-1.592361,0.328232
414452.466881,-0.330688,-1.641418,0.414093
414452.485678,-0.304886,-1.582886,0.494858
414452.485801,-0.236176,-1.414978,0.561661
414452.504532,-0.159531,-1.172989,0.510712
414452.504696,-0.081192,-0.972061,0.288483
414452.523403,-0.012573,-0.881775,0.095123
414452.523525,0.039612,-0.908905,0.087723
414452.542244,0.051727,-1.044159,0.232849
414452.542363,0.102341,-1.185989,0.306656
414452.561126,0.139908,-1.298477,0.253784
414452.561245,0.172058,-1.350662,0.226227
414452.580006,0.209061,-1.355209,0.225769
414452.580167,0.185562,-1.310074,0.216980
414452.598774,0.148376,-1.223068,0.222000
414452.598898,0.088928,-1.129959,0.179932
414452.617650,0.032257,-1.032394,0.138611
414452.617770,-0.037445,-0.923187,0.119171
414452.637365,-0.094650,-0.853149,0.100372
414452.637484,-0.107925,-0.832870,0.084366
414452.655475,-0.088593,-0.832947,0.073013
414452.655610,-0.058502,-0.857208,0.045410
414452.674364,-0.020584,-0.846176,0.014420
414452.674487,-0.000641,-0.861618,-0.015732
414452.693100,0.031021,-0.829971,-0.001572
414452.693227,0.040039,-0.768173,0.017700
414452.712097,0.017319,-0.679886,0.017975
414452.712256,0.001419,-0.593719,0.011642
414452.730977,-0.037231,-0.540115,-0.001373
414452.731101,-0.063263,-0.555618,0.002563
414452.749897,-0.074158,-0.618896,0.015518
414452.750035,-0.259537,-1.093445,0.020950
414452.768731,0.182159,-0.294144,0.072815
414452.768852,-0.065308,-0.555084,-0.156006
414452.787428,-0.011642,-0.668900,-0.197296
414452.787593,0.022705,-0.705139,-0.162552
414452.806280,0.004501,-0.741776,-0.149216
414452.806402,-0.006546,-0.744019,-0.177414
414452.825354,-0.057404,-0.725693,-0.218353
414452.825501,-0.125275,-0.727188,-0.255493
414452.844203,-0.142776,-0.738846,-0.249268
414452.844322,-0.177063,-0.757889,-0.287369
414452.863065,-0.172775,-0.753540,-0.299805
414452.863186,-0.153915,-0.768936,-0.277664
414452.881972,-0.098221,-0.790558,-0.259155
414452.882099,-0.046356,-0.821991,-0.268509
414452.900831,-0.031662,-0.856537,-0.289139
414452.900956,-0.032715,-0.902161,-0.315491
414452.919422,-0.054489,-0.863464,-0.370895
414452.919547,-0.070480,-0.751755,-0.368942
414452.938633,-0.122559,-0.710480,-0.233017
414452.938763,-0.241638,-1.025208,-0.019318
414452.957418,-0.292297,-1.556793,0.225143
414452.957539,-0.303024,-1.898621,0.075592
414452.976193,-0.466522,-2.210495,-0.126877
414452.976362,-0.480621,-2.020905,-0.121063
414452.995873,-0.334442,-1.500107,-0.027603
414452.996029,-0.055725,-1.031860,0.009445
414453.014086,0.025620,-0.847519,0.092438
414453.014208,0.041840,-0.856461,0.156113
414453.032944,0.090576,-0.870483,0.133041
414453.033064,0.080124,-0.835663,0.130951
414453.051829,-0.018295,-0.845963,0.133423
414453.051951,-0.079056,-0.937408,0.106171
414453.070697,-0.098328,-1.096191,0.085175
414453.070816,-0.134766,-1.264145,0.087753
414453.089574,-0.184937,-1.355484,0.093826
414453.089692,-0.192947,-1.381088,0.077164
414453.108455,-0.175446,-1.323120,0.036423
414453.108574,-0.161926,-1.195145,0.012955
414453.127322,-0.146194,-1.072159,0.004883
414453.127480,-0.046371,-0.949493,-0.007675
414453.146072,0.037735,-0.863678,0.013397
414453.146195,0.090668,-0.787811,0.025940
414453.164886,0.124329,-0.697327,0.046127
414453.165005,0.124771,-0.655212,0.036316
414453.183944,0.145966,-0.633667,0.078247
414453.184083,0.138443,-0.619186,0.125580
414453.202722,0.125916,-0.597702,0.170181
414453.202882,0.059784,-0.586029,0.207794
414453.221698,0.018005,-0.587372,0.196243
414453.221821,0.011932,-0.591461,0.154678
414453.240551,-0.024185,-0.598389,0.150253
414453.240670,-0.062424,-0.597290,0.173920
414453.259459,-0.094620,-0.617065,0.147079
414453.259589,-0.096146,-0.617798,0.129456
414453.278296,-0.084473,-0.637161,0.129303
414453.278415,-0.081787,-0.672684,0.142822
414453.297186,-0.078888,-0.715317,0.161438
414453.297309,-0.070358,-0.750183,0.198929
414453.315950,-0.019211,-0.771942,0.211792
414453.316071,0.060318,-0.814209,0.181381
414453.334619,0.135422,-0.853516,0.190033
414453.334773,0.187653,-0.873383,0.213409
414453.354142,0.225616,-0.905594,0.162155
414453.354260,0.255936,-0.936707,0.093750
414453.372714,0.266937,-0.956467,0.056702
414453.372834,0.263229,-0.969482,0.054977
414453.391506,0.244904,-0.992722,0.025314
414453.391624,0.199066,-1.013123,-0.009445
414453.410429,0.173553,-1.027161,-0.049942
414453.410617,0.177628,-1.056305,-0.092651
414453.429146,0.184067,-1.081879,-0.072540
414453.429299,0.192230,-1.105957,-0.029465
414453.448155,0.201416,-1.140945,-0.017868
414453.448276,0.177612,-1.179657,-0.021927
414453.466992,0.123550,-1.207932,0.052719
414453.467114,0.108093,-1.220428,0.255188
414453.485866,0.144348,-1.228165,0.444351
414453.485984,0.199036,-1.241806,0.538086
414453.504613,0.188568,-1.311661,0.518555
414453.504735,0.079788,-1.447540,0.460190
414453.523498,-0.037766,-1.607529,0.492218
414453.523616,-0.168793,-1.759598,0.622620
414453.542516,-0.310593,-1.821457,0.825897
414453.542692,-0.271149,-1.779327,0.886017
414453.561355,-0.091553,-1.610016,0.793350
414453.561472,-0.029633,-1.392609,0.644547
414453.580224,-0.105042,-1.212555,0.504562
414453.580343,-0.163132,-1.085876,0.462936
414453.599099,-0.182114,-0.998337,0.480545
414453.599217,-0.203903,-0.956757,0.485489
414453.617996,-0.212296,-0.988388,0.447830
414453.618153,-0.167923,-1.073883,0.403275
414453.636870,-0.127457,-1.158783,0.405121
414453.636990,-0.059631,-1.246414,0.390793
414453.655747,0.032761,-1.303528,0.309433
414453.655961,0.058716,-1.231293,0.200089
414453.674621,0.099930,-1.119827,0.110855
414453.674737,0.127335,-1.018448,0.081390
414453.693234,0.125137,-0.906006,0.064667
414453.693351,0.112213,-0.801437,0.036133
414453.712707,0.129669,-0.692841,0.019775
414453.712823,0.124084,-0.620667,-0.020142
414453.731244,0.105988,-0.580185,-0.022522
414453.731363,0.079178,-0.602325,-0.016113
414453.750119,0.036835,-0.633652,-0.020050
414453.750277,0.014984,-0.650452,-0.021912
414453.769031,0.032181,-0.668320,-0.025421
414453.769162,0.012390,-0.726227,-0.035049
414453.787873,0.047089,-0.750824,-0.003006
414453.787994,0.022476,-0.739243,-0.008331
414453.806759,0.023117,-0.748398,-0.028595
414453.806878,-0.009369,-0.717438,-0.062347
414453.825602,-0.026123,-0.999146,0.039444
414453.825766,0.014572,-0.353516,-0.011917
414453.844484,-0.036255,-0.490021,-0.195938
414453.844607,-0.018036,-0.566910,-0.182510
414453.863398,-0.047119,-0.602814,-0.171219
414453.863518,-0.031219,-0.598297,-0.189438
414453.882132,-0.083054,-0.631561,-0.208847
414453.882252,-0.113892,-0.613663,-0.218124
414453.901429,-0.179291,-0.632812,-0.249634
414453.901548,-0.205826,-0.657928,-0.267410
414453.920053,-0.208893,-0.666000,-0.275955
414453.920199,-0.227631,-0.677994,-0.299805
414453.938940,-0.189468,-0.698334,-0.363281
414453.939082,-0.116791,-0.740707,-0.407654
414453.957714,-0.037430,-0.788589,-0.423141
414453.957871,-0.019897,-0.842209,-0.420776
414453.976572,0.042236,-0.877106,-0.403931
414453.976693,0.043442,-0.944595,-0.412628
414453.995461,0.013489,-0.998962,-0.433334
414453.995580,-0.010345,-1.025894,-0.416367
414454.014335,-0.071381,-1.035233,-0.358658
414454.014453,-0.214630,-1.012054,-0.221695
414454.033215,-0.382645,-1.118469,-0.067413
414454.033382,-0.392075,-1.534012,-0.005035
414454.052057,-0.115570,-1.773483,-0.258133
414454.052178,-0.121841,-1.891998,-0.419571
414454.071080,-0.177582,-1.840622,-0.181534
414454.071197,-0.186752,-1.598282,0.087433
414454.089897,-0.099380,-1.303741,0.127899
414454.090014,0.027405,-1.106720,0.060440
414454.108744,0.074677,-1.077850,0.023636
414454.108861,0.105988,-1.077911,0.090820
414454.127620,0.110748,-1.060104,0.158524
414454.127736,0.077103,-1.080826,0.174667
414454.146528,0.032043,-1.090698,0.153076
414454.146648,-0.024521,-1.117432,0.131424
414454.165391,-0.109009,-1.122208,0.112488
414454.165546,-0.148560,-1.126923,0.106583
414454.184261,-0.141144,-1.140457,0.105667
414454.184378,-0.120346,-1.125977,0.061081
414454.203154,-0.098465,-1.095688,0.036301
414454.203273,-0.062347,-1.067245,0.047043
414454.221930,-0.027313,-1.047760,0.083710
414454.222044,-0.023361,-1.010513,0.072693
414454.240830,-0.026199,-0.955658,0.064072
414454.240998,-0.013412,-0.881607,0.074600
414454.260052,-0.012100,-0.822800,0.074554
414454.260182,-0.012024,-0.767899,0.093811
414454.278713,0.002396,-0.738068,0.137375
414454.278840,0.012421,-0.728287,0.142090
414454.297580,0.038055,-0.710129,0.146667
414454.297701,0.023590,-0.703278,0.153885
414454.316460,0.030746,-0.696045,0.164429
414454.316578,0.052750,-0.671051,0.178757
414454.335339,0.068375,-0.652893,0.172974
414454.335457,0.066986,-0.620758,0.157791
414454.354221,0.035934,-0.605804,0.122604
414454.354341,0.024872,-0.596970,0.116898
414454.373120,0.018951,-0.612381,0.101471
414454.373277,0.010025,-0.636810,0.074539
414454.391983,-0.016998,-0.662888,0.099548
414454.392102,-0.022812,-0.690292,0.123215
414454.410612,0.008530,-0.711441,0.104904
414454.410732,0.054184,-0.709991,0.112579
414454.429631,0.097931,-0.714249,0.108505
414454.429713,0.130630,-0.732101,0.092621
414454.448599,0.152802,-0.773605,0.101379
414454.448793,0.156296,-0.845688,0.096848
414454.467480,0.168350,-0.919479,0.076477
414454.467603,0.178711,-0.975845,0.053894
414454.486372,0.204651,-1.020523,0.017456
414454.486495,0.222076,-1.048492,-0.008759
414454.505245,0.246445,-1.073746,0.030029
414454.505367,0.278793,-1.097610,0.054749
414454.524110,0.319260,-1.133057,0.039185
414454.524228,0.335358,-1.166107,0.090164
414454.543014,0.300049,-1.234573,0.137848
414454.543138,0.240067,-1.353622,0.121399
414454.561899,0.174393,-1.478775,0.259567
414454.562019,0.139099,-1.529343,0.574341
414454.580654,0.163040,-1.492203,0.706207
414454.580810,0.170456,-1.460846,0.571564
414454.599480,0.113068,-1.497391,0.536255
414454.599603,-0.008011,-1.589951,0.599945
414454.619230,-0.145905,-1.696060,0.577271
414454.619350,-0.347229,-1.705215,0.655212
414454.637371,-0.355942,-1.563385,0.721954
414454.637490,-0.161194,-1.340378,0.631332
414454.656238,-0.031616,-1.120087,0.402847
414454.656399,-0.022537,-0.988495,0.205841
414454.675102,0.015915,-0.966599,0.154800
414454.675224,0.060181,-0.972107,0.249695
414454.693979,0.099304,-0.993973,0.333099
414454.694101,0.111328,-1.027664,0.277496
414454.712851,0.142044,-1.075287,0.194443
414454.712968,0.187897,-1.111633,0.168671
414454.731726,0.209763,-1.131058,0.160553
414454.731844,0.223709,-1.122864,0.158936
414454.750623,0.176651,-1.109985,0.150269
414454.750745,0.122314,-1.021332,0.158081
414454.769406,0.055496,-0.908722,0.119125
414454.769532,0.012772,-0.786194,0.038300
414454.788402,-0.036911,-0.707489,-0.025162
414454.788563,-0.086288,-0.709274,-0.017227
414454.807266,-0.110672,-0.767349,0.009995
414454.807412,-0.125992,-0.825562,0.016052
414454.826130,-0.156937,-0.862976,-0.008316
414454.826249,-0.222000,-0.877808,0.027847
414454.844987,-0.203659,-0.857574,0.073441
414454.845108,-0.190048,-0.774124,0.060959
414454.863897,-0.181610,-0.664429,0.020142
414454.864064,-0.132248,-0.599228,-0.029633
414454.882782,-0.067017,-0.569366,-0.053864
414454.882903,-0.028702,-0.572372,-0.078262
414454.901650,-0.101700,-1.028976,-0.040985
414454.901771,0.169312,-0.391098,-0.001465
414454.920617,0.039948,-0.567001,-0.180618
414454.920765,0.122421,-0.612854,-0.199280
414454.939194,0.118835,-0.614243,-0.159225
414454.939321,0.135803,-0.607208,-0.140045
414454.958038,0.089828,-0.604645,-0.154312
414454.958161,0.004562,-0.633087,-0.193542
414454.977656,-0.017166,-0.666214,-0.213470
414454.977776,-0.080490,-0.716248,-0.266663
414454.996056,-0.149338,-0.788681,-0.293976
414454.996210,-0.151108,-0.873642,-0.280228
414455.014927,-0.148499,-0.923889,-0.260391
414455.015044,-0.110626,-0.934189,-0.259842
414455.033812,-0.070694,-0.921600,-0.307693
414455.033930,-0.022995,-0.930130,-0.340805
414455.052686,-0.007187,-0.983673,-0.332565
414455.052803,0.027084,-1.054031,-0.305878
414455.071576,0.094727,-1.024765,-0.293671
414455.071733,0.107834,-0.819000,-0.297180
414455.090438,0.011261,-0.677216,-0.269928
414455.090557,-0.075760,-0.903122,-0.146469
414455.109327,-0.097443,-1.287338,0.021820
414455.109446,-0.125320,-1.450104,-0.094772
414455.128075,-0.310471,-1.804794,-0.139069
414455.128193,-0.342850,-2.124634,0.028122
414455.146955,-0.209244,-2.046249,0.168564
414455.147107,-0.007523,-1.564697,0.069901
414455.166303,-0.008865,-1.178055,-0.014511
414455.166424,-0.079346,-1.018784,0.025116
414455.184847,-0.043243,-0.933304,0.060257
414455.184969,-0.021820,-0.880524,0.103134
414455.203699,-0.011963,-0.874191,0.143753
414455.203857,-0.028366,-0.931580,0.164703
414455.222514,-0.058136,-0.986343,0.155975
414455.222634,-0.206711,-1.034775,0.127075
414455.241501,-0.213501,-1.101349,0.120728
414455.241632,-0.110474,-1.198059,0.142593
414455.260331,-0.160492,-1.258301,0.126419
414455.260451,-0.215897,-1.222641,0.106659
414455.279233,-0.195587,-1.129333,0.094727
414455.279410,-0.075577,-1.009872,0.066208
414455.297977,-0.061707,-0.926224,0.048401
414455.298101,-0.017120,-0.841736,0.014175
414455.316631,0.062378,-0.756180,0.006119
414455.316754,0.060791,-0.704147,0.071075
414455.336063,0.066422,-0.679443,0.086487
414455.336183,0.055191,-0.666061,0.084198
414455.354663,0.047852,-0.630722,0.111984
414455.354812,0.042999,-0.620209,0.141495
414455.373502,0.044952,-0.631058,0.119766
414455.373619,0.054260,-0.632889,0.139145
414455.392424,0.037079,-0.636307,0.131927
414455.392544,0.060074,-0.646774,0.161926
414455.411304,0.080093,-0.667679,0.181900
414455.411472,0.090881,-0.688278,0.174881
414455.430283,0.094040,-0.695541,0.168564
414455.430438,0.065536,-0.681580,0.191330
414455.449074,0.039078,-0.670486,0.171799
414455.449193,0.002151,-0.685013,0.112900
414455.467943,-0.009308,-0.712524,0.080582
414455.468060,-0.007538,-0.756363,0.088455
414455.486767,0.006149,-0.801590,0.126236
414455.486937,0.038544,-0.855301,0.136780
414455.505648,0.085236,-0.887909,0.146942
414455.505768,0.154770,-0.923599,0.143082
414455.524600,0.228271,-0.953140,0.094299
414455.524742,0.288040,-0.958359,0.075195
414455.543330,0.320587,-0.974915,0.077423
414455.543451,0.332336,-1.001724,0.067276
414455.562327,0.312576,-1.024338,0.065674
414455.562444,0.284042,-1.041046,0.050079
414455.581189,0.269302,-1.051605,0.001373
414455.581307,0.262451,-1.055237,0.000351
414455.600078,0.273483,-1.076508,-0.002502
414455.600197,0.283417,-1.087631,-0.031967
414455.618951,0.280502,-1.106979,-0.011200
414455.619108,0.265610,-1.141357,-0.003220
414455.637823,0.238861,-1.185242,-0.008011
414455.637941,0.197220,-1.212524,0.041031
414455.656701,0.156204,-1.207840,0.206650
414455.656820,0.149719,-1.185593,0.347092
414455.675365,0.188400,-1.164368,0.368607
414455.675482,0.249313,-1.166138,0.377869
414455.694533,0.216522,-1.245697,0.359863
414455.694687,0.056183,-1.387039,0.363205
414455.713306,-0.085052,-1.532959,0.482010
414455.713449,-0.341995,-1.631287,0.645142
414455.732199,-0.517242,-1.649963,0.719131
414455.732316,-0.369308,-1.545303,0.689087
414455.751079,-0.169907,-1.333206,0.642975
414455.751198,-0.157516,-1.128799,0.543411
414455.769957,-0.186966,-0.990097,0.378876
414455.770075,-0.146835,-0.931335,0.267914
414455.788823,-0.106216,-0.926498,0.256989
414455.788974,-0.104935,-0.928314,0.286072
414455.807740,-0.097931,-0.965378,0.244385
414455.807863,-0.025558,-1.030273,0.169708
414455.826600,0.070480,-1.095673,0.118927
414455.826755,0.168457,-1.174301,0.161987
414455.845449,0.229828,-1.232513,0.186432
414455.845568,0.257187,-1.256165,0.167603
414455.864253,0.228134,-1.223801,0.148071
414455.864375,0.154510,-1.142441,0.120087
414455.883462,0.087631,-1.018784,0.043457
414455.883581,0.030762,-0.925995,-0.056732
414455.902129,-0.000916,-0.860947,-0.082428
414455.902289,-0.023514,-0.855637,-0.041550
414455.921089,-0.035660,-0.895844,0.011902
414455.921236,-0.035507,-0.919357,0.027557
414455.939958,-0.034286,-0.945938,0.005844
414455.940087,-0.023499,-0.984482,-0.022614
414455.958773,-0.001953,-1.015167,-0.042221
414455.958892,-0.001480,-0.958237,-0.050568
414455.977647,-0.036667,-0.898102,-0.073624
414455.977767,-0.039581,-0.831375,-0.090820
414455.996514,-0.167221,-1.176483,-0.107803
414455.996633,0.195236,-0.554993,0.051651
414456.015396,-0.087814,-0.625656,-0.137772
414456.015516,0.004059,-0.693939,-0.162689
414456.034138,0.067612,-0.698975,-0.171509
414456.034293,0.095444,-0.646545,-0.221191
414456.053114,0.105591,-0.616943,-0.253418
414456.053314,0.035141,-0.567902,-0.245911
414456.071978,0.003632,-0.531052,-0.241302
414456.072127,-0.056686,-0.545059,-0.264450
414456.090909,-0.085480,-0.605865,-0.285614
414456.091027,-0.068085,-0.666229,-0.302780
414456.109811,-0.100632,-0.723099,-0.318375
414456.109979,-0.094971,-0.749100,-0.289703
414456.128669,-0.048080,-0.770782,-0.283966
414456.128788,-0.017548,-0.791153,-0.290802
414456.147545,-0.008774,-0.833557,-0.291428
414456.147664,-0.046631,-0.875977,-0.301208
414456.166406,-0.023102,-0.825623,-0.307907
414456.166524,0.011856,-0.716278,-0.318039
414456.185281,-0.095871,-0.703522,-0.227463
414456.185399,-0.253647,-0.982361,-0.043381
414456.204044,-0.361313,-1.432724,0.071091
414456.204163,-0.291565,-1.595856,0.017502
414456.222941,-0.351151,-1.737839,-0.062454
414456.223064,-0.390823,-1.782654,0.027939
414456.242671,-0.289062,-1.613571,0.117737
414456.242826,-0.115784,-1.286804,0.091324
414456.260784,0.016800,-1.081146,0.016617
414456.260903,0.042557,-1.019638,0.016495
414456.279675,0.090607,-1.007706,0.086487
414456.279792,0.132492,-0.959198,0.146393
414456.298588,0.131973,-0.928192,0.153900
414456.298719,0.130417,-0.950638,0.130707
414456.317430,0.099762,-0.998062,0.111465
414456.317592,0.060730,-1.044220,0.110001
414456.336308,-0.006409,-1.094040,0.089264
414456.336427,-0.041275,-1.154449,0.072449
414456.355201,-0.048691,-1.194733,0.074890
414456.355324,-0.097382,-1.205750,0.093826
414456.374060,-0.128632,-1.168747,0.093796
414456.374180,-0.067551,-1.096619,0.059998
414456.392896,-0.020279,-0.997314,0.055862
414456.393015,0.019806,-0.923492,0.125473
414456.411769,-0.024994,-0.896790,0.077942
414456.411897,0.017441,-0.843674,0.108536
414456.430813,0.038437,-0.822449,0.180481
414456.430988,0.005783,-0.803223,0.186096
414456.449611,-0.030487,-0.757751,0.175293
414456.449775,-0.019333,-0.708908,0.190216
414456.468483,-0.052994,-0.691940,0.211700
414456.468604,-0.062668,-0.683350,0.214310
414456.487346,-0.068237,-0.679245,0.198883
414456.487468,-0.081467,-0.656174,0.162338
414456.506221,-0.069153,-0.648163,0.158035
414456.506342,-0.054352,-0.639679,0.173050
414456.525092,-0.053101,-0.624481,0.166199
414456.525258,-0.044357,-0.601807,0.123230
414456.543962,-0.020294,-0.587692,0.061584
414456.544081,-0.007278,-0.594269,0.054840
414456.562740,0.014023,-0.617462,0.106812
414456.562860,0.057175,-0.676895,0.121353
414456.581499,0.126938,-0.756683,0.110703
414456.581618,0.199799,-0.832886,0.121109
414456.601088,0.266876,-0.858612,0.145813
414456.601205,0.326279,-0.851669,0.126450
414456.619474,0.369125,-0.840378,0.078629
414456.619593,0.373611,-0.865479,0.031021
414456.638359,0.342438,-0.918167,0.005432
414456.638477,0.321609,-0.950623,0.027802
414456.657213,0.300705,-0.980865,0.017639
414456.657372,0.280533,-1.018463,-0.033524
414456.676081,0.288651,-1.069427,-0.035614
414456.676200,0.304520,-1.132095,0.006104
414456.694965,0.306076,-1.208084,0.019592
414456.695085,0.288528,-1.281433,0.031036
414456.713832,0.254578,-1.313797,0.212845
414456.713948,0.218643,-1.326584,0.452301
414456.732706,0.282013,-1.343109,0.589890
414456.732868,0.287170,-1.418777,0.534042
414456.751471,0.132553,-1.564560,0.494659
414456.751590,-0.077194,-1.736221,0.572678
414456.770386,-0.330200,-1.826187,0.721161
414456.770506,-0.557831,-1.800995,0.863388
414456.789377,-0.387253,-1.588028,0.834656
414456.789518,-0.172226,-1.355301,0.691101
414456.808235,-0.111511,-1.156586,0.562851
414456.808371,-0.129318,-1.052322,0.437744
414456.827081,-0.110672,-1.006485,0.353561
414456.827204,-0.096634,-1.027664,0.336304
414456.845938,-0.060776,-1.115738,0.353027
414456.846058,0.006973,-1.227814,0.357788
414456.864816,0.080933,-1.351746,0.353836
414456.864976,0.106873,-1.441360,0.345062
414456.883680,0.118866,-1.449646,0.319977
414456.883801,0.092239,-1.377960,0.260330
414456.902566,0.067398,-1.252060,0.189178
414456.902686,0.047974,-1.127411,0.136871
414456.921534,0.024094,-0.981583,0.047134
414456.921683,-0.027023,-0.852066,-0.005905
414456.940040,-0.057175,-0.764465,-0.044815
414456.940215,-0.070267,-0.731949,-0.038330
414456.959525,-0.069244,-0.755890,-0.008270
414456.959643,-0.052368,-0.802261,0.060806
414456.978047,-0.021362,-0.806305,0.085953
414456.978167,0.029678,-0.768448,0.053574
414456.996935,0.078888,-0.697540,0.002533
414456.997053,0.092407,-0.631531,-0.023788
414457.015802,0.084518,-0.575714,-0.004364
414457.015923,0.057816,-0.497437,0.024429
414457.034669,0.037903,-0.415192,0.028366
414457.034790,0.013824,-0.376114,-0.009216
414457.053580,-0.010208,-0.343842,-0.020172
414457.053705,-0.177017,-0.863480,-0.024582
414457.072457,0.189774,-0.162277,0.191498
414457.072616,-0.112427,-0.325027,-0.088882
414457.091324,-0.034485,-0.365814,-0.171814
414457.091442,0.046112,-0.374924,-0.193222
414457.110202,0.009659,-0.409882,-0.229874
414457.110319,-0.059799,-0.404648,-0.269257
414457.128963,-0.057114,-0.507019,-0.338043
414457.129079,0.004791,-0.422943,-0.300766
414457.148274,-0.014862,-0.526016,-0.341858
414457.148430,-0.003754,-0.603516,-0.345612
414457.166825,-0.076706,-0.753815,-0.332565
414457.166944,-0.123703,-0.863815,-0.319855
414457.185705,-0.067703,-0.967422,-0.357208
414457.185826,-0.023117,-1.054428,-0.424500
414457.206666,0.055191,-1.118744,-0.492523
414457.206796,0.122299,-1.258102,-0.519760
414457.224086,0.152985,-1.246017,-0.518570
414457.224214,0.126770,-1.133606,-0.469986
414457.242366,-0.062714,-1.123093,-0.344360
414457.242492,-0.257645,-1.369507,-0.056000
414457.261241,-0.318298,-1.654861,0.039337
414457.261363,-0.096451,-1.713638,-0.296371
414457.280105,-0.129852,-1.829254,-0.557236
414457.280264,-0.124359,-1.732544,-0.425369
414457.298847,-0.030457,-1.556091,-0.274063
414457.298981,0.096481,-1.474930,-0.193527
414457.318002,0.111557,-1.120148,-0.106522
414457.318122,0.046295,-1.039642,-0.017395
414457.336773,0.041763,-1.068604,0.038544
414457.336893,0.066132,-1.090424,0.096649
414457.355644,0.038635,-1.097626,0.133835
414457.355803,0.013367,-1.115051,0.143448
414457.374511,-0.013657,-1.142258,0.134216
414457.374630,-0.045502,-1.126129,0.141312
414457.393385,-0.098785,-1.111649,0.084457
414457.393503,-0.100006,-1.125381,0.044388
414457.412079,-0.121231,-1.156509,0.049377
414457.412165,-0.114639,-1.131912,0.098022
414457.431214,-0.112183,-1.076340,0.122192
414457.431365,-0.066711,-0.989532,0.083832
414457.450012,-0.032242,-0.916107,0.028320
414457.450134,-0.026459,-0.849564,-0.028122
414457.468852,-0.029129,-0.795059,-0.060455
414457.468976,-0.039703,-0.746552,-0.036636
414457.487637,-0.044357,-0.718048,0.020477
414457.487801,-0.051666,-0.728333,0.076614
414457.506933,-0.050552,-0.736954,0.128448
414457.507052,-0.043854,-0.742767,0.199615
414457.525506,-0.039734,-0.747437,0.248749
414457.525629,-0.021698,-0.734253,0.263062
414457.544382,-0.011017,-0.693481,0.277267
414457.544501,0.012405,-0.644150,0.255646
414457.563245,0.058456,-0.616898,0.224930
414457.563404,0.098083,-0.596664,0.183411
414457.582132,0.082336,-0.584503,0.146133
414457.582253,0.022003,-0.590515,0.155228
414457.601021,-0.041809,-0.592377,0.166977
414457.601142,-0.074890,-0.589050,0.129120
414457.619899,-0.061188,-0.618210,0.087204
414457.620018,-0.026276,-0.641571,0.125595
414457.638769,0.051544,-0.668884,0.171890
414457.638907,0.139206,-0.691086,0.199203
414457.657488,0.203766,-0.720306,0.223175
414457.657608,0.251968,-0.757767,0.176392
414457.676371,0.284653,-0.821289,0.123672
414457.676489,0.317688,-0.880829,0.106369
414457.695490,0.337830,-0.941772,0.079697
414457.695667,0.333817,-1.005707,0.040649
414457.714277,0.312988,-1.034576,0.014603
414457.714395,0.288834,-1.048004,0.013947
414457.733163,0.290146,-1.051834,0.018616
414457.733285,0.314728,-1.060272,-0.017090
414457.752040,0.342911,-1.096085,-0.027115
414457.752158,0.342621,-1.159012,0.015686
414457.770926,0.302872,-1.241959,0.043076
414457.771088,0.243530,-1.323441,0.179062
414457.789816,0.228989,-1.353836,0.437012
414457.789936,0.248077,-1.358902,0.589157
414457.808701,0.243622,-1.411942,0.530029
414457.808827,0.153595,-1.535721,0.456924
414457.827453,-0.005676,-1.717453,0.558533
414457.827574,-0.185211,-1.843262,0.726654
414457.846303,-0.416046,-1.862885,0.905792
414457.846417,-0.420059,-1.733032,0.934967
414457.866058,-0.202316,-1.488739,0.836151
414457.866175,-0.095947,-1.284836,0.698944
414457.884230,-0.122940,-1.129730,0.593994
414457.884348,-0.151596,-1.050446,0.516983
414457.903114,-0.142365,-1.036011,0.439590
414457.903285,-0.145447,-1.060394,0.404892
414457.922070,-0.142136,-1.108536,0.420853
414457.922219,-0.076889,-1.219330,0.431931
414457.940932,-0.002060,-1.302689,0.397629
414457.941061,0.036301,-1.309158,0.347351
414457.959712,0.046387,-1.249878,0.290405
414457.959833,0.034393,-1.167480,0.262634
414457.978613,0.032562,-1.060638,0.220520
414457.978776,0.036911,-0.949921,0.174011
414457.997473,0.057465,-0.815155,0.110748
414457.997594,0.033203,-0.715973,0.039612
414458.016164,0.016266,-0.654373,0.015976
414458.016284,-0.021912,-0.637741,-0.003387
414458.035091,-0.051102,-0.646286,0.045273
414458.035211,-0.092682,-0.679367,0.076263
414458.054114,-0.071350,-0.677963,0.085968
414458.054260,-0.025848,-0.641174,0.059616
414458.072945,0.016785,-0.581543,-0.000458
414458.073065,0.043076,-0.547714,-0.056503
414458.091827,0.051147,-0.554443,-0.080368
414458.091946,0.058838,-0.618301,-0.032349
414458.110705,0.031448,-0.644333,0.005569
414458.110860,-0.093994,-0.952072,-0.006302
414458.129572,0.252975,-0.576645,0.192612
414458.129690,-0.146271,-0.445251,-0.158173
414458.148443,0.015686,-0.494629,-0.233902
414458.148561,0.061935,-0.558716,-0.224472
414458.167334,0.041473,-0.586700,-0.207489
414458.167452,0.044296,-0.618530,-0.224777
414458.186120,0.005997,-0.656158,-0.229660
414458.186277,-0.057877,-0.651352,-0.276581
414458.204933,-0.130905,-0.685715,-0.286865
414458.205055,-0.216553,-0.740219,-0.298935
414458.224520,-0.253433,-0.802063,-0.327484
414458.224639,-0.267212,-0.820129,-0.344666
414458.242838,-0.231110,-0.832458,-0.390579
414458.242957,-0.152725,-0.861099,-0.418549
414458.261658,-0.113922,-0.906006,-0.429947
414458.261778,-0.061005,-0.974335,-0.428040
414458.280591,-0.013657,-1.022430,-0.406372
414458.280709,0.023285,-1.111526,-0.400421
414458.299455,0.053482,-1.131683,-0.361069
414458.299574,0.056519,-1.018692,-0.332581
414458.318352,-0.014191,-0.925491,-0.311905
414458.318526,-0.115616,-0.988388,-0.265945
414458.337221,-0.197418,-1.194916,-0.251694
414458.337343,-0.235413,-1.536102,-0.256042
414458.356095,-0.213989,-1.674515,-0.228638
414458.356215,-0.285522,-1.691437,-0.113327
414458.374843,-0.359177,-1.618988,0.043655
414458.374963,-0.327545,-1.393997,0.131653
414458.393668,-0.201492,-1.174530,0.072998
414458.393824,-0.088715,-1.027359,0.025314
414458.412703,-0.021515,-0.944565,0.068253
414458.412975,0.016479,-0.882553,0.144470
414458.431663,0.049759,-0.816071,0.183746
414458.431816,0.083130,-0.783310,0.190308
414458.450453,0.090912,-0.796936,0.173767
414458.450571,0.074356,-0.885483,0.144180
414458.469328,0.073212,-0.973618,0.148880
414458.469450,0.059296,-1.073624,0.138626
414458.488192,0.003799,-1.136078,0.124832
414458.488310,-0.036545,-1.170242,0.085693
414458.507044,-0.070160,-1.170959,0.043182
414458.507161,-0.087540,-1.129562,0.037140
414458.525918,-0.123383,-1.059799,0.028503
414458.526078,-0.103897,-0.982300,-0.003418
414458.544721,-0.061417,-0.896957,-0.019073
414458.544839,-0.042221,-0.824570,-0.020706
414458.563387,-0.081635,-0.755508,0.005554
414458.563507,0.006119,-0.732300,0.060944
414458.582953,0.059967,-0.726105,0.114334
414458.583069,-0.018906,-0.743042,0.179504
414458.601424,-0.032440,-0.743210,0.220947
414458.601583,0.005890,-0.744370,0.184845
414458.620291,0.010544,-0.750092,0.162872
414458.620416,-0.010025,-0.764633,0.139282
414458.639162,-0.054504,-0.771500,0.160217
414458.639282,-0.102783,-0.785599,0.137878
414458.658027,-0.140198,-0.790482,0.099487
414458.658145,-0.090210,-0.775986,0.119385
414458.676904,-0.042770,-0.767319,0.150513
414458.677021,0.002731,-0.748627,0.172577
414458.695752,0.027725,-0.752274,0.195740
414458.695874,0.050629,-0.764420,0.172226
414458.714619,0.064423,-0.779434,0.093414
414458.714739,0.077011,-0.788437,0.125046
414458.733291,0.106125,-0.798065,0.171204
414458.733443,0.145218,-0.787125,0.180038
414458.752248,0.199661,-0.771500,0.210724
414458.752365,0.246948,-0.774155,0.211075
414458.771251,0.279617,-0.786285,0.138016
414458.771393,0.292999,-0.820648,0.098572
414458.790141,0.217697,-0.897461,0.117874
414458.790259,0.149948,-0.954117,0.109833
414458.808962,0.124588,-0.998489,0.109695
414458.809107,0.114578,-1.033478,0.111359
414458.827886,0.125778,-1.030106,0.080414
414458.828012,0.159073,-0.994644,0.048859
414458.846743,0.234909,-0.955093,0.014450
414458.846862,0.301102,-0.921494,-0.025421
414458.865618,0.355545,-0.922363,-0.061905
414458.865734,0.397507,-0.976654,-0.071075
414458.884483,0.449722,-1.003326,-0.084351
414458.884600,0.400452,-1.005325,-0.125732
414458.903364,0.334091,-1.020569,-0.139175
414458.903482,0.303299,-1.097397,-0.076782
414458.922025,0.239441,-1.211105,0.126633
414458.922164,0.270966,-1.314240,0.107910
414458.941327,0.312393,-1.477722,0.182892
414458.941493,0.392685,-1.601425,0.267914
414458.959988,0.432648,-1.669708,0.262161
414458.960107,0.320999,-1.716553,0.216660
414458.978867,0.101791,-1.694397,0.371155
414458.978987,-0.085419,-1.704926,0.436249
414458.997735,0.025208,-1.717773,0.235977
414458.997852,0.114075,-1.584808,0.439331
414459.016590,-0.032333,-1.403641,0.562195
414459.016754,-0.171692,-1.243500,0.495285
414459.035462,-0.280487,-1.101822,0.477997
414459.035581,-0.371933,-0.993729,0.400955
414459.054324,-0.409302,-0.910156,0.271347
414459.054442,-0.399658,-0.848923,0.170914
414459.073204,-0.345459,-0.807907,0.122162
414459.073323,-0.243958,-0.805374,0.057922
414459.092196,-0.134659,-0.870865,0.009171
414459.092317,-0.066711,-0.985565,0.066483
414459.110892,-0.026047,-1.081314,0.156555
414459.111008,-0.019592,-1.146286,0.209442
414459.129865,-0.029007,-1.167282,0.203522
414459.130006,-0.026947,-1.166412,0.145142
414459.148708,-0.040451,-1.159653,0.082230
414459.148864,-0.067841,-1.104202,0.067322
414459.167687,-0.146866,-0.976074,0.018005
414459.167806,-0.191559,-0.838989,-0.019348
414459.186458,-0.176208,-0.790024,-0.058868
414459.186575,-0.090668,-0.782516,-0.062881
414459.205345,-0.012863,-0.835648,-0.037827
414459.205466,0.046127,-0.861771,0.010269
414459.224151,0.068069,-0.832474,0.083954
414459.224327,0.104401,-0.776566,0.115952
414459.243090,0.142929,-0.751648,0.109848
414459.243216,0.141373,-0.723297,0.099319
414459.261938,0.107315,-0.672272,0.061142
414459.262057,0.100601,-0.637100,0.001678
414459.280524,0.090225,-0.618378,-0.080261
414459.280643,0.057129,-0.634277,-0.097366
414459.299734,0.044846,-0.652557,-0.047104
414459.299851,0.064117,-0.661392,-0.046204
414459.318633,0.080658,-0.614914,-0.104538
414459.318766,0.076813,-0.540009,-0.164734
414459.337446,0.065796,-0.466675,-0.187622
414459.337570,0.073929,-0.450211,-0.186844
414459.356293,0.077957,-0.477264,-0.194839
414459.356450,0.072098,-0.530701,-0.185806
414459.375149,0.071289,-0.612778,-0.221176
414459.375268,0.070206,-0.674713,-0.274139
414459.394042,0.049805,-0.694519,-0.296509
414459.394160,0.008881,-0.668030,-0.311493
414459.412965,-0.004822,-0.644836,-0.319687
414459.413096,-0.009354,-0.624573,-0.344437
414459.431837,-0.017410,-0.606400,-0.375031
414459.432010,-0.041901,-0.596786,-0.395248
414459.450681,-0.062637,-0.593430,-0.405197
414459.450802,-0.068024,-0.627655,-0.415466
414459.469406,-0.075699,-0.704910,-0.420593
414459.469529,-0.093124,-0.802933,-0.381775
414459.488645,-0.131042,-0.906113,-0.288116
414459.488764,-0.148178,-0.996414,-0.221695
414459.507252,-0.121750,-1.067535,-0.206787
414459.507371,-0.081680,-1.129272,-0.187607
414459.526114,-0.046997,-1.218979,-0.167953
414459.526232,-0.010010,-1.305145,-0.146362
414459.545020,0.006241,-1.397827,-0.097763
414459.545141,0.011383,-1.613754,0.026123
414459.563879,-0.104385,-1.867935,0.536194
414459.564036,-0.249329,-2.221878,0.732162
414459.582760,-0.264923,-2.445145,0.156555
414459.582935,-0.346634,-2.222672,-0.450012
414459.583422,-0.337540,-1.710129,-0.552063
414459.601607,-0.337540,-1.710129,-0.552063
414459.601731,-0.178925,-1.157074,-0.313660
414459.620489,-0.107803,-0.647568,-0.038956
414459.620605,-0.189743,-0.300552,0.081070
414459.639162,-0.277756,-0.127426,0.085129
414459.639316,-0.327118,-0.137894,0.062546
414459.658293,-0.428253,-0.378983,0.171249
414459.658409,-0.460037,-0.723816,0.191132
414459.677141,-0.415146,-1.124146,0.237274
414459.677280,-0.395599,-1.390335,0.452957
414459.695969,-0.394913,-1.454758,0.539032
414459.696089,-0.288254,-1.383469,0.534378
414459.714823,-0.204407,-1.258224,0.418320
414459.714943,-0.125107,-1.115295,0.287079
414459.733700,-0.039169,-1.003540,0.205246
414459.733822,0.015182,-0.917023,0.208282
414459.752438,-0.046417,-0.866745,0.221191
414459.752581,-0.136322,-0.834961,0.194122
414459.771874,-0.183258,-0.824051,0.179092
414459.771990,-0.230804,-0.858078,0.170242
414459.790406,-0.258774,-0.932220,0.161041
414459.790574,-0.252502,-1.023758,0.187576
414459.809159,-0.276276,-1.071716,0.253891
414459.809281,-0.171265,-1.037033,0.306198
414459.828048,-0.056076,-0.969070,0.302612
414459.828168,0.029449,-0.878738,0.273331
414459.847136,0.070038,-0.809830,0.254990
414459.847300,0.171875,-0.774124,0.202927
414459.865783,0.270752,-0.749466,0.173355
414459.865911,0.319931,-0.778122,0.226776
414459.884628,0.310059,-0.855713,0.191574
414459.884748,0.252533,-0.910904,0.088333
414459.903476,0.197601,-0.973526,-0.008041
414459.903596,0.175858,-1.031662,-0.084869
414459.922517,0.182800,-1.056351,-0.071350
414459.922666,0.140869,-1.015259,0.024567
414459.941202,0.162491,-0.947433,0.075256
414459.941332,0.231277,-0.913574,0.004837
414459.960072,0.275772,-0.918732,-0.139450
414459.960194,0.272842,-0.886322,-0.208908
414459.978943,0.268158,-0.845901,-0.200897
414459.979105,0.242844,-0.843506,-0.136581
414459.997635,0.209305,-0.873215,-0.100647
414459.997752,0.228394,-0.961273,-0.127548
414460.016711,0.246658,-1.036514,-0.169632
414460.016828,0.173309,-1.032303,-0.132767
414460.035561,0.082413,-1.002884,-0.109039
414460.035702,0.026505,-0.980026,-0.171799
414460.054401,0.010712,-0.955307,-0.226898
414460.054564,0.035583,-0.939438,-0.206223
414460.073242,0.081100,-0.976242,-0.179932
414460.073361,0.141678,-1.008163,-0.195587
414460.092157,0.192459,-1.026337,-0.179062
414460.092278,0.208572,-1.050385,-0.135681
414460.111020,0.125122,-1.106628,-0.038254
414460.111142,-0.029892,-1.190079,0.051804
414460.129891,-0.214111,-1.303665,0.108459
414460.130009,-0.244659,-1.359650,0.148834
414460.148762,-0.252365,-1.364899,0.206467
414460.148880,-0.288879,-1.286209,0.328049
414460.167686,-0.336487,-1.129303,0.445328
414460.167808,-0.354614,-0.995499,0.479279
414460.186409,-0.326675,-0.926056,0.448868
414460.186567,-0.260818,-0.914917,0.344772
414460.205648,-0.201004,-0.944839,0.185913
414460.205769,-0.090469,-1.066559,0.036804
414460.224236,0.038132,-1.204315,-0.009003
414460.224384,0.079849,-1.290329,0.021179
414460.243155,0.115143,-1.311920,0.029526
414460.243290,0.109329,-1.294159,0.023849
414460.261974,0.108566,-1.263168,0.029419
414460.262142,0.115494,-1.239014,0.033371
414460.280838,0.101044,-1.236618,0.057220
414460.280957,0.088715,-1.205536,0.062973
414460.299710,0.066559,-1.216248,0.042755
414460.299829,0.044098,-1.192764,0.050400
414460.318543,0.010254,-1.135513,0.023193
414460.318660,-0.000504,-1.067032,-0.017242
414460.337472,0.009125,-0.988113,-0.056091
414460.337600,-0.001648,-0.884750,-0.080460
414460.356091,-0.030289,-0.831039,-0.115417
414460.356209,-0.016800,-0.880554,-0.135788
414460.375192,0.015594,-0.881470,-0.152420
414460.375309,0.001358,-0.842789,-0.216827
414460.394040,-0.016647,-0.816208,-0.238739
414460.394216,-0.065582,-0.853989,-0.233917
414460.412925,-0.071243,-0.818680,-0.204422
414460.413066,-0.090775,-0.595093,-0.300079
414460.431857,-0.067413,-0.631561,-0.379044
414460.432009,-0.016586,-0.589203,-0.365509
414460.450633,0.010391,-0.627731,-0.401443
414460.450753,0.041992,-0.661591,-0.434174
414460.469505,0.049850,-0.713028,-0.433075
414460.469675,0.013428,-0.749313,-0.398621
414460.488390,-0.032669,-0.748535,-0.385773
414460.488512,-0.040756,-0.762009,-0.410736
414460.507239,-0.083878,-0.797485,-0.386826
414460.507359,-0.094650,-0.836548,-0.394211
414460.526016,-0.080338,-0.844604,-0.408768
414460.526133,-0.043182,-0.819458,-0.426819
414460.544917,0.008179,-0.819580,-0.472168
414460.545037,0.041443,-0.873123,-0.481628
414460.564108,0.045929,-0.908752,-0.482773
414460.564227,0.020691,-0.949631,-0.443100
414460.582730,-0.051239,-0.945709,-0.363968
414460.582850,-0.187729,-0.907394,-0.265320
414460.601598,-0.309845,-1.010956,-0.213852
414460.601754,-0.299103,-1.316803,-0.288254
414460.620455,-0.210800,-1.501038,-0.528351
414460.620572,-0.180099,-1.648087,-0.513077
414460.639378,-0.260666,-1.713425,-0.196686
414460.639497,-0.405563,-1.560822,0.046921
414460.658195,-0.406433,-1.317108,0.085068
414460.658314,-0.251312,-1.094757,-0.013199
414460.677071,-0.140915,-1.020828,-0.047150
414460.677231,-0.071625,-1.084229,0.036240
414460.695943,-0.038437,-1.166382,0.136765
414460.696061,-0.039719,-1.232544,0.199844
414460.714731,-0.052338,-1.233322,0.218567
414460.714871,-0.093948,-1.183716,0.198181
414460.733501,-0.092163,-1.128082,0.176620
414460.733620,-0.081207,-1.085876,0.142715
414460.752619,-0.074387,-1.059616,0.082626
414460.752762,-0.088242,-1.051193,0.027054
414460.771429,-0.091110,-1.050797,-0.011566
414460.771547,-0.091995,-1.049698,-0.029648
414460.790374,-0.071426,-1.054733,-0.022903
414460.790489,-0.078033,-1.042862,-0.020279
414460.809172,-0.080765,-1.009888,-0.021545
414460.809328,-0.076431,-0.966492,-0.040131
414460.828048,-0.032928,-0.917664,-0.004410
414460.828166,-0.007645,-0.887207,0.031387
414460.846932,-0.029648,-0.848907,0.048553
414460.847060,0.010681,-0.789536,0.078613
414460.865780,0.067749,-0.751236,0.078995
414460.865899,0.102463,-0.710358,0.097794
414460.884501,0.092682,-0.683487,0.138000
414460.884663,0.091614,-0.662140,0.161926
414460.903399,0.068405,-0.657730,0.156860
414460.903519,0.057281,-0.641464,0.157486
414460.923258,0.019501,-0.652115,0.167740
414460.923423,-0.003311,-0.678207,0.170273
414460.941369,-0.039627,-0.720337,0.178848
414460.941509,-0.061127,-0.745895,0.200455
414460.960179,-0.082153,-0.760223,0.173203
414460.960299,-0.094681,-0.762375,0.148651
414460.979059,-0.092026,-0.745590,0.141342
414460.979180,-0.068207,-0.719803,0.132202
414460.997914,-0.040222,-0.698364,0.134338
414460.998034,-0.002594,-0.689651,0.118729
414461.016773,0.051636,-0.697067,0.107162
414461.016928,0.080475,-0.724533,0.102768
414461.035653,0.096252,-0.777084,0.110260
414461.035772,0.098953,-0.828110,0.123779
414461.054522,0.115341,-0.884399,0.096085
414461.054641,0.147141,-0.950302,0.041153
414461.073238,0.175903,-1.009445,-0.019409
414461.073355,0.215515,-1.048004,-0.037643
414461.092176,0.263916,-1.040421,-0.034592
414461.092335,0.291733,-1.008606,-0.058136
414461.111063,0.321472,-0.994583,-0.104828
414461.111212,0.339508,-1.028244,-0.120071
414461.130022,0.315948,-1.123978,-0.082275
414461.130140,0.255173,-1.245712,-0.006866
414461.148878,0.182358,-1.378296,0.080444
414461.148996,0.118042,-1.516937,0.080811
414461.167734,0.123215,-1.597153,0.181854
414461.167851,0.181686,-1.592911,0.514359
414461.186620,0.206177,-1.518646,0.644714
414461.186737,0.144928,-1.467255,0.426498
414461.205494,-0.019135,-1.484055,0.235901
414461.205631,-0.166473,-1.551208,0.287674
414461.224365,-0.271805,-1.698441,0.479324
414461.224521,-0.265488,-1.745911,0.822479
414461.243047,-0.138565,-1.690613,0.988831
414461.243165,-0.037689,-1.538422,0.866516
414461.261958,-0.031952,-1.304749,0.725830
414461.262078,-0.069305,-1.093292,0.579483
414461.281701,-0.089752,-0.946777,0.403976
414461.281820,-0.060333,-0.884567,0.256546
414461.299822,-0.038956,-0.864624,0.210251
414461.299985,-0.013092,-0.902145,0.227356
414461.318707,0.068619,-1.011230,0.181625
414461.318826,0.180145,-1.141129,0.136154
414461.337563,0.226883,-1.210281,0.128738
414461.337682,0.284393,-1.209396,0.129669
414461.356456,0.328476,-1.188049,0.101364
414461.356582,0.353058,-1.117157,0.059937
414461.374981,0.329041,-1.019943,0.029633
414461.375071,0.241486,-0.885483,0.003693
414461.393878,0.149796,-0.746277,-0.039383
414461.393969,0.113449,-0.687683,-0.096893
414461.412944,0.113037,-0.713165,-0.096146
414461.413049,0.066238,-0.757919,-0.090347
414461.431812,-0.015884,-0.780151,-0.055969
414461.431979,-0.057999,-0.768753,-0.044830
414461.450622,-0.093246,-0.785522,-0.060211
414461.450739,-0.075363,-0.793961,-0.028549
414461.469666,-0.052948,-0.776733,-0.042572
414461.469811,-0.005981,-0.803543,-0.063217
414461.488495,0.109665,-1.200714,0.145203
414461.488618,0.009155,-0.385895,0.013702
414461.507305,-0.084824,-0.500656,-0.194077
414461.507466,0.018768,-0.538910,-0.201080
414461.526203,-0.007156,-0.548950,-0.200806
414461.526323,-0.015656,-0.565491,-0.220627
414461.545061,0.031998,-0.600174,-0.237350
414461.545181,0.024948,-0.669540,-0.229507
414461.563901,0.014069,-0.733505,-0.212906
414461.564019,-0.004425,-0.792984,-0.198105
414461.582764,-0.056381,-0.831924,-0.204559
414461.582884,-0.107651,-0.808899,-0.205933
414461.601447,-0.179581,-0.766403,-0.233139
414461.601565,-0.194046,-0.758789,-0.265488
414461.620431,-0.183334,-0.771591,-0.294739
414461.620554,-0.171524,-0.801926,-0.297562
414461.640091,-0.147736,-0.861191,-0.301727
414461.640246,-0.171844,-0.875824,-0.305557
414461.658175,-0.159012,-0.816177,-0.267639
414461.658296,-0.020844,-0.780365,-0.244400
414461.677036,-0.036774,-0.736374,-0.192764
414461.677153,-0.177994,-0.848740,-0.092056
414461.695875,-0.146729,-1.196808,-0.052887
414461.695994,0.002197,-1.442490,-0.147095
414461.714724,-0.109573,-1.574463,-0.210846
414461.714879,-0.283096,-1.635712,-0.053986
414461.733601,-0.343445,-1.579147,0.201828
414461.733725,-0.169861,-1.362839,0.246902
414461.752480,-0.005295,-1.133865,0.142334
414461.752599,0.062958,-1.018158,0.091171
414461.771347,0.054810,-0.962585,0.112076
414461.771468,0.059830,-0.942810,0.136292
414461.790033,0.043716,-0.937134,0.140076
414461.790151,-0.004639,-0.949173,0.155121
414461.808996,-0.022354,-0.998032,0.152359
414461.809114,-0.031967,-1.084885,0.120605
414461.827881,-0.044601,-1.150314,0.119843
414461.828032,-0.051193,-1.173447,0.132004
414461.846872,-0.062576,-1.169601,0.122406
414461.847024,-0.029251,-1.146500,0.106979
414461.865656,-0.019058,-1.128983,0.087753
414461.865780,-0.032181,-1.099045,0.041199
414461.884505,-0.001358,-1.049637,0.027939
414461.884626,0.037064,-0.998108,0.054077
414461.903351,0.039322,-0.951141,0.071381
414461.903472,0.058502,-0.884964,0.066574
414461.922362,0.054733,-0.836594,0.043549
414461.922562,0.016571,-0.782196,0.098663
414461.941090,0.028091,-0.760315,0.108536
414461.941221,0.031494,-0.732788,0.154694
414461.959850,-0.012894,-0.709961,0.202240
414461.959972,0.027069,-0.677139,0.159988
414461.978661,0.048508,-0.670288,0.164307
414461.978782,0.035049,-0.670288,0.194504
414461.998368,0.012314,-0.676468,0.168442
414461.998487,-0.004959,-0.673172,0.109406
414462.016499,-0.014435,-0.660355,0.098099
414462.016619,-0.040375,-0.644791,0.122803
414462.035356,-0.046112,-0.660156,0.115936
414462.035476,-0.052673,-0.701355,0.138168
414462.054235,-0.050446,-0.746368,0.157532
414462.054396,-0.040680,-0.777527,0.171555
414462.073087,-0.005020,-0.801804,0.174271
414462.073205,0.057480,-0.821777,0.173782
414462.091954,0.130310,-0.837341,0.158707
414462.092074,0.212433,-0.834015,0.107285
414462.110800,0.300507,-0.828888,0.060257
414462.110919,0.374191,-0.839111,0.071808
414462.129649,0.404877,-0.875137,0.078690
414462.129805,0.394226,-0.927765,0.078400
414462.148301,0.362045,-0.982330,0.103622
414462.148421,0.332062,-1.034637,0.112976
414462.167214,0.316269,-1.077103,0.116089
414462.167333,0.296951,-1.118210,0.134811
414462.186170,0.273956,-1.180191,0.151062
414462.186323,0.219574,-1.272934,0.143417
414462.206708,0.163696,-1.359192,0.188522
414462.206838,0.170792,-1.382996,0.451767
414462.224746,0.263641,-1.357300,0.665756
414462.224878,0.356400,-1.330780,0.640762
414462.242819,0.254425,-1.379578,0.531052
414462.242950,0.032959,-1.509521,0.547623
414462.261659,-0.163605,-1.658783,0.602997
414462.261822,-0.402664,-1.767044,0.732559
414462.280498,-0.424591,-1.729584,0.879456
414462.280620,-0.227951,-1.589966,0.856827
414462.299346,-0.134766,-1.389740,0.724152
414462.299464,-0.196152,-1.162979,0.607681
414462.318165,-0.200958,-0.997131,0.483093
414462.318283,-0.135132,-0.936325,0.339142
414462.336998,-0.095932,-0.949448,0.299835
414462.337153,-0.084824,-1.006729,0.345184
414462.356159,-0.018127,-1.099411,0.310089
414462.356300,0.059814,-1.177017,0.248932
414462.374824,0.110764,-1.203857,0.247849
414462.374950,0.153900,-1.186005,0.231293
414462.393671,0.129654,-1.145889,0.214951
414462.393794,0.128738,-1.051941,0.170639
414462.412536,0.104599,-0.950958,0.069183
414462.412661,0.080048,-0.851242,0.001740
414462.431499,0.032791,-0.756302,-0.033157
414462.431656,0.031555,-0.674606,-0.050125
414462.450285,0.014664,-0.654663,-0.060745
414462.450405,0.042664,-0.674667,-0.051971
414462.469152,0.048340,-0.724503,-0.023300
414462.469316,0.075989,-0.721680,-0.028702
414462.488018,0.051468,-0.696762,-0.040894
414462.488139,0.050323,-0.641144,-0.021408
414462.506689,0.049088,-0.558960,-0.037384
414462.506808,0.033081,-0.497162,-0.056625
414462.525663,0.020081,-0.458939,-0.055267
414462.525782,0.035477,-0.493484,-0.072235
414462.544640,0.014465,-0.554153,-0.066483
414462.544814,-0.123093,-1.210800,0.040619
414462.563487,0.130692,-0.215729,-0.009964
414462.563608,0.018799,-0.459991,-0.248566
414462.582364,0.113815,-0.517258,-0.186234
414462.582483,0.037796,-0.495514,-0.191223
414462.601218,0.015991,-0.547043,-0.283218
414462.601338,0.092163,-0.556137,-0.326370
414462.620093,0.072205,-0.598175,-0.354111
414462.620211,0.157471,-0.674973,-0.354614
414462.638981,0.065948,-0.847839,-0.379807
414462.639099,-0.085999,-0.942459,-0.366913
414462.657836,-0.087219,-1.062973,-0.310135
414462.657954,-0.121689,-1.157318,-0.296860
414462.676613,-0.127487,-1.169144,-0.313492
414462.676770,-0.082870,-1.073502,-0.405380
414462.695470,-0.030579,-1.071136,-0.525711
414462.695597,0.005081,-1.082413,-0.548401
414462.714658,0.011261,-1.143387,-0.507004
414462.714778,0.003784,-1.181488,-0.437134
414462.733321,-0.014145,-1.144684,-0.413361
414462.733442,-0.047882,-0.981293,-0.411560
414462.752160,-0.118668,-0.844437,-0.331573
414462.752281,-0.172440,-0.903229,-0.094162
414462.771026,-0.121765,-1.019470,-0.003754
414462.771144,-0.139191,-1.513855,-0.204025
414462.789887,-0.204636,-1.886948,-0.309982
414462.790003,-0.311066,-1.898575,-0.119919
414462.808762,-0.439957,-1.621826,0.107086
414462.808880,-0.268967,-1.201675,0.057861
414462.827625,-0.064651,-0.926224,-0.080872
414462.827741,0.008286,-0.911514,-0.037842
414462.846507,0.067261,-0.919739,0.070114
414462.846628,0.089584,-0.888016,0.145996
414462.865291,0.088226,-0.805405,0.180115
414462.865436,0.026840,-0.752548,0.186203
414462.884471,-0.031815,-0.798889,0.138168
414462.884638,-0.050171,-0.900635,0.080215
414462.903171,-0.059402,-1.046432,0.086151
414462.903333,-0.093048,-1.153870,0.106033
414462.921939,-0.185638,-1.189865,0.041840
414462.922083,-0.133087,-1.198425,0.035904
414462.940926,-0.089584,-1.160400,0.054260
414462.941058,-0.071838,-1.091858,0.034775
414462.959749,0.006866,-0.991821,0.005707
414462.959870,0.045761,-0.906204,-0.016312
414462.978603,0.130981,-0.837250,0.026505
414462.978722,0.113800,-0.828262,0.065002
414462.997486,0.037079,-0.791977,0.062195
414462.997611,0.040970,-0.773483,0.114243
414463.016253,0.068497,-0.788010,0.171158
414463.016384,0.049438,-0.832031,0.233856
414463.035125,0.030533,-0.867722,0.238144
414463.035245,-0.014771,-0.881409,0.271545
414463.053965,-0.051102,-0.874054,0.267609
414463.054085,-0.043518,-0.864029,0.206329
414463.073675,-0.029953,-0.844650,0.141891
414463.073794,-0.022217,-0.830002,0.107712
414463.091785,-0.026993,-0.817856,0.081039
414463.091942,-0.050659,-0.801254,0.084518
414463.110632,-0.075394,-0.785477,0.108994
414463.110752,-0.073746,-0.776627,0.075287
414463.129502,-0.054794,-0.755951,0.063919
414463.129625,-0.011658,-0.735626,0.067886
414463.148349,0.057404,-0.739136,0.059113
414463.148468,0.116364,-0.749664,0.076172
414463.167204,0.180161,-0.772522,0.076416
414463.167323,0.257599,-0.827438,0.026230
414463.186071,0.326309,-0.890747,0.019714
414463.186187,0.352570,-0.928253,0.046310
414463.204933,0.347321,-0.941757,0.030670
414463.205052,0.328293,-0.932632,-0.011749
414463.223615,0.315155,-0.923096,-0.033356
414463.223736,0.309677,-0.932022,-0.037064
414463.242494,0.324615,-0.963608,-0.035690
414463.242610,0.334549,-1.017380,-0.009674
414463.261457,0.320221,-1.086823,0.040848
414463.261610,0.280685,-1.150787,0.160843
414463.280362,0.239960,-1.189056,0.372192
414463.280482,0.240601,-1.223679,0.575531
414463.299223,0.335480,-1.252396,0.670578
414463.299386,0.383224,-1.320129,0.616257
414463.318071,0.191620,-1.438248,0.578064
414463.318191,-0.123138,-1.564728,0.560944
414463.336922,-0.502914,-1.663162,0.620773
414463.337040,-0.768967,-1.645248,0.778091
414463.355783,-0.562210,-1.450531,0.825394
414463.355901,-0.267670,-1.224533,0.711304
414463.374661,-0.176819,-1.058014,0.541504
414463.374791,-0.196915,-0.988205,0.417404
414463.393496,-0.136734,-1.000732,0.370712
414463.393616,-0.074234,-1.061569,0.347748
414463.412366,-0.060532,-1.156204,0.359909
414463.412507,-0.047394,-1.222336,0.357880
414463.431626,-0.014206,-1.253815,0.334213
414463.431780,0.020889,-1.233810,0.320267
414463.450068,0.062973,-1.177673,0.283890
414463.450186,0.112854,-1.103699,0.227005
414463.468929,0.135300,-1.018616,0.148895
414463.469049,0.130157,-0.934753,0.168076
414463.487848,0.091049,-0.859528,0.187744
414463.487968,0.046005,-0.771317,0.145584
414463.506703,-0.025482,-0.729584,0.057007
414463.506864,-0.088150,-0.740616,0.046539
414463.525509,-0.103790,-0.799057,-0.005295
414463.525628,-0.117752,-0.839493,-0.070358
414463.544381,-0.085175,-0.833359,-0.106796
414463.544498,-0.066940,-0.821320,-0.081497
414463.563247,-0.026886,-0.770493,-0.041885
414463.563365,-0.028137,-0.707321,-0.041718
414463.581945,0.014297,-0.690872,-0.055099
414463.582062,0.062302,-0.697922,-0.072098
414463.600895,0.059830,-0.693756,-0.114136
414463.601016,0.053284,-0.718933,-0.134949
414463.620076,-0.047775,-1.150574,-0.012375
414463.620223,0.132004,-0.412018,-0.156143
414463.638723,0.019516,-0.579086,-0.337646
414463.638864,0.073441,-0.636032,-0.291260
414463.657585,0.085327,-0.644318,-0.262573
414463.657704,0.084778,-0.705673,-0.289642
414463.676457,0.101532,-0.735779,-0.316589
414463.676577,0.027756,-0.746185,-0.359665
414463.695334,-0.037888,-0.783401,-0.380646
414463.695452,-0.076813,-0.798889,-0.394348
414463.714212,-0.132401,-0.777542,-0.421906
414463.714369,-0.009918,-0.761642,-0.411224
414463.733091,0.001541,-0.823135,-0.401581
414463.733210,0.091309,-0.920441,-0.374664
414463.751924,-0.028610,-0.989120,-0.344467
414463.752045,-0.052856,-0.936951,-0.275528
414463.770790,0.004547,-0.939255,-0.349167
414463.770909,0.015045,-1.038208,-0.410065
414463.789880,-0.005203,-1.020554,-0.416595
414463.789999,-0.062424,-0.921188,-0.322052
414463.808593,-0.120895,-0.784683,-0.246857
414463.808711,-0.205734,-0.810104,-0.084961
414463.827473,-0.280487,-1.231537,0.083939
414463.827590,-0.262192,-1.606491,-0.006943
414463.846352,-0.208206,-1.706787,-0.219543
414463.846472,-0.327637,-1.765701,-0.238922
414463.865215,-0.358337,-1.621246,-0.139099
414463.865331,-0.250595,-1.268326,-0.031357
414463.884131,-0.072983,-0.925385,0.005783
414463.884256,0.046967,-0.777496,-0.001755
414463.902980,0.049469,-0.728287,0.041199
414463.903101,-0.009216,-0.703720,0.128952
414463.921890,-0.020569,-0.694382,0.126923
414463.922076,0.001007,-0.752991,0.095612
414463.940469,0.033615,-0.863724,0.085938
414463.940602,0.024490,-0.968246,0.103561
414463.959553,0.006378,-1.088867,0.094254
414463.959672,-0.037201,-1.185944,0.080338
414463.978430,-0.045532,-1.217728,0.066376
414463.978584,-0.062378,-1.186783,0.066452
414463.997347,-0.049881,-1.117889,0.041077
414463.997466,-0.022644,-1.045685,-0.012024
414464.016214,-0.002136,-0.965775,-0.029068
414464.016331,0.031555,-0.904449,-0.025696
414464.035090,0.064285,-0.875458,-0.012039
414464.035210,0.055008,-0.856140,-0.011642
414464.053970,0.041061,-0.849564,-0.008087
414464.054088,0.017242,-0.839157,0.048889
414464.072848,0.036438,-0.835571,0.110596
414464.072965,0.073029,-0.839310,0.127991
414464.091714,0.087250,-0.850250,0.106598
414464.091831,0.087051,-0.835953,0.104630
414464.110504,0.059937,-0.803986,0.121262
414464.110622,0.030731,-0.787704,0.128113
414464.129285,0.042831,-0.762115,0.111084
414464.129445,0.036423,-0.763184,0.100510
414464.148971,0.016693,-0.770767,0.099167
414464.149089,0.017181,-0.767059,0.081329
414464.167249,0.018326,-0.807678,0.063278
414464.167369,0.000458,-0.853485,0.104004
414464.186122,-0.080078,-0.900940,0.156967
414464.186243,-0.049667,-0.937088,0.138168
414464.204993,0.010483,-0.951447,0.102951
414464.205112,0.061859,-0.938522,0.097214
414464.223877,0.136444,-0.915848,0.113876
414464.224016,0.219330,-0.927902,0.090057
414464.242768,0.269257,-0.955536,0.063568
414464.242892,0.287384,-0.973633,0.067368
414464.261618,0.291779,-0.993164,0.040558
414464.261740,0.287628,-1.011475,0.023422
414464.280496,0.290588,-1.011429,0.049606
414464.280618,0.300980,-0.997238,0.086075
414464.299220,0.303696,-0.976822,0.088043
414464.299339,0.280670,-0.962189,0.079300
414464.318234,0.241898,-0.990067,0.065613
414464.318352,0.195114,-1.049850,0.065796
414464.337119,0.149811,-1.108444,0.123672
414464.337296,0.097015,-1.150040,0.214706
414464.356054,0.085114,-1.149918,0.333374
414464.356178,0.163696,-1.141769,0.426331
414464.374863,0.307816,-1.132385,0.439117
414464.374980,0.307800,-1.186844,0.407654
414464.393800,0.131439,-1.279968,0.453094
414464.393936,-0.023697,-1.390808,0.548080
414464.412401,-0.167282,-1.486420,0.602570
414464.412489,-0.299393,-1.489304,0.672699
414464.431534,-0.379425,-1.398254,0.692307
414464.431686,-0.299500,-1.230392,0.602325
414464.450301,-0.237686,-1.066818,0.505142
414464.450523,-0.228516,-0.967529,0.437424
414464.469057,-0.190918,-0.952942,0.400543
414464.469180,-0.106918,-1.005203,0.397079
414464.487877,-0.038040,-1.042770,0.391495
414464.487998,0.019577,-1.075424,0.354324
414464.507487,0.086212,-1.129150,0.293289
414464.507607,0.137939,-1.191864,0.266861
414464.525735,0.172119,-1.229462,0.263718
414464.525855,0.143448,-1.209946,0.249084
414464.544611,0.111206,-1.140961,0.248779
414464.544770,0.076965,-1.064941,0.262619
414464.563471,0.013550,-0.994858,0.270889
414464.563591,-0.040405,-0.916946,0.166061
414464.582346,-0.092773,-0.855438,-0.022522
414464.582464,0.036896,-0.843323,-0.236832
414464.601221,-0.003647,-0.867294,-0.183105
414464.601340,-0.064362,-0.919983,-0.011490
414464.620088,-0.044189,-0.923325,0.049728
414464.620205,-0.068405,-0.914459,0.026825
414464.638977,-0.063187,-0.871033,0.015579
414464.639094,-0.039261,-0.816223,0.002014
414464.657629,-0.009872,-0.812988,-0.013626
414464.657751,0.039429,-0.850266,-0.014450
414464.676609,0.044327,-0.848099,-0.033966
414464.676728,0.051926,-0.813431,-0.068390
414464.695577,-0.079803,-1.154907,-0.100082
414464.695717,0.280731,-0.628708,-0.000168
414464.714437,0.041870,-0.670456,-0.234039
414464.714554,0.089600,-0.741455,-0.271500
414464.733285,0.145615,-0.770065,-0.266891
414464.733404,0.133469,-0.767899,-0.227402
414464.752200,0.079529,-0.758759,-0.199707
414464.752358,0.067078,-0.731369,-0.228409
414464.771058,0.025238,-0.704346,-0.289856
414464.771178,-0.009949,-0.709793,-0.327972
414464.789903,-0.044769,-0.784851,-0.318863
414464.790021,-0.056931,-0.852478,-0.274185
414464.808794,-0.063934,-0.903442,-0.252670
414464.808913,-0.057892,-0.917221,-0.263855
414464.827606,-0.047165,-0.892593,-0.287018
414464.827724,-0.038910,-0.870804,-0.324631
414464.846306,-0.029205,-0.859497,-0.352417
414464.846429,-0.009933,-0.877533,-0.377899
414464.865961,0.007431,-0.897369,-0.396088
414464.866081,0.016739,-0.918335,-0.393311
414464.884298,0.034164,-0.927704,-0.366302
414464.884417,0.009857,-0.903214,-0.304169
414464.903199,-0.030655,-0.806641,-0.206100
414464.903334,-0.088745,-0.773911,-0.101730
414464.922130,-0.143097,-0.870087,-0.026062
414464.922302,-0.152496,-1.064743,-0.020325
414464.940940,-0.185791,-1.322067,-0.005417
414464.941071,-0.300888,-1.620392,0.012558
414464.959764,-0.544006,-1.699234,0.146469
414464.959922,-0.403046,-1.530228,0.242401
414464.978620,-0.108170,-1.199051,0.095230
414464.978742,0.018967,-0.918365,-0.018677
414464.997489,0.096405,-0.811020,0.036011
414464.997609,0.162842,-0.772018,0.142014
414465.016257,0.170486,-0.770493,0.211243
414465.016375,0.146896,-0.758392,0.223495
414465.035065,0.127136,-0.761017,0.207001
414465.035188,0.077667,-0.824997,0.159286
414465.054094,0.027313,-0.935440,0.104523
414465.054239,-0.021942,-1.066467,0.086685
414465.072960,-0.067566,-1.180328,0.093552
414465.073079,-0.131134,-1.247589,0.080429
414465.091823,-0.180038,-1.239182,0.078598
414465.091942,-0.191116,-1.160278,0.074783
414465.110684,-0.127686,-1.047791,0.076859
414465.110805,-0.038956,-0.943588,0.077164
414465.129560,-0.066040,-0.837753,0.035324
414465.129679,-0.084610,-0.773285,0.064697
414465.148409,-0.071152,-0.751724,0.112656
414465.148528,-0.133575,-0.804031,0.144501
414465.167297,-0.018646,-0.824768,0.125580
414465.167461,-0.006500,-0.853867,0.135712
414465.186099,0.042374,-0.852020,0.197906
414465.186219,0.066849,-0.860153,0.281906
414465.204807,0.061661,-0.875122,0.260605
414465.204931,0.077194,-0.843521,0.171036
414465.224336,0.093155,-0.793686,0.111221
414465.224456,0.066956,-0.769455,0.099289
414465.242794,0.031601,-0.762039,0.062134
414465.242921,0.000732,-0.773819,0.017197
414465.261705,-0.003769,-0.808929,0.026215
414465.261845,0.002640,-0.857224,0.081528
414465.280527,0.050323,-0.898056,0.126404
414465.280652,0.095779,-0.916794,0.146805
414465.299390,0.129837,-0.913300,0.114548
414465.299510,0.172928,-0.918350,0.036179
414465.318257,0.212830,-0.934280,0.013779
414465.318380,0.244141,-0.966812,0.055344
414465.337127,0.274384,-1.005920,0.070251
414465.337243,0.306671,-1.049255,0.054901
414465.356062,0.324203,-1.068176,0.078522
414465.356182,0.324829,-1.060501,0.092178
414465.374745,0.318649,-1.042358,0.066467
414465.374911,0.311432,-1.027603,0.069580
414465.393627,0.293945,-1.040924,0.083145
414465.393743,0.250641,-1.089813,0.086517
414465.412432,0.182526,-1.149124,0.172104
414465.412620,0.123947,-1.182846,0.336136
414465.431564,0.132477,-1.190231,0.494324
414465.431720,0.200394,-1.172684,0.553925
414465.450343,0.193497,-1.210144,0.499680
414465.450463,0.082672,-1.307205,0.526810
414465.469229,-0.067673,-1.420563,0.563171
414465.469352,-0.279846,-1.512558,0.595413
414465.488100,-0.424469,-1.504807,0.686691
414465.488224,-0.425400,-1.385712,0.669464
414465.506855,-0.301208,-1.206345,0.530457
414465.506975,-0.196564,-1.025757,0.396423
414465.525823,-0.126083,-0.939011,0.327225
414465.525945,-0.042099,-0.950745,0.322723
414465.544720,0.051910,-1.033478,0.330093
414465.544838,0.084946,-1.075546,0.338684
414465.563380,0.102768,-1.100281,0.345673
414465.563502,0.123489,-1.122910,0.305542
414465.582759,0.132614,-1.143051,0.227188
414465.582915,0.118896,-1.134781,0.184067
414465.601288,0.061844,-1.094238,0.176529
414465.601409,0.020584,-1.053726,0.150269
414465.620157,0.004379,-1.008270,0.092941
414465.620274,0.004196,-0.932220,0.053284
414465.639039,-0.045013,-0.885345,-0.039734
414465.639156,-0.062485,-0.858582,-0.071640
414465.657888,-0.105560,-0.882248,-0.072449
414465.658009,-0.087860,-0.898041,0.014679
414465.676752,-0.115692,-0.929611,0.037720
414465.676870,-0.089203,-0.892776,0.011505
414465.695616,-0.070938,-0.840363,-0.044357
414465.695733,-0.039093,-0.805954,-0.102066
414465.714486,-0.023285,-0.789566,-0.129822
414465.714604,-0.006439,-0.834671,-0.099365
414465.733436,0.000946,-0.848587,-0.024765
414465.733552,-0.004562,-0.850586,-0.021866
414465.752095,-0.021164,-0.843536,-0.088455
414465.752215,-0.040192,-1.196167,-0.035965
414465.771129,0.087814,-0.645706,-0.130600
414465.771278,0.070679,-0.787811,-0.252274
414465.790026,0.125763,-0.833405,-0.212509
414465.790183,0.136719,-0.823486,-0.171127
414465.808856,0.146164,-0.752472,-0.218521
414465.808977,0.096695,-0.731354,-0.261917
414465.827728,0.082428,-0.751984,-0.266647
414465.827846,0.008591,-0.771667,-0.258621
414465.846607,-0.058884,-0.790466,-0.271576
414465.846725,-0.054779,-0.800858,-0.332352
414465.865457,-0.003052,-0.800659,-0.362518
414465.865579,-0.003174,-0.802597,-0.368622
414465.884325,-0.043900,-0.829956,-0.381134
414465.884443,-0.060822,-0.788528,-0.382523
414465.903170,-0.085358,-0.815857,-0.403687
414465.903303,-0.082520,-0.868118,-0.405090
414465.921861,-0.064743,-0.857651,-0.410095
414465.922003,-0.077484,-0.786209,-0.387268
414465.941213,-0.171814,-0.748032,-0.289307
414465.941340,-0.244278,-0.856476,-0.082275
414465.959819,-0.145905,-1.083405,0.049377
414465.959940,-0.077179,-1.246857,-0.028870
414465.978679,-0.152985,-1.411133,-0.066193
414465.978804,-0.326111,-1.566483,0.042145
414465.997532,-0.473557,-1.579010,0.212341
414465.997690,-0.394272,-1.401779,0.242340
414466.016400,-0.170242,-1.117188,0.134735
414466.016517,-0.021011,-0.918381,0.015930
414466.035269,0.021622,-0.787781,0.056686
414466.035390,0.011963,-0.712280,0.205841
414466.054129,-0.033371,-0.720200,0.353607
414466.054247,0.074707,-0.803497,0.317108
414466.072999,0.099014,-0.910339,0.276077
414466.073117,0.035110,-0.944824,0.235565
414466.091922,-0.000580,-1.016632,0.113678
414466.092041,0.130142,-1.160278,0.033401
414466.110533,0.121826,-1.187607,-0.209747
414466.110651,0.108994,-1.155991,-0.305405
414466.129632,-0.042755,-1.118408,-0.084946
414466.129774,-0.155289,-1.074051,0.006531
414466.148457,-0.185257,-1.055939,0.045639
414466.148576,-0.191910,-1.033188,0.033340
414466.167325,-0.101364,-0.969498,-0.008545
414466.167444,0.136627,-0.909271,-0.011978
414466.186193,0.191055,-0.916916,0.087875
414466.186310,0.039474,-0.899490,0.168350
414466.205066,0.109375,-0.864532,0.243622
414466.205223,0.161835,-0.872391,0.181458
414466.223945,0.204849,-0.858566,0.165634
414466.224065,0.123138,-0.852615,0.114700
414466.242803,0.026428,-0.820526,0.059448
414466.242922,-0.156189,-0.752716,-0.020645
414466.261666,-0.134109,-0.709274,-0.031265
414466.261785,-0.164841,-0.717651,-0.005585
414466.280379,-0.187424,-0.701233,0.014511
414466.280499,-0.117249,-0.755386,0.037308
414466.299669,-0.076935,-0.819077,0.099716
414466.299788,-0.002838,-0.849030,0.176315
414466.318290,-0.036621,-0.842361,0.189743
414466.318410,-0.045334,-0.790283,0.171051
414466.337189,0.040161,-0.779572,0.189987
414466.337316,0.201508,-0.801819,0.151154
414466.356064,0.179977,-0.825195,0.128525
414466.356188,0.143951,-0.843079,0.128754
414466.374860,0.131592,-0.866547,0.139450
414466.374984,0.135864,-0.885284,0.128265
414466.393834,0.130463,-0.900711,0.108673
414466.393963,0.163437,-0.891434,0.034378
414466.412546,0.162369,-0.908035,-0.014206
414466.412673,0.235077,-0.910446,-0.071091
414466.431633,0.249191,-0.973785,-0.087296
414466.431766,0.313904,-0.990372,-0.109055
414466.450420,0.359634,-1.001007,-0.089661
414466.450543,0.412628,-1.016464,-0.092163
414466.469156,0.453003,-1.041183,-0.111160
414466.469280,0.445572,-1.093307,-0.087952
414466.488168,0.421173,-1.158096,-0.063385
414466.488312,0.327286,-1.243973,0.001984
414466.507045,0.306931,-1.285858,0.108398
414466.507162,0.223557,-1.326538,0.226074
414466.525877,0.163864,-1.346176,0.279419
414466.525998,0.038773,-1.403275,0.204254
414466.544745,-0.051117,-1.520645,0.181213
414466.544863,-0.170364,-1.635681,0.187271
414466.563618,-0.216995,-1.672211,0.270050
414466.563735,-0.220078,-1.647659,0.361633
414466.582489,-0.156326,-1.555557,0.338577
414466.582605,-0.131409,-1.393524,0.325165
414466.601355,-0.154633,-1.232590,0.313126
414466.601474,-0.192108,-1.110046,0.268982
414466.620230,-0.195953,-1.000443,0.194321
414466.620386,-0.191528,-0.970169,0.116135
414466.638921,-0.150009,-0.886093,0.035721
414466.639047,-0.126526,-0.815842,-0.055313
414466.658126,-0.026474,-0.825974,-0.028152
414466.658249,0.030014,-0.882614,-0.005447
414466.676859,0.070831,-0.951294,-0.096237
414466.677010,0.121628,-0.986115,-0.179626
414466.695726,0.086365,-1.004532,-0.187439
414466.695846,0.131332,-1.051483,-0.139908
414466.714556,0.225235,-1.079254,-0.153610
414466.714677,0.226761,-1.025543,-0.125290
414466.733453,0.090134,-0.960602,-0.092407
414466.733577,0.123550,-0.889053,-0.095398
414466.752316,0.187241,-0.896591,-0.076828
414466.752437,0.170654,-0.904282,-0.082336
414466.771244,0.098358,-0.856857,-0.077057
414466.771374,0.063492,-0.818176,-0.049484
414466.790088,0.038147,-0.763412,-0.046066
414466.790212,0.024628,-0.735703,-0.060852
414466.808655,0.019104,-0.728638,-0.058212
414466.808773,0.032684,-0.718475,-0.048111
414466.827837,0.027527,-0.704346,-0.063309
414466.828002,0.029816,-0.699585,-0.101166
414466.847032,0.019089,-0.693588,-0.106140
414466.847159,-0.033569,-0.691986,-0.057419
414466.865540,-0.033920,-0.693695,-0.068405
414466.865661,0.014511,-0.728439,-0.089783
414466.884412,0.059052,-0.758606,-0.129486
414466.884532,0.049667,-0.768967,-0.154465
414466.903293,0.074417,-0.767685,-0.151108
414466.903412,0.039993,-0.738098,-0.181931
414466.922313,-0.004791,-0.696365,-0.227997
414466.922472,-0.039703,-0.642715,-0.263000
414466.941071,-0.069473,-0.621643,-0.303085
414466.941208,-0.071991,-0.617676,-0.339996
414466.959909,-0.076096,-0.654434,-0.380798
414466.960033,-0.021179,-0.706543,-0.358109
414466.978771,-0.023010,-0.734329,-0.349289
414466.978893,-0.027405,-0.762436,-0.318268
414466.997492,0.022583,-0.783875,-0.346970
414466.997611,0.034225,-0.821213,-0.369080
414467.016526,0.042953,-0.870499,-0.364075
414467.016643,0.050507,-0.905090,-0.325638
414467.035415,0.017990,-0.906189,-0.281860
414467.035576,-0.043716,-0.863708,-0.255249
414467.054283,-0.096161,-0.827759,-0.249344
414467.054407,-0.141907,-0.840210,-0.266266
414467.073086,-0.200516,-0.899277,-0.229019
414467.073204,-0.214600,-0.994049,-0.136673
414467.092015,-0.219604,-1.146881,-0.080109
414467.092134,-0.217896,-1.306046,-0.067505
414467.110886,-0.223236,-1.369659,-0.049377
414467.111004,-0.228043,-1.435333,0.102127
414467.129764,-0.250305,-1.521255,0.261856
414467.129880,-0.201584,-1.555618,0.268356
414467.148626,-0.159973,-1.408798,0.204742
414467.148743,-0.095047,-1.150528,0.207672
414467.167474,-0.010757,-1.000992,0.196426
414467.167593,-0.032516,-0.919769,0.222321
414467.188315,-0.082703,-0.874283,0.242203
414467.188440,-0.130814,-0.923279,0.248749
414467.207265,-0.210907,-0.937103,0.257919
414467.207395,-0.272324,-0.895981,0.251083
414467.225229,-0.296570,-0.862320,0.226181
414467.225359,-0.281540,-0.908524,0.213638
414467.242988,-0.201935,-0.985916,0.159073
414467.243157,-0.148499,-1.039520,0.261414
414467.261834,-0.092300,-1.041946,0.259644
414467.261958,-0.056137,-1.019714,0.222977
414467.280681,-0.002014,-0.984695,0.215042
414467.280800,0.018280,-0.948532,0.215897
414467.299557,0.036240,-0.927139,0.202560
414467.299676,0.014816,-0.913437,0.212402
414467.318420,0.015594,-0.921585,0.203629
414467.318540,0.010666,-0.913300,0.218735
414467.337318,-0.006470,-0.899887,0.234238
414467.337439,-0.042755,-0.882767,0.284286
414467.355877,-0.082260,-0.867264,0.322342
414467.356013,-0.102142,-0.878357,0.284088
414467.374934,-0.115082,-0.916672,0.274246
414467.375054,-0.090225,-0.930466,0.261490
414467.393912,-0.025314,-0.928024,0.228256
414467.394053,0.090805,-0.947601,0.310501
414467.412770,0.147293,-0.968323,0.382034
414467.412854,0.169891,-0.981171,0.307449
414467.431692,0.197662,-0.970490,0.247284
414467.431847,0.216934,-0.952774,0.269424
414467.450462,0.247726,-0.949112,0.257675
414467.450622,0.297546,-0.929733,0.245300
414467.469324,0.340424,-0.919952,0.234863
414467.469447,0.379456,-0.921280,0.167709
414467.488195,0.409790,-0.939926,0.113464
414467.488314,0.414520,-0.944977,0.077103
414467.507032,0.378342,-0.987595,0.034836
414467.507149,0.326141,-1.028793,0.002014
414467.525794,0.280991,-1.032532,-0.034241
414467.525911,0.224136,-1.021240,-0.081100
414467.544769,0.199036,-0.980164,-0.152679
414467.544889,0.200333,-0.943192,-0.193512
414467.563849,0.247818,-0.942581,-0.201950
414467.563968,0.272263,-0.981979,-0.184875
414467.582484,0.295868,-1.010925,-0.125305
414467.582603,0.305359,-1.042740,-0.096603
414467.601349,0.305862,-1.065872,-0.100998
414467.601467,0.286789,-1.088715,-0.097931
414467.620204,0.257492,-1.085068,-0.090088
414467.620322,0.241379,-1.064606,-0.083130
414467.639070,0.260010,-1.026825,-0.054443
414467.639187,0.221786,-1.036102,0.046921
414467.657932,0.039062,-1.106964,0.289993
414467.658088,-0.263794,-1.174973,0.518234
414467.676805,-0.473755,-1.234833,0.504288
414467.676927,-0.413712,-1.227020,0.315323
414467.695658,-0.255798,-1.122681,0.377258
414467.695775,-0.247742,-0.986069,0.550690
414467.714341,-0.352203,-0.927841,0.488754
414467.714462,-0.434769,-0.942932,0.308090
414467.733370,-0.320648,-1.098846,0.106735
414467.733488,-0.122711,-1.282303,0.095932
414467.752267,0.045547,-1.376266,0.318161
414467.752409,0.202927,-1.431137,0.477219
414467.771103,0.299438,-1.391006,0.478638
414467.771220,0.319656,-1.272263,0.294662
414467.790020,0.289261,-1.133575,0.062683
414467.790136,0.226990,-1.080536,0.053360
414467.808894,0.177826,-1.132965,0.189392
414467.809012,0.155167,-1.205750,0.242813
414467.827687,0.156799,-1.214020,0.215210
414467.827804,0.147537,-1.155487,0.143738
414467.846564,0.160217,-1.036591,0.004211
414467.846682,0.171524,-0.894211,-0.114594
414467.865463,0.172836,-0.796387,-0.186264
414467.865623,0.129791,-0.739914,-0.170517
414467.884355,0.065613,-0.747528,-0.117218
414467.884474,0.024811,-0.791702,-0.109665
414467.903054,-0.007416,-0.824142,-0.147980
414467.903174,-0.031433,-0.820343,-0.240555
