64571.970278,0.008488,-0.004896,-0.036096
64571.980800,0.012065,0.003573,-0.031314
64571.991319,0.015640,0.003525,-0.034979
64572.001841,0.010873,-0.000061,-0.033712
64572.012359,0.002506,-0.009696,-0.031228
64572.022881,-0.001109,-0.016969,-0.028825
64572.033400,0.007249,-0.010988,-0.033733
64572.043922,0.006065,-0.010968,-0.033707
64572.054441,0.008465,-0.004909,-0.032509
64572.064963,0.010818,-0.007390,-0.032582
64572.086004,0.006042,-0.012198,-0.031327
64572.075482,0.002506,-0.006046,-0.027608
64572.096522,0.008441,-0.009788,-0.033748
64572.107044,0.009704,-0.000032,-0.036078
64572.117563,0.015632,-0.000128,-0.037402
64572.128085,0.010896,-0.001265,-0.038506
64572.138604,0.003776,0.000063,-0.034754
64572.149126,0.000200,-0.002323,-0.033502
64572.159645,0.002584,-0.002354,-0.035945
64572.170167,0.000215,-0.004747,-0.038307
64572.180686,0.004889,-0.008511,-0.032464
64572.191208,0.008481,-0.002467,-0.032487
64572.201726,0.004890,-0.003645,-0.027637
64572.212248,0.009658,0.001158,-0.027697
64572.222767,0.010865,0.003584,-0.028897
64572.233289,0.007336,0.003657,-0.032407
64572.243808,0.008505,0.006061,-0.027628
64572.254330,0.002546,0.006140,-0.021520
64572.264849,0.002616,0.011045,-0.027455
64572.275371,0.006215,0.012227,-0.033500
64572.285890,0.009799,0.014617,-0.035947
64572.296412,0.003784,0.003717,-0.032330
64572.306930,0.007266,-0.001247,-0.026472
64572.317452,0.004969,0.006130,-0.029942
64572.338493,0.003832,0.015908,-0.027437
64572.327971,0.007376,0.014627,-0.027526
64572.349012,0.002632,0.011053,-0.029847
64572.359534,0.003792,0.009804,-0.027492
64572.370053,-0.000952,0.008663,-0.027400
64572.380575,0.002545,-0.001159,-0.028760
64572.391094,0.000177,0.000098,-0.027502
64572.401616,-0.001023,-0.003540,-0.028705
64572.422657,-0.000959,0.008659,-0.026204
64572.412135,0.001377,0.003736,-0.026299
64572.433176,0.005001,0.014663,-0.026278
64572.443698,0.001385,0.009823,-0.021462
64572.454216,0.008467,0.006040,-0.021649
64572.464738,0.001408,0.004969,-0.029876
64572.475257,0.000225,0.006206,-0.028643
64572.485779,0.003729,-0.001179,-0.028786
64572.496298,0.006207,0.011006,-0.033511
64572.506820,0.005008,0.011018,-0.031094
64572.517339,0.007407,0.012211,-0.034722
64572.527861,0.006230,0.008586,-0.039512
64572.538380,0.000255,0.002574,-0.037046
64572.548902,0.000184,-0.004764,-0.033524
64572.559421,0.007250,-0.007339,-0.030113
64572.569943,0.008473,-0.004904,-0.033704
64572.580462,0.006113,-0.002427,-0.032435
64572.590984,0.010944,0.010926,-0.033614
64572.601502,0.020353,0.000999,-0.033908
64572.612024,0.025044,-0.001539,-0.029249
64572.622543,0.007274,-0.001243,-0.027667
64572.633065,0.002631,0.008620,-0.032260
64572.654106,0.009697,-0.000037,-0.034882
64572.643584,0.007297,-0.001230,-0.031255
64572.675147,0.008489,-0.002463,-0.033683
64572.664625,0.013202,-0.004989,-0.032612
64572.685666,0.016746,-0.006269,-0.032700
64572.696188,0.010872,-0.002494,-0.036126
64572.706707,0.006128,-0.007285,-0.039653
64572.717229,0.002551,-0.012103,-0.040815
64572.727748,0.000144,-0.015734,-0.038405
64572.738270,0.001375,-0.008429,-0.038365
64572.748789,0.004897,-0.008506,-0.033660
64572.759311,0.007297,-0.004880,-0.034875
64572.769829,0.006097,-0.007302,-0.034871
64572.780351,0.001313,-0.013330,-0.033626
64572.790870,0.004881,-0.014598,-0.037302
64572.801392,0.001360,-0.010871,-0.038387
64572.822433,0.003885,0.006206,-0.045461
64572.811911,0.005014,0.000074,-0.043149
64572.832952,0.001462,0.001350,-0.041866
64572.843474,-0.003275,-0.001003,-0.044175
64572.853993,-0.010340,0.006437,-0.042760
64572.864515,-0.006772,0.010036,-0.041609
64572.885556,-0.000867,0.009927,-0.039346
64572.875034,-0.000867,0.008710,-0.040553
64572.896075,-0.004427,0.008766,-0.039280
64572.906597,-0.005635,0.005124,-0.039287
64572.917116,-0.002082,0.007497,-0.036951
64572.927638,-0.000867,0.006277,-0.042966
64572.938157,0.000239,-0.003517,-0.040687
64572.948679,-0.000922,-0.002268,-0.043042
64572.959198,-0.004459,0.000234,-0.042943
64572.969720,-0.003275,0.000214,-0.042969
64572.980239,-0.004522,-0.007100,-0.040617
64572.990761,-0.005683,-0.007067,-0.044179
64573.001280,-0.011611,-0.005755,-0.041648
64573.011802,-0.009235,-0.004574,-0.041688
64573.022321,-0.010458,-0.007009,-0.038097
64573.032843,-0.006906,-0.010718,-0.041794
64573.043361,-0.004569,-0.011992,-0.038270
64573.053883,-0.004577,-0.015646,-0.040694
64573.064402,-0.002154,-0.008356,-0.041876
64573.074924,-0.005738,-0.013180,-0.041842
64573.085443,-0.012795,-0.004518,-0.040415
64573.095965,-0.009344,-0.013150,-0.033394
64573.106484,-0.008113,-0.007061,-0.034561
64573.117006,-0.005784,-0.015639,-0.037081
64573.127525,-0.004569,-0.013208,-0.039476
64573.138047,-0.004530,-0.010754,-0.043041
64573.148566,-0.006874,-0.005834,-0.041751
64573.159088,0.000223,-0.007176,-0.041916
64573.169607,0.000207,-0.009617,-0.041938
64573.180129,-0.005683,-0.008283,-0.045385
64573.190648,-0.007988,0.001523,-0.045247
64573.201170,-0.004475,-0.003425,-0.044172
64573.211689,-0.004545,-0.010762,-0.040650
64573.222211,-0.004530,-0.007105,-0.039422
64573.232730,-0.006796,0.005157,-0.042848
64573.243252,-0.005635,0.001474,-0.042907
64573.253771,-0.005620,0.000266,-0.046505
64573.264293,-0.012755,-0.000847,-0.042774
64573.274812,-0.008050,-0.004594,-0.041714
64573.285334,-0.010363,0.007641,-0.037966
64573.295853,-0.012724,0.007685,-0.039110
64573.306375,-0.010285,0.013767,-0.043890
64573.316894,-0.015147,0.001613,-0.036722
64573.327416,-0.010473,-0.004584,-0.033292
64573.337935,-0.010340,0.006437,-0.042760
64573.348457,-0.010332,0.010092,-0.040336
64573.358976,-0.009093,0.013751,-0.045112
64573.369498,-0.004373,0.011229,-0.045237
64573.380017,-0.010364,0.000342,-0.045206
64573.390539,-0.011454,0.011362,-0.048669
64573.401058,-0.010356,0.003996,-0.042782
64573.411580,-0.012755,0.001586,-0.040360
64573.422099,-0.009187,0.005184,-0.039210
64573.432621,-0.009202,0.006392,-0.035612
64573.443140,-0.012692,0.013785,-0.037860
64573.453662,-0.011556,0.000358,-0.043984
64573.464181,-0.008004,-0.000919,-0.045268
64573.474703,-0.005635,0.001474,-0.042907
64573.485222,-0.008050,0.000272,-0.036887
64573.495744,-0.008042,0.001493,-0.036877
64573.506263,-0.006866,-0.000964,-0.038120
64573.516785,-0.004584,-0.008351,-0.032258
64573.527304,-0.005736,-0.003447,-0.032189
64573.537826,-0.008073,-0.000957,-0.034507
64573.548345,-0.006866,0.000252,-0.036913
64573.558867,-0.006858,0.000256,-0.038109
64573.569386,-0.003337,-0.002254,-0.035816
64573.579908,-0.005745,-0.008318,-0.035820
64573.590427,-0.004529,-0.003455,-0.035802
64573.600949,-0.003462,-0.014488,-0.028751
64573.611468,-0.004615,-0.008368,-0.027475
64573.621990,-0.001039,-0.008415,-0.031140
64573.632509,-0.002200,-0.005949,-0.032288
64573.643031,0.003643,-0.010958,-0.025286
64573.653550,0.011861,-0.018436,-0.021945
64573.664072,0.012943,-0.028244,-0.016079
64573.674591,0.008348,-0.017138,-0.026639
64573.685113,0.000099,-0.010894,-0.026404
64573.695632,0.007234,-0.007347,-0.027722
64573.706154,0.010779,-0.009845,-0.029017
64573.716673,0.014354,-0.009892,-0.032681
64573.727195,0.007297,-0.004880,-0.034875
64573.737714,0.001313,-0.008464,-0.028800
64573.748236,-0.009367,-0.014379,-0.031014
64573.758755,0.002450,-0.017025,-0.030098
64573.769277,0.006058,-0.009756,-0.031305
64573.779796,0.003791,0.001288,-0.035939
64573.790318,-0.000906,0.002607,-0.040607
64573.800837,-0.002185,-0.008374,-0.037093
64573.811359,0.002513,-0.010908,-0.033630
64573.821878,0.002536,-0.010896,-0.037217
64573.832400,0.003736,-0.006041,-0.034808
64573.842919,-0.001031,-0.008411,-0.032336
64573.853441,-0.005760,-0.010760,-0.035841
64573.863960,-0.005784,-0.016855,-0.038287
64573.874482,-0.003376,-0.009575,-0.037078
64573.895523,-0.009250,-0.003366,-0.038090
64573.885001,-0.004529,-0.003455,-0.035802
64573.906042,-0.003322,-0.005895,-0.041828
64573.916564,-0.004436,0.001463,-0.045324
64573.927083,-0.009227,-0.005786,-0.044090
64573.937605,-0.010403,-0.004545,-0.044054
64573.948124,-0.008034,-0.000936,-0.040485
64573.958646,-0.006851,-0.002172,-0.041718
64573.969164,-0.005635,0.000258,-0.044113
64573.979686,-0.006819,0.003927,-0.040468
64573.990206,-0.011611,-0.002105,-0.038028
64574.000728,-0.013932,0.002827,-0.040324
64574.011247,-0.010418,-0.000904,-0.038042
64574.021769,-0.005776,-0.014418,-0.037070
64574.032288,-0.006921,-0.009510,-0.038196
64574.042810,-0.005721,-0.004656,-0.035787
64574.063851,-0.008113,-0.007061,-0.034561
64574.053329,-0.006921,-0.007077,-0.035783
64574.084892,-0.004553,-0.007117,-0.035834
64574.074370,-0.001008,-0.007181,-0.034716
64574.095411,-0.004466,0.003878,-0.038128
64574.105933,-0.008058,-0.002165,-0.038105
64574.116452,-0.010364,0.003992,-0.041586
64574.126974,-0.010301,0.010109,-0.045119
64574.137493,-0.009179,0.005188,-0.040405
64574.148015,-0.005666,0.002674,-0.036917
64574.158534,-0.004545,-0.007113,-0.037030
64574.169056,-0.005705,-0.002214,-0.035765
64574.179575,-0.006889,-0.000977,-0.034533
64574.190097,-0.012825,-0.002103,-0.033219
64574.211138,-0.011721,-0.016764,-0.035767
64574.200616,-0.012873,-0.010644,-0.034491
64574.221657,-0.010473,-0.008233,-0.036912
64574.232179,-0.009281,-0.007033,-0.036927
64574.242698,-0.011642,-0.004556,-0.035658
64574.253220,-0.016410,-0.008142,-0.034392
64574.263739,-0.010458,-0.005792,-0.036890
64574.274261,-0.010426,-0.003342,-0.039260
64574.284780,-0.012802,-0.004523,-0.039219
64574.295302,-0.012920,-0.020402,-0.036970
64574.305821,-0.012905,-0.021610,-0.040568
64574.316343,-0.014042,-0.016697,-0.042890
64574.326862,-0.016482,-0.026428,-0.041730
64574.337384,-0.018904,-0.031285,-0.038135
64574.347903,-0.020104,-0.032490,-0.036924
64574.358425,-0.016497,-0.024004,-0.036925
64574.368944,-0.017744,-0.033751,-0.036987
64574.379466,-0.009455,-0.037540,-0.040787
64574.389985,-0.012960,-0.031372,-0.041851
64574.400507,-0.021265,-0.032457,-0.040485
64574.421548,-0.022378,-0.021449,-0.040362
64574.411026,-0.017658,-0.026404,-0.042900
64574.432067,-0.022394,-0.023891,-0.040383
64574.442589,-0.017712,-0.028867,-0.036943
64574.453108,-0.015312,-0.020374,-0.033331
64574.463630,-0.010575,-0.020454,-0.033434
64574.474149,0.001211,-0.026767,-0.031355
64574.484671,-0.007086,-0.031497,-0.034805
64574.505712,-0.010740,-0.040009,-0.027630
64574.495190,-0.009494,-0.033912,-0.031189
64574.516231,-0.010755,-0.035151,-0.020412
64574.526753,-0.005917,-0.026660,-0.027613
64574.537272,-0.000019,-0.026773,-0.024155
64574.547794,-0.009509,-0.032704,-0.027590
64574.558314,-0.006984,-0.016843,-0.035870
64574.568836,-0.012952,-0.025285,-0.037013
64574.579355,-0.021375,-0.044682,-0.035812
64574.589877,-0.020159,-0.043468,-0.039414
64574.600396,-0.016599,-0.039875,-0.037067
64574.610918,-0.016576,-0.037429,-0.038241
64574.621437,-0.016528,-0.030104,-0.038175
64574.631959,-0.021359,-0.044674,-0.038203
64574.642478,-0.024975,-0.051947,-0.035800
64574.653000,-0.027358,-0.053132,-0.034564
64574.674041,-0.026103,-0.040948,-0.033284
64574.663519,-0.026103,-0.043381,-0.035698
64574.684560,-0.014222,-0.032611,-0.031075
64574.695082,-0.014167,-0.028932,-0.035825
64574.716123,-0.018951,-0.036177,-0.035787
64574.705601,-0.017775,-0.038634,-0.037030
64574.726642,-0.016528,-0.026454,-0.034556
64574.737164,-0.016489,-0.024000,-0.038121
64574.747683,-0.016528,-0.027671,-0.035762
64574.758205,-0.017752,-0.034972,-0.036997
64574.768724,-0.015368,-0.036219,-0.040647
64574.779246,-0.014113,-0.028901,-0.044195
64574.789765,-0.010639,-0.036304,-0.039555
64574.800287,-0.014137,-0.030131,-0.041814
64574.810806,-0.010609,-0.038720,-0.046751
64574.821328,-0.013031,-0.043576,-0.043155
64574.831847,-0.009424,-0.031440,-0.039537
64574.842369,-0.008137,-0.016806,-0.040627
64574.852888,-0.011651,-0.013075,-0.042909
64574.863410,-0.016403,-0.014220,-0.041621
64574.873929,-0.019987,-0.022693,-0.045207
64574.884451,-0.018795,-0.021493,-0.045222
64574.905492,-0.021147,-0.015361,-0.041529
64574.894970,-0.021171,-0.021457,-0.043975
64574.916011,-0.021147,-0.016577,-0.042735
64574.926533,-0.015180,-0.015435,-0.048832
64574.937052,-0.018764,-0.020259,-0.048798
64574.947574,-0.023704,-0.042188,-0.039326
64574.958093,-0.012991,-0.032606,-0.038274
64574.968615,-0.011729,-0.025283,-0.043018
64574.979134,-0.009384,-0.022903,-0.037069
64574.989656,-0.014026,-0.009390,-0.038042
64575.000176,-0.017602,-0.012992,-0.037997
64575.010698,-0.017657,-0.017888,-0.034454
64575.021217,-0.020088,-0.031264,-0.038109
64575.031739,-0.017672,-0.021547,-0.035682
64575.042258,-0.011745,-0.024076,-0.039420
64575.052780,0.001304,-0.023066,-0.042084
64575.063299,-0.002209,-0.014469,-0.039539
64575.073821,-0.001031,-0.009627,-0.033542
64575.084340,0.009595,-0.009825,-0.028991
64575.094862,0.023742,-0.014965,-0.024561
64575.105381,0.022550,-0.014949,-0.023339
64575.115903,0.019067,-0.012418,-0.031610
64575.126422,0.023811,-0.014927,-0.035323
64575.136944,0.027316,-0.023528,-0.036672
64575.147463,0.022549,-0.022249,-0.030579
64575.157985,0.020235,-0.016096,-0.032865
64575.168504,0.026118,-0.016217,-0.027015
64575.179026,0.030846,-0.021168,-0.030749
64575.189545,0.030823,-0.019964,-0.025955
64575.200067,0.033152,-0.024892,-0.024854
64575.210586,0.027200,-0.024809,-0.019942
64575.221108,0.024856,-0.022323,-0.021065
64575.231627,0.029599,-0.026048,-0.025983
64575.242149,0.034313,-0.024925,-0.021293
64575.252668,0.023679,-0.021082,-0.021028
64575.263190,0.037881,-0.018893,-0.017728
64575.273709,0.039113,-0.007939,-0.014069
64575.284231,0.046218,-0.005626,-0.011810
64575.305272,0.050923,-0.014239,-0.015577
64575.294750,0.052139,-0.008159,-0.014352
64575.315792,0.054453,-0.010662,-0.008447
64575.326314,0.060264,-0.020555,-0.001489
64575.336833,0.060210,-0.023018,0.004468
64575.347355,0.061425,-0.020588,0.002072
64575.357874,0.066131,-0.019468,0.007959
64575.368396,0.070836,-0.020782,0.011432
64575.378915,0.072129,-0.015876,-0.000507
64575.389437,0.073376,-0.009779,-0.004065
64575.399956,0.059228,-0.008288,-0.012115
64575.410478,0.046203,-0.008068,-0.011832
64575.420997,0.048476,-0.021541,-0.010808
64575.431519,0.042571,-0.022649,-0.014277
64575.442038,0.039128,-0.012796,-0.021287
64575.452560,0.030917,-0.008964,-0.029444
64575.463079,0.019169,0.001019,-0.033882
64575.473601,0.007438,0.012228,-0.039505
64575.484120,-0.005494,0.014933,-0.051157
64575.494642,0.000480,0.012430,-0.062069
64575.505161,-0.001887,0.019769,-0.054777
64575.515683,-0.006546,0.023541,-0.063012
64575.536724,-0.004217,0.023480,-0.057085
64575.526202,-0.001833,0.023448,-0.059528
64575.557765,0.000356,0.008712,-0.046557
64575.547243,-0.000757,0.017286,-0.048847
64575.568284,0.002708,0.006230,-0.046631
64575.578806,-0.003259,0.001438,-0.044154
64575.589325,-0.004420,0.003904,-0.045302
64575.599847,0.000262,-0.003504,-0.044275
64575.620888,-0.005644,-0.002180,-0.045331
64575.610366,-0.005675,-0.005846,-0.044168
64575.631408,-0.012748,-0.000843,-0.043969
64575.641930,-0.012787,-0.004514,-0.041611
64575.652449,-0.008097,-0.009486,-0.039366
64575.662971,-0.005612,0.005137,-0.042874
64575.673490,-0.011485,0.013778,-0.041473
64575.684012,-0.009093,0.014967,-0.043905
64575.694531,-0.009140,0.012509,-0.039144
64575.705053,-0.009148,0.010072,-0.040362
64575.715572,-0.009180,0.003972,-0.041612
64575.726094,-0.002099,-0.001027,-0.043006
64575.747135,-0.005658,0.001461,-0.039320
64575.736613,-0.002036,0.007523,-0.044125
64575.757654,-0.005611,0.006353,-0.041668
64575.768176,-0.005603,0.011223,-0.038037
64575.778695,-0.007963,0.013701,-0.036767
64575.789217,-0.004528,0.001411,-0.030975
64575.810258,0.000153,-0.007214,-0.031154
64575.799736,0.000161,-0.005993,-0.031144
64575.820777,0.001376,-0.002347,-0.032332
64575.831299,0.004968,0.000048,-0.035975
64575.841818,-0.003305,0.002629,-0.035773
64575.852340,-0.004584,-0.008351,-0.032258
64575.862859,-0.003329,-0.001033,-0.035805
64575.873381,0.002537,-0.006029,-0.032391
64575.883900,0.003744,-0.007253,-0.037210
64575.894422,0.002536,-0.008462,-0.034804
64575.904942,0.004873,-0.013386,-0.034899
64575.915464,0.010723,-0.019607,-0.030300
64575.925983,0.016629,-0.022149,-0.030451
64575.936505,0.006018,-0.018293,-0.033773
64575.947024,0.001290,-0.014559,-0.031246
64575.957546,0.002458,-0.018237,-0.032500
64575.968065,0.016636,-0.022144,-0.031646
64575.978587,0.020220,-0.019755,-0.034093
64575.989106,0.010801,-0.014698,-0.037430
64575.999628,0.003666,-0.015811,-0.033700
64576.010147,0.004865,-0.014606,-0.034910
64576.020669,0.011955,-0.015952,-0.033880
64576.031188,0.010778,-0.017144,-0.036257
64576.041710,0.006050,-0.013410,-0.033729
64576.052229,0.003752,-0.007249,-0.038406
64576.062751,0.001406,-0.008412,-0.043148
64576.073270,0.002591,-0.004783,-0.039554
64576.083792,0.000215,-0.005963,-0.039514
64576.104833,-0.002192,-0.009595,-0.037103
64576.094311,0.000183,-0.012063,-0.040764
64576.115352,-0.003314,-0.001025,-0.038197
64576.125874,-0.002145,-0.002270,-0.037038
64576.136393,-0.003290,0.001421,-0.039371
64576.146915,-0.006866,-0.003397,-0.040533
64576.157435,-0.004482,0.001437,-0.038150
64576.167957,-0.002138,-0.005915,-0.041854
64576.188998,-0.005683,-0.007067,-0.044179
64576.178476,-0.002123,-0.005906,-0.044245
64576.199517,-0.011486,0.007695,-0.047506
64576.210039,-0.010395,-0.000891,-0.041630
64576.231080,-0.005635,0.000258,-0.044113
64576.220558,-0.005628,-0.000954,-0.046516
64576.241599,-0.002083,0.001414,-0.042984
64576.252121,-0.005666,0.001457,-0.038124
64576.262640,-0.003274,0.003863,-0.039349
64576.273162,-0.009219,0.000301,-0.039253
64576.283681,-0.006882,-0.002190,-0.036935
64576.294203,-0.004576,-0.009563,-0.034661
64576.304722,0.000176,-0.008418,-0.035948
64576.315244,-0.000969,-0.004727,-0.038281
64576.325763,0.003792,0.002505,-0.034732
64576.336285,0.001485,0.005012,-0.041833
64576.346804,0.006230,0.006153,-0.041925
64576.357326,0.001423,0.001328,-0.035887
64576.367845,0.005046,0.009823,-0.038279
64576.378367,0.005062,0.011048,-0.039464
64576.388886,-0.000835,0.016027,-0.038096
64576.399408,-0.002027,0.011176,-0.041701
64576.420450,0.001603,0.023324,-0.041669
64576.409928,0.001533,0.012337,-0.041767
64576.430969,-0.000780,0.018490,-0.044053
64576.441491,-0.002043,0.012384,-0.038103
64576.452010,0.002678,0.012296,-0.035814
64576.462532,0.004992,0.011009,-0.028702
64576.473051,0.007423,0.018302,-0.031080
64576.483573,0.009799,0.017050,-0.033534
64576.494092,0.006223,0.012231,-0.034696
64576.504614,0.010827,-0.000087,-0.026538
64576.515133,0.013124,-0.007464,-0.023068
64576.525655,0.013132,-0.005027,-0.021850
64576.536174,0.012049,0.001131,-0.031336
64576.546696,0.007383,0.007332,-0.035961
64576.557215,0.015656,0.004751,-0.036163
64576.567737,0.014519,0.010879,-0.037279
64576.588778,0.012151,0.008486,-0.039641
64576.578256,0.013351,0.018207,-0.032405
64576.599297,0.012151,0.012135,-0.036021
64576.609819,0.012175,0.014581,-0.037195
64576.620338,0.010991,0.015818,-0.035962
64576.630860,0.003925,0.022042,-0.035753
64576.641380,0.003941,0.022051,-0.038144
64576.651902,0.001487,0.015961,-0.030973
64576.662421,0.001338,-0.001152,-0.025147
64576.672943,0.007203,-0.009798,-0.025352
64576.683462,0.014316,-0.007480,-0.024289
64576.693984,0.013132,-0.002594,-0.019437
64576.704503,0.006012,-0.006132,-0.020511
64576.715025,0.002569,0.002504,-0.028728
64576.725544,-0.004598,-0.002277,-0.023834
64576.736066,-0.002199,0.001350,-0.025048
64576.746585,-0.005665,0.006323,-0.033297
64576.757107,-0.005712,0.001431,-0.030950
64576.767626,-0.004537,-0.004676,-0.035813
64576.778148,-0.005737,-0.005881,-0.034602
64576.788667,-0.008136,-0.013157,-0.037007
64576.799189,-0.011594,0.002769,-0.035593
64576.809708,-0.008042,-0.002157,-0.040496
64576.820230,-0.006858,0.002690,-0.035696
64576.830749,-0.008065,0.003913,-0.030876
64576.841271,-0.008057,0.005134,-0.030865
64576.851790,-0.004599,-0.007143,-0.028660
64576.862312,-0.009328,-0.007058,-0.029753
64576.872831,-0.006959,-0.004665,-0.027391
64576.883353,-0.010441,0.001516,-0.032042
64576.904394,-0.003321,0.002621,-0.033381
64576.893872,-0.003352,-0.002263,-0.033425
64576.914914,-0.004520,0.002632,-0.030965
64576.925436,0.003729,-0.002396,-0.029993
64576.935955,-0.004529,-0.001022,-0.033388
64576.946477,-0.010426,0.001524,-0.034434
64576.956996,-0.016315,0.006507,-0.034261
64576.967518,-0.010395,0.003974,-0.036803
64576.978037,-0.008120,-0.005849,-0.032159
64576.988559,-0.010488,-0.002160,-0.028488
64576.999078,-0.009265,0.000275,-0.032079
64577.009600,-0.006959,-0.003449,-0.026184
64577.020119,-0.009336,-0.010712,-0.032177
64577.030641,-0.005698,-0.002210,-0.036961
64577.041160,-0.010489,-0.010675,-0.036934
64577.051682,-0.017633,-0.016659,-0.036834
64577.062201,-0.016426,-0.014233,-0.038034
64577.072723,-0.013986,-0.002070,-0.036780
64577.083242,-0.016386,-0.005696,-0.035566
64577.093764,-0.013986,-0.002070,-0.036780
64577.104283,-0.012849,-0.008198,-0.035665
64577.114805,-0.015178,-0.004487,-0.037972
64577.135847,-0.013924,0.004047,-0.040313
64577.125325,-0.017571,-0.010542,-0.040366
64577.146366,-0.015100,0.005289,-0.040276
64577.156888,-0.011493,0.011341,-0.042690
64577.167407,-0.015107,0.006500,-0.037874
64577.177929,-0.012787,-0.003297,-0.040404
64577.188448,-0.009282,-0.009466,-0.039340
64577.198970,-0.006921,-0.010727,-0.039403
64577.220011,-0.005737,-0.008314,-0.037015
64577.209489,-0.001032,-0.015710,-0.039575
64577.241052,-0.011611,-0.008188,-0.044061
64577.230530,-0.012834,-0.009406,-0.039263
64577.251571,-0.013955,-0.003268,-0.042770
64577.262093,-0.010443,-0.011866,-0.045315
64577.272612,-0.011697,-0.016751,-0.039354
64577.283134,-0.014113,-0.022819,-0.038162
64577.293653,-0.012858,-0.014285,-0.040502
64577.304175,-0.009298,-0.015557,-0.042982
64577.314694,-0.010466,-0.010662,-0.040521
64577.325216,-0.010521,-0.015558,-0.036978
64577.335735,-0.011752,-0.022863,-0.037017
64577.346257,-0.005832,-0.026613,-0.040766
64577.356776,-0.003370,-0.016869,-0.045513
64577.367298,-0.003440,-0.022990,-0.040785
64577.377818,-0.006938,-0.020467,-0.046664
64577.388340,-0.005714,-0.013167,-0.045429
64577.398858,-0.005675,-0.008279,-0.046581
64577.409380,0.001383,-0.008425,-0.039561
64577.419900,0.002536,-0.010896,-0.037217
64577.430422,0.000215,-0.004747,-0.038307
64577.440941,0.004951,-0.008476,-0.042030
64577.451463,0.007366,-0.006058,-0.046843
64577.461982,0.004975,-0.004814,-0.041997
64577.472504,0.001368,-0.009650,-0.038376
64577.483023,-0.002209,-0.014469,-0.039539
64577.493545,-0.000985,-0.009601,-0.040716
64577.504064,0.006136,-0.004847,-0.038436
64577.514586,0.003720,-0.012132,-0.038450
64577.525105,-0.001008,-0.008398,-0.035923
64577.535627,0.001359,-0.012088,-0.039594
64577.546146,0.003806,-0.003569,-0.043156
64577.556668,-0.003361,-0.009566,-0.039469
64577.577709,-0.001000,-0.008393,-0.037118
64577.567187,-0.004585,-0.015650,-0.039498
64577.588228,0.000144,-0.014518,-0.037199
64577.598750,-0.002247,-0.016924,-0.035973
64577.609269,-0.000969,-0.007160,-0.040694
64577.619791,-0.002138,-0.007131,-0.043060
64577.630311,0.000223,-0.004743,-0.039503
64577.640833,-0.003377,-0.010791,-0.038284
64577.651352,-0.002122,-0.001040,-0.039419
64577.661874,-0.000860,0.003849,-0.046575
64577.672393,0.000270,-0.001067,-0.043057
64577.682915,0.001429,-0.008399,-0.046736
64577.693434,0.006119,-0.013371,-0.044491
64577.703956,0.008472,-0.012203,-0.040944
64577.714475,0.003712,-0.012136,-0.037254
64577.724997,0.007265,-0.013413,-0.038538
64577.735516,0.008480,-0.010983,-0.040933
64577.746038,0.009688,-0.007340,-0.040926
64577.756557,0.009680,-0.008561,-0.040937
64577.767079,0.009656,-0.012223,-0.040970
64577.777598,0.012024,-0.013480,-0.042228
64577.788120,0.002536,-0.014545,-0.040837
64577.798639,-0.002153,-0.005923,-0.039462
64577.809161,0.000183,-0.012063,-0.040764
64577.819680,0.001335,-0.018183,-0.042040
64577.830202,0.004936,-0.009702,-0.040845
64577.840721,0.006198,-0.001163,-0.044382
64577.851243,0.007381,-0.004833,-0.048027
64577.861762,0.005006,-0.003580,-0.045573
64577.872284,0.004983,-0.003593,-0.041986
64577.882804,0.006167,-0.004830,-0.043219
64577.893326,0.006206,0.002491,-0.041958
64577.914367,0.008520,-0.001229,-0.037259
64577.903845,0.008543,-0.001216,-0.040846
64577.924886,0.009720,0.001192,-0.037263
64577.935408,0.009719,-0.001241,-0.039676
64577.956449,0.009665,-0.006136,-0.036132
64577.945927,0.010817,-0.014689,-0.039822
64577.966968,0.008496,-0.003675,-0.036085
64577.977490,0.010879,-0.008572,-0.043354
64577.988009,0.001383,-0.010858,-0.041975
64577.998531,-0.003313,0.000192,-0.036990
64578.009050,-0.006834,0.005135,-0.036870
64578.019572,-0.009203,0.003959,-0.038025
64578.030091,-0.008097,-0.007053,-0.036953
64578.040613,-0.006889,-0.000977,-0.034533
64578.051132,-0.002129,0.002605,-0.034603
64578.061654,0.001399,-0.004767,-0.038333
64578.072173,0.002513,-0.008475,-0.031217
64578.082695,0.004921,-0.004844,-0.033627
64578.093214,0.004991,0.002494,-0.037149
64578.103736,0.000247,0.000136,-0.038263
64578.114256,-0.009203,0.005175,-0.036818
64578.124778,-0.005737,-0.007097,-0.035809
64578.135297,-0.005698,-0.003426,-0.038167
64578.145819,-0.004553,-0.009550,-0.038248
64578.156338,-0.000961,-0.004723,-0.039477
64578.166860,0.002592,-0.001133,-0.035934
64578.177379,0.001422,-0.002321,-0.039507
64578.187901,-0.000937,0.000156,-0.038238
64578.198420,-0.005697,-0.000993,-0.035754
64578.208942,-0.002153,-0.003490,-0.037049
64578.219461,0.000215,-0.004747,-0.038307
64578.229983,-0.000969,-0.004727,-0.038281
64578.240502,-0.003361,-0.005916,-0.035849
64578.251024,0.004921,-0.004844,-0.033627
64578.261543,0.004928,-0.004840,-0.034823
64578.272065,0.008425,-0.014662,-0.036183
64578.282584,0.014315,-0.017213,-0.033942
64578.293106,0.010723,-0.022040,-0.032713
64578.303625,0.007203,-0.015880,-0.031386
64578.314147,0.011939,-0.018393,-0.033902
64578.324666,0.010731,-0.023252,-0.035116
64578.335188,0.002505,-0.013346,-0.034848
64578.345707,0.002482,-0.014575,-0.032467
64578.356229,0.002520,-0.012121,-0.036033
64578.366748,0.007241,-0.013426,-0.034951
64578.377270,0.011955,-0.013518,-0.031467
64578.387790,0.016675,-0.017257,-0.032798
64578.398312,0.008433,-0.012225,-0.034966
64578.408831,0.000199,-0.007189,-0.038329
64578.419353,0.001344,-0.010880,-0.035996
64578.429872,0.003698,-0.007279,-0.030036
64578.440394,0.003690,-0.009716,-0.031254
64578.450913,0.003752,-0.004816,-0.035993
64578.461435,0.000192,-0.007193,-0.037133
64578.471954,0.004905,-0.009719,-0.036062
64578.482476,0.003650,-0.018253,-0.033721
64578.492995,0.008410,-0.012238,-0.031379
64578.503517,0.001306,-0.009685,-0.028811
64578.514036,0.006027,-0.009773,-0.026522
64578.524558,0.001283,-0.006048,-0.021604
64578.535077,0.004913,-0.003632,-0.031225
64578.545599,0.007242,-0.007343,-0.028918
64578.556118,0.004788,-0.014649,-0.022953
64578.566640,0.007234,-0.007347,-0.027722
64578.577159,0.008473,-0.001255,-0.030085
64578.587681,0.009681,-0.002479,-0.034904
64578.598200,0.003744,-0.003603,-0.033590
64578.608722,0.004921,-0.002411,-0.031214
64578.619241,0.006004,-0.011002,-0.024142
64578.629763,0.006121,0.001227,-0.030011
64578.640282,0.008529,0.008507,-0.028802
64578.650804,0.007298,0.003635,-0.026428
64578.661324,0.009572,-0.004971,-0.020577
64578.671846,0.001322,-0.001160,-0.022755
64578.682365,0.007251,-0.000039,-0.022873
64578.692887,0.013101,-0.006260,-0.018274
64578.703406,0.002421,-0.008526,-0.016868
64578.713928,0.008419,-0.002501,-0.022921
64578.724447,0.015485,-0.003859,-0.018304
64578.734969,0.014246,-0.011168,-0.017148
64578.745488,0.017774,-0.017324,-0.019671
64578.756010,0.018935,-0.023439,-0.022143
64578.766529,0.024848,-0.022327,-0.019869
64578.777051,0.023664,-0.023523,-0.021050
64578.787570,0.024911,-0.013777,-0.020988
64578.798092,0.016598,-0.016083,-0.019634
64578.808611,0.009548,-0.012283,-0.024230
64578.819133,0.014308,-0.007485,-0.023093
64578.829652,0.017852,-0.012415,-0.026802
64578.840174,0.013155,-0.006230,-0.026644
64578.850693,0.015546,-0.006258,-0.030283
64578.861215,0.011963,-0.007432,-0.026629
64578.871734,0.021350,-0.018588,-0.024542
64578.882256,0.027231,-0.021142,-0.021105
64578.892776,0.027215,-0.027233,-0.024747
64578.903298,0.028314,-0.032166,-0.016446
64578.913817,0.028353,-0.030929,-0.021218
64578.924339,0.029545,-0.027295,-0.018820
64578.934858,0.031874,-0.032222,-0.017719
64578.945380,0.023655,-0.027178,-0.023474
64578.966421,0.028454,-0.022358,-0.028317
64578.955899,0.023679,-0.023515,-0.023441
64578.987462,0.016652,-0.018486,-0.030418
64578.976940,0.021404,-0.018558,-0.032912
64578.997981,0.020243,-0.013659,-0.031647
64579.008503,0.015476,-0.016029,-0.029174
64579.019022,0.019028,-0.017305,-0.030458
64579.029544,0.021459,-0.011229,-0.034042
64579.040063,0.014316,-0.011130,-0.027909
64579.050585,0.005980,-0.015881,-0.025381
64579.061104,0.008356,-0.014701,-0.025422
64579.071626,0.010778,-0.013494,-0.032637
64579.082145,0.013170,-0.011088,-0.033862
64579.092667,0.008348,-0.014705,-0.024226
64579.103186,0.013052,-0.023318,-0.027993
64579.113708,0.009665,-0.004920,-0.034926
64579.124227,0.007274,-0.000027,-0.026461
64579.134749,0.008489,0.003620,-0.027650
64579.155790,0.002482,-0.008492,-0.026434
64579.145268,0.006129,0.002448,-0.030001
64579.166309,0.001220,-0.015814,-0.021691
64579.176831,0.001298,-0.010905,-0.028822
64579.187351,0.008520,0.001204,-0.034846
64579.197873,0.001392,-0.001122,-0.033517
64579.208392,-0.001000,-0.004744,-0.033498
64579.218914,-0.001008,-0.007181,-0.034716
64579.229433,-0.006929,-0.009514,-0.037000
64579.239955,-0.004521,-0.001017,-0.034584
64579.250474,-0.004559,0.000178,-0.027399
64579.260996,-0.000976,0.001351,-0.031053
64579.282037,-0.005697,-0.000993,-0.035754
64579.271515,0.000193,-0.001110,-0.031100
64579.292556,-0.003422,-0.007167,-0.027490
64579.303078,-0.003344,-0.001042,-0.033414
64579.313597,-0.009202,0.008825,-0.033198
64579.324119,-0.006818,0.011227,-0.033228
64579.334638,-0.008088,0.001467,-0.029702
64579.345160,-0.009218,0.005167,-0.034427
64579.355679,-0.011602,0.003981,-0.033190
64579.366201,-0.005697,-0.000993,-0.035754
64579.376720,-0.008081,-0.003394,-0.035724
64579.387242,-0.004497,0.002645,-0.034552
64579.397761,-0.009288,0.000262,-0.028492
64579.408283,-0.008073,-0.000957,-0.034507
64579.418802,-0.002153,-0.001057,-0.034636
64579.429324,-0.002121,0.003826,-0.034592
64579.439843,-0.003305,0.006279,-0.032153
64579.450365,-0.000945,0.002585,-0.034629
64579.460884,0.000216,-0.001097,-0.034687
64579.471406,0.000232,0.002561,-0.033459
64579.481926,0.000201,0.000111,-0.031089
64579.492448,0.002584,0.002512,-0.031119
64579.502967,0.004953,0.004905,-0.028757
64579.513489,0.004906,0.000014,-0.026409
64579.524008,0.001377,0.003736,-0.026299
64579.534530,0.002507,-0.001180,-0.022781
64579.545049,0.010802,-0.007399,-0.030191
64579.555571,0.015531,-0.006266,-0.027891
64579.566090,0.013108,-0.012339,-0.025503
64579.576612,0.004890,-0.002428,-0.026431
64579.587131,0.006075,-0.000015,-0.024044
64579.597653,0.011972,-0.002561,-0.022998
64579.608172,0.014387,-0.000142,-0.027811
64579.618694,0.013186,-0.006213,-0.031427
64579.629213,0.012002,-0.006193,-0.031401
64579.639735,0.010826,-0.002520,-0.028951
64579.650254,0.012026,0.001118,-0.027749
64579.660776,0.014277,-0.008718,-0.019517
64579.671295,0.020205,-0.012464,-0.024462
64579.681817,0.013225,-0.003759,-0.034993
64579.702858,0.006113,-0.003643,-0.033642
64579.692336,0.007281,-0.004889,-0.032483
64579.713377,0.004960,0.002476,-0.032366
64579.723899,0.014339,-0.009901,-0.030290
64579.734418,0.009595,-0.011041,-0.030198
64579.744940,0.007274,-0.003676,-0.030081
64579.765982,0.007250,-0.003689,-0.026493
64579.755460,0.007313,0.002428,-0.030026
64579.776501,0.002482,-0.008492,-0.026434
64579.787023,0.002576,0.000075,-0.032336
64579.797542,0.002553,0.000062,-0.028749
64579.808064,0.003737,-0.003608,-0.032395
64579.818583,0.003736,-0.007257,-0.036015
64579.829105,0.000207,-0.005968,-0.038318
64579.839624,-0.002184,-0.004724,-0.033472
64579.850146,0.001392,-0.001122,-0.033517
64579.860665,0.002584,0.003728,-0.029912
64579.871187,-0.000912,0.012334,-0.029759
64579.881706,0.002592,0.001300,-0.033521
64579.892228,0.000216,0.001336,-0.032274
64579.902747,0.001470,0.008653,-0.035821
64579.913269,-0.003282,0.007508,-0.034534
64579.923788,-0.005698,-0.002210,-0.036961
64579.934310,0.001478,0.009874,-0.035810
64579.944829,0.000263,0.007444,-0.033415
64579.955351,-0.002105,0.006267,-0.034570
64579.965870,0.006199,0.008569,-0.034729
64579.976392,0.008497,0.002408,-0.030052
64579.986911,-0.003383,-0.003496,-0.029849
64579.997433,0.002576,0.001291,-0.031130
64580.007952,0.008489,0.001187,-0.030063
64580.018474,0.003736,-0.007257,-0.036015
64580.028993,0.003767,-0.004807,-0.038384
64580.039515,0.000215,-0.002314,-0.035894
64580.050034,-0.003368,-0.003487,-0.032240
64580.060556,-0.002177,-0.007153,-0.037082
64580.081598,-0.001016,-0.008402,-0.034727
64580.071076,0.001344,-0.013313,-0.038409
64580.092117,0.002536,-0.008462,-0.034804
64580.102639,0.007195,-0.011018,-0.025363
64580.113158,0.004850,-0.012182,-0.030105
64580.123680,0.003681,-0.013370,-0.033678
64580.134199,0.000113,-0.016968,-0.034829
64580.144721,-0.001071,-0.014515,-0.032390
64580.155240,0.002451,-0.015809,-0.028891
64580.165762,0.008418,-0.012233,-0.032574
64580.176281,0.001352,-0.008442,-0.034778
64580.186803,0.003689,-0.013366,-0.034874
64580.197322,0.001281,-0.018213,-0.033670
64580.207844,0.007312,-0.004872,-0.037266
64580.218363,0.009735,0.001201,-0.039654
64580.228885,0.000215,-0.005963,-0.039514
64580.239404,0.000176,-0.013284,-0.040775
64580.249926,0.001430,-0.001100,-0.039496
64580.260445,0.003815,0.002518,-0.038319
64580.270967,0.006190,-0.002384,-0.044392
64580.281486,0.002669,0.002559,-0.044272
64580.292008,0.000285,0.000158,-0.044242
64580.302527,-0.003275,0.001430,-0.041763
64580.313049,-0.010427,-0.004558,-0.040466
64580.323568,-0.006874,-0.003402,-0.039337
64580.334090,-0.002216,-0.010824,-0.034723
64580.344609,-0.001024,-0.012056,-0.037151
64580.355131,-0.001000,-0.008393,-0.037118
64580.365651,-0.000977,-0.004731,-0.037086
64580.376173,-0.005713,-0.003435,-0.035776
64580.386692,-0.006874,-0.003402,-0.039337
64580.397214,-0.004498,-0.002221,-0.039378
64580.407733,-0.003259,0.002655,-0.042947
64580.418255,-0.004467,-0.000987,-0.042954
64580.428774,-0.005651,0.001466,-0.040515
64580.439296,-0.006725,0.014928,-0.043957
64580.449815,-0.010332,0.010092,-0.040336
64580.460337,-0.009171,0.006409,-0.040394
64580.470856,-0.008003,0.007597,-0.036822
64580.481378,-0.006772,0.011252,-0.040402
64580.491897,-0.007932,0.017368,-0.037930
64580.502419,-0.009163,0.010063,-0.037970
64580.512938,-0.011548,0.005228,-0.040354
64580.523460,-0.010364,0.002775,-0.042793
64580.533979,-0.008058,-0.003382,-0.039311
64580.544501,-0.013931,0.005260,-0.037911
64580.555020,-0.014018,-0.004520,-0.034411
64580.565542,-0.010458,-0.005792,-0.036890
64580.576061,-0.011634,-0.004551,-0.036854
64580.586583,-0.015257,-0.015478,-0.036875
64580.597102,-0.006906,-0.008285,-0.039381
64580.607624,-0.004545,-0.009546,-0.039444
64580.618143,-0.008082,-0.009477,-0.041758
64580.628665,-0.010505,-0.015550,-0.039369
64580.639184,-0.008129,-0.011936,-0.036996
64580.649706,-0.006960,-0.015614,-0.038251
64580.660225,-0.005714,-0.008301,-0.040602
64580.670747,-0.004608,-0.014446,-0.034704
64580.681267,-0.006953,-0.014393,-0.038240
64580.691789,-0.009274,-0.010678,-0.041743
64580.702308,-0.005768,-0.011980,-0.035852
64580.712830,-0.004624,-0.020537,-0.038346
64580.723349,-0.002255,-0.018144,-0.035984
64580.733871,-0.004663,-0.021776,-0.033574
64580.744390,-0.003447,-0.021779,-0.038383
64580.754912,-0.004679,-0.027867,-0.037216
64580.765431,-0.001149,-0.026723,-0.032499
64580.775953,0.003642,-0.019474,-0.033732
64580.786472,-0.003439,-0.016908,-0.034752
64580.796994,-0.008191,-0.016836,-0.032257
64580.807513,-0.001094,-0.019394,-0.033629
64580.818035,0.006081,-0.012176,-0.037306
64580.839076,-0.003416,-0.016895,-0.038339
64580.828554,0.004904,-0.012152,-0.038475
64580.849595,0.000129,-0.016959,-0.037220
64580.860117,-0.001016,-0.010835,-0.037140
64580.870636,0.002623,0.001317,-0.038304
64580.881158,0.000279,0.009886,-0.033393
64580.891677,0.002647,0.008629,-0.034652
64580.902199,0.005015,0.004939,-0.038323
64580.912718,0.000207,-0.007184,-0.039525
64580.923240,-0.005698,-0.003426,-0.038167
64580.933759,0.000263,0.002578,-0.038242
64580.944281,0.004936,-0.007269,-0.038432
64580.954800,0.000192,-0.002327,-0.032307
64580.965322,0.008497,0.001191,-0.031259
64580.975841,0.008473,-0.001255,-0.030085
64580.986363,0.008465,-0.003692,-0.031302
64580.996883,0.009618,-0.009812,-0.032578
64581.007405,0.001344,-0.008446,-0.033582
64581.017924,0.001359,-0.012088,-0.039594
64581.028446,0.000129,-0.016959,-0.037220
64581.038965,-0.004631,-0.016892,-0.033530
64581.049487,-0.005753,-0.010755,-0.037037
64581.060006,0.002544,-0.006025,-0.033586
64581.070528,0.003752,-0.004816,-0.035993
64581.081047,-0.001031,-0.004761,-0.028716
64581.091569,0.004968,0.001264,-0.034769
64581.102088,0.002591,-0.004783,-0.039554
64581.112610,0.004897,-0.010940,-0.036073
64581.123129,0.004905,-0.008502,-0.034856
64581.133651,0.003729,-0.004829,-0.032406
64581.144170,0.007281,-0.004889,-0.032483
64581.154692,0.000177,-0.004768,-0.032328
64581.175733,0.007234,-0.010997,-0.031342
64581.165211,0.004882,-0.009732,-0.032475
64581.196774,0.003659,-0.009733,-0.026471
64581.186252,0.008411,-0.007372,-0.026552
64581.207293,0.014300,-0.009922,-0.024311
64581.217815,0.009540,-0.012288,-0.023034
64581.228334,0.011917,-0.009890,-0.021868
64581.238856,0.014293,-0.006276,-0.019495
64581.249375,0.010748,-0.006212,-0.020614
64581.259897,0.004952,0.000039,-0.033583
64581.270416,0.010818,-0.003740,-0.028962
64581.280938,0.007298,0.002419,-0.027635
64581.291457,0.001306,-0.006035,-0.025191
64581.301979,-0.003438,-0.004743,-0.022685
64581.312498,0.003635,-0.008529,-0.021677
64581.323020,0.015523,-0.006271,-0.026696
64581.344062,0.013155,-0.007447,-0.027851
64581.333540,0.019091,-0.007539,-0.030371
64581.354581,0.008449,-0.007350,-0.032531
64581.365103,0.009611,-0.007383,-0.028969
64581.375622,0.009657,-0.003708,-0.032524
64581.386144,0.007391,0.009770,-0.034744
64581.396663,0.005031,0.012247,-0.033474
64581.407185,0.010927,0.004835,-0.037256
64581.417704,0.007367,0.004891,-0.035983
64581.428226,0.005015,0.008589,-0.034703
64581.438745,-0.002192,-0.005945,-0.033483
64581.449267,-0.001016,-0.009619,-0.035933
64581.459786,0.006120,-0.002423,-0.033631
64581.470308,0.003721,-0.002400,-0.028797
64581.480827,-0.005697,0.003873,-0.030928
64581.491349,-0.005705,-0.000997,-0.034559
64581.501868,0.000208,-0.002318,-0.034698
64581.512390,0.003760,-0.003595,-0.035982
64581.522909,0.001360,-0.009655,-0.037181
64581.533431,0.009618,-0.009812,-0.032578
64581.543950,0.007321,0.002432,-0.031222
64581.554472,-0.002184,-0.001074,-0.029853
64581.564991,0.003722,0.001250,-0.025177
64581.575513,0.002560,-0.002367,-0.032358
64581.586032,0.004913,-0.006065,-0.033638
64581.596554,0.007250,-0.008555,-0.031320
64581.607073,0.004913,-0.004849,-0.032431
64581.617595,0.004866,-0.008523,-0.028877
64581.628114,0.000145,-0.009652,-0.032372
64581.638636,-0.002200,-0.008382,-0.034701
64581.649155,-0.004561,-0.008338,-0.035845
64581.659677,0.001290,-0.010910,-0.027626
64581.670197,0.008356,-0.014701,-0.025422
64581.680719,0.008449,-0.008567,-0.033737
64581.691238,0.002584,-0.001137,-0.034739
64581.701760,0.001344,-0.008446,-0.033582
64581.712279,0.002591,-0.002350,-0.037141
64581.722801,-0.005713,-0.002218,-0.034569
64581.733320,-0.003392,-0.007150,-0.032273
64581.743842,-0.002113,0.008696,-0.030961
64581.754361,0.002671,0.013508,-0.033412
64581.764883,-0.003328,0.006266,-0.028566
64581.775402,-0.000999,-0.002311,-0.031085
64581.785924,0.003760,-0.001162,-0.033569
64581.796443,0.007320,-0.002434,-0.036048
64581.806965,0.007281,-0.003672,-0.031276
64581.817484,-0.000976,-0.002298,-0.034672
64581.828006,0.000145,-0.012085,-0.034785
64581.838525,0.002591,-0.003566,-0.038348
64581.849047,-0.002153,-0.004707,-0.038256
64581.859566,0.000185,-0.003547,-0.032317
64581.870088,0.003776,0.000063,-0.034754
64581.880607,0.000263,0.003794,-0.037035
64581.891129,0.000223,-0.003526,-0.038296
64581.901648,-0.000969,-0.003510,-0.037075
64581.912170,0.004952,-0.002394,-0.035997
64581.922689,0.001399,-0.001117,-0.034713
64581.933211,-0.001008,-0.007181,-0.034716
64581.943730,0.002560,-0.008449,-0.038391
64581.954252,0.004920,-0.007277,-0.036040
64581.964771,0.000129,-0.013310,-0.033600
64581.975293,-0.001039,-0.012065,-0.034760
64581.985812,0.009633,-0.009803,-0.034970
64581.996334,0.010841,-0.008594,-0.037376
64582.006854,0.013186,-0.009863,-0.035047
64582.017376,0.013209,-0.007417,-0.036221
64582.038417,0.007351,-0.001201,-0.039625
64582.027895,0.013225,-0.003759,-0.034993
64582.048936,0.003784,0.000068,-0.035949
64582.059458,0.002607,0.001308,-0.035913
64582.069977,0.001454,0.002562,-0.039463
64582.080499,0.005022,0.001294,-0.043138
64582.091018,0.001391,-0.004772,-0.037137
64582.101540,0.001383,-0.005992,-0.037148
64582.112059,0.006120,-0.006072,-0.037251
64582.122581,0.002553,-0.003588,-0.032369
64582.133100,0.002569,0.000071,-0.031141
64582.143622,0.006136,0.000019,-0.033609
64582.154141,0.003768,0.001275,-0.032352
64582.164663,0.004952,-0.001177,-0.034790
64582.175182,0.001360,-0.008438,-0.035974
64582.185704,0.010864,-0.004932,-0.037343
64582.196223,0.003806,-0.002353,-0.041950
64582.206745,-0.005667,-0.003409,-0.042950
64582.217264,-0.004530,-0.007105,-0.039422
64582.227786,-0.004459,0.003883,-0.039324
64582.248827,-0.003258,0.008737,-0.036914
64582.238305,-0.006779,0.011248,-0.039207
64582.259346,0.000318,0.012340,-0.036959
64582.269868,-0.004505,0.005074,-0.030943
64582.280387,-0.003297,0.005067,-0.034556
64582.290909,-0.006826,0.006356,-0.036859
64582.301428,-0.004521,-0.002234,-0.035791
64582.311950,-0.000968,-0.001077,-0.034662
64582.322469,-0.004459,0.003883,-0.039324
64582.332991,-0.005650,0.005115,-0.036895
64582.343510,-0.002192,-0.003512,-0.031070
64582.354032,0.000215,-0.002314,-0.035894
64582.364551,-0.004552,-0.002251,-0.031008
64582.375073,0.001377,0.000086,-0.029919
64582.385593,-0.004514,-0.003446,-0.038193
64582.396115,-0.005713,-0.003435,-0.035776
64582.406634,-0.005697,-0.000993,-0.035754
64582.417156,0.001415,-0.002326,-0.038311
64582.438197,-0.000929,0.000161,-0.039433
64582.427675,0.000184,-0.005980,-0.034731
64582.448716,0.001415,-0.001109,-0.037104
64582.459238,-0.001008,-0.005965,-0.033509
64582.469757,-0.003369,-0.008354,-0.037067
64582.480279,-0.002185,-0.010807,-0.039506
64582.490798,-0.003321,-0.003462,-0.039415
64582.501320,-0.001039,-0.012065,-0.034760
64582.511839,0.000097,-0.018193,-0.033644
64582.522361,0.000074,-0.019422,-0.031264
64582.532880,-0.002294,-0.019382,-0.031212
64582.543402,-0.003486,-0.020583,-0.031197
64582.553921,-0.004639,-0.015680,-0.031128
64582.564443,0.001329,-0.009672,-0.032398
64582.574962,0.003720,-0.010915,-0.037243
64582.585484,0.006135,-0.008496,-0.042056
64582.606525,0.000097,-0.019410,-0.034851
64582.596003,0.004865,-0.017039,-0.037323
64582.617044,0.001344,-0.012096,-0.037202
64582.627566,0.003642,-0.019474,-0.033732
64582.638085,0.003681,-0.013370,-0.033678
64582.648607,0.006112,-0.008509,-0.038469
64582.659126,-0.001033,-0.018143,-0.041989
64582.669648,-0.002209,-0.015685,-0.040745
64582.680167,0.000144,-0.019384,-0.042025
64582.690689,-0.002216,-0.014473,-0.038343
64582.701208,-0.002169,-0.008365,-0.039484
64582.711730,-0.000969,-0.008376,-0.041901
64582.722249,-0.003369,-0.010787,-0.039480
64582.732771,-0.004561,-0.009555,-0.037052
64582.743290,-0.005753,-0.011972,-0.038244
64582.753812,-0.003306,-0.001020,-0.039393
64582.764331,-0.000976,-0.003515,-0.035879
64582.774853,0.002576,-0.002358,-0.034750
64582.785373,-0.003321,-0.003462,-0.039415
64582.795895,-0.005714,-0.007085,-0.039396
64582.806414,-0.008011,0.001510,-0.041660
64582.816936,-0.005666,0.000240,-0.039330
64582.827455,-0.007947,0.014926,-0.037952
64582.837977,-0.011461,0.019874,-0.039027
64582.848496,-0.006748,0.017348,-0.037956
64582.859018,-0.006787,0.012460,-0.036804
64582.869537,-0.005611,0.008786,-0.039254
64582.880059,-0.003282,0.003858,-0.038154
64582.890578,-0.006819,0.003927,-0.040468
64582.901100,-0.010371,0.002771,-0.041597
64582.911619,-0.009101,0.017396,-0.040296
64582.922141,-0.010371,0.008853,-0.035564
64582.932660,-0.004458,0.008749,-0.034497
64582.943182,-0.007948,0.012493,-0.040365
64582.953701,-0.011516,0.011328,-0.039103
64582.964223,-0.006787,0.010027,-0.039217
64582.974742,-0.006850,0.000261,-0.039305
64582.985264,-0.007979,0.008826,-0.039203
64582.995783,-0.009117,0.013738,-0.041525
64583.006305,-0.006764,0.012473,-0.040391
64583.016824,-0.010355,0.007645,-0.039162
64583.027346,-0.003298,-0.001016,-0.040588
64583.037865,-0.004482,-0.000996,-0.040563
64583.048387,-0.006866,-0.000964,-0.038120
64583.058906,-0.004553,-0.009550,-0.038248
64583.069428,-0.000977,-0.004731,-0.037086
64583.079947,-0.000977,-0.004731,-0.037086
64583.090469,0.000191,-0.009626,-0.039546
64583.100988,0.001415,-0.003542,-0.039518
64583.111510,-0.003361,-0.010782,-0.040676
64583.122029,-0.004569,-0.011992,-0.038270
64583.132551,0.000183,-0.013280,-0.041971
64583.143071,0.006127,-0.008501,-0.040860
64583.153593,0.004951,-0.008476,-0.042030
64583.164112,0.006119,-0.010938,-0.042078
64583.174634,0.003743,-0.010902,-0.040830
64583.185153,0.001375,-0.010863,-0.040779
64583.195675,0.000191,-0.012059,-0.041960
64583.206194,-0.001017,-0.014485,-0.040760
64583.216716,-0.003345,-0.008340,-0.040654
64583.227235,-0.006898,-0.009497,-0.041783
64583.237757,-0.006898,-0.010714,-0.042990
64583.248276,-0.002233,-0.020564,-0.041985
64583.258798,-0.002256,-0.020577,-0.038397
64583.269317,0.000175,-0.016933,-0.044395
64583.279839,0.002535,-0.018194,-0.044457
64583.290358,0.002590,-0.009649,-0.044381
64583.300880,0.001352,-0.013309,-0.039605
64583.311399,0.003720,-0.010915,-0.037243
64583.321921,-0.003393,-0.014449,-0.039513
64583.332440,-0.011666,-0.011868,-0.039311
64583.342962,-0.010490,-0.015541,-0.041761
64583.353481,-0.008027,-0.002148,-0.042888
64583.364003,-0.011556,0.001574,-0.042778
64583.374522,-0.017539,-0.004443,-0.039116
64583.385044,-0.021076,-0.001941,-0.039017
64583.395563,-0.019947,-0.010506,-0.039119
64583.406085,-0.024731,-0.017751,-0.039082
64583.416604,-0.022331,-0.011692,-0.037883
64583.427126,-0.017594,-0.012988,-0.039193
64583.437645,-0.018778,-0.015401,-0.041580
64583.448167,-0.016473,-0.021558,-0.038099
64583.469208,-0.015281,-0.017924,-0.035701
64583.458686,-0.010638,-0.029004,-0.032315
64583.490249,-0.008144,-0.009511,-0.032192
64583.479727,-0.011720,-0.014330,-0.033354
64583.500768,-0.010567,-0.016801,-0.031010
64583.511290,-0.009321,-0.010704,-0.034569
64583.521809,-0.011673,-0.009439,-0.035702
64583.532331,-0.017641,-0.014230,-0.033225
64583.542851,-0.003345,-0.002258,-0.034621
64583.553373,-0.006952,-0.011960,-0.035826
64583.563892,-0.005808,-0.016868,-0.034700
64583.574414,-0.011641,-0.003339,-0.034451
64583.584933,-0.011587,0.002774,-0.036788
64583.595455,-0.006905,-0.002202,-0.033348
64583.605974,-0.015186,-0.004491,-0.036776
64583.616496,-0.020001,-0.014186,-0.034369
64583.627015,-0.017649,-0.015451,-0.033236
64583.637537,-0.018848,-0.016656,-0.032026
64583.648056,-0.015265,-0.014266,-0.034472
64583.658578,-0.008230,-0.021724,-0.031105
64583.669097,0.004779,-0.023169,-0.030204
64583.679619,0.002442,-0.018246,-0.030109
64583.690138,-0.002200,-0.005949,-0.032288
64583.700660,-0.004553,-0.007117,-0.035834
64583.711179,0.003697,-0.008495,-0.031243
64583.721701,0.007172,-0.014681,-0.025396
64583.732220,0.003689,-0.010933,-0.032460
64583.742742,-0.002302,-0.019387,-0.030016
64583.753261,-0.005815,-0.015656,-0.032298
64583.763783,0.000176,-0.009635,-0.037155
64583.784824,-0.001016,-0.012052,-0.038347
64583.774302,-0.002231,-0.010832,-0.032332
64583.795343,-0.002270,-0.015720,-0.031179
64583.805865,0.002497,-0.013350,-0.033652
64583.816384,0.000074,-0.020639,-0.032470
64583.826906,0.003689,-0.014582,-0.036080
64583.837425,0.002513,-0.008475,-0.031217
64583.847947,0.000223,-0.002310,-0.037089
64583.858466,-0.000969,-0.003510,-0.037075
64583.868988,0.003791,0.000072,-0.037145
64583.879507,0.007281,-0.007322,-0.034896
64583.890029,0.006073,-0.012180,-0.036110
64583.900548,0.004920,-0.008494,-0.037247
64583.911070,0.004944,-0.006048,-0.038421
64583.932111,-0.004490,-0.003433,-0.041780
64583.921589,0.004999,0.000065,-0.040758
64583.942630,-0.006882,-0.004623,-0.039348
64583.953152,-0.005667,-0.002193,-0.041744
64583.963672,-0.005650,0.002682,-0.039309
64583.974194,-0.003344,0.000175,-0.032207
64583.984713,0.002506,-0.009696,-0.031228
64583.995235,-0.005650,0.005115,-0.036895
64584.005754,0.001407,-0.003546,-0.038322
64584.016276,-0.004514,-0.005879,-0.040606
64584.026795,-0.010442,-0.003350,-0.036869
64584.037317,-0.004552,-0.003467,-0.032215
64584.058358,-0.005682,-0.000985,-0.038146
64584.047836,-0.008002,0.008813,-0.035615
64584.068877,-0.003337,-0.003470,-0.037023
64584.079399,-0.002193,-0.012028,-0.039517
64584.089918,-0.004514,-0.002230,-0.036987
64584.100440,-0.002130,-0.002261,-0.039429
64584.110959,-0.003344,-0.001042,-0.033414
64584.121481,-0.002090,0.006276,-0.036962
64584.132000,-0.006779,0.012464,-0.038000
64584.142522,-0.004451,0.003887,-0.040519
64584.153041,-0.003352,-0.003479,-0.034632
64584.163563,-0.003329,-0.002250,-0.037012
64584.174082,-0.000906,0.005039,-0.038194
64584.184604,-0.002074,0.006284,-0.039353
64584.195123,-0.006748,0.013698,-0.041576
64584.205645,-0.010301,0.013758,-0.041499
64584.216164,-0.010411,-0.002117,-0.040445
64584.226686,-0.006976,-0.018056,-0.038273
64584.237205,-0.006937,-0.013168,-0.039425
64584.247727,-0.013987,-0.005719,-0.040400
64584.258246,-0.018794,-0.017843,-0.041602
64584.268768,-0.012905,-0.020393,-0.039361
64584.279287,-0.004545,-0.010762,-0.040650
64584.289809,0.001352,-0.012092,-0.038398
64584.300328,-0.002279,-0.019374,-0.033604
64584.310850,-0.009376,-0.022899,-0.038265
64584.321369,-0.008200,-0.022923,-0.037095
64584.331891,-0.005839,-0.022968,-0.035951
64584.342410,-0.007031,-0.025385,-0.037142
64584.352932,-0.006992,-0.020497,-0.038294
64584.363452,-0.010466,-0.010662,-0.040521
64584.373974,-0.013995,-0.011806,-0.045238
64584.384493,-0.017682,-0.030067,-0.042932
64584.395015,-0.027202,-0.039664,-0.045205
64584.405534,-0.024803,-0.037254,-0.047626
64584.416056,-0.023610,-0.031187,-0.042815
64584.426575,-0.017641,-0.019097,-0.038052
64584.437097,-0.014002,-0.006944,-0.039216
64584.447616,-0.009321,-0.014353,-0.038188
64584.458138,-0.004656,-0.027854,-0.040803
64584.468657,-0.005816,-0.022955,-0.039538
64584.479179,-0.003416,-0.016895,-0.038339
64584.489698,-0.001024,-0.015705,-0.040771
64584.500220,-0.004601,-0.018092,-0.039520
64584.510739,-0.011760,-0.022867,-0.035822
64584.521261,-0.004702,-0.029096,-0.034835
64584.531780,0.006018,-0.018293,-0.033773
64584.542302,0.010825,-0.007386,-0.033778
64584.552821,0.008496,-0.004892,-0.037292
64584.563343,0.001438,0.001337,-0.038278
64584.573862,0.007335,-0.004859,-0.040853
64584.584384,0.001391,-0.007205,-0.039550
64584.605425,0.001368,-0.009650,-0.038376
64584.594903,0.001328,-0.013321,-0.036018
64584.615944,0.004967,-0.003602,-0.039595
64584.626466,0.006144,-0.001193,-0.036012
64584.636985,0.002560,-0.003583,-0.033565
64584.647507,0.013210,-0.001335,-0.030188
64584.658026,0.003776,0.000063,-0.034754
64584.668548,-0.004537,-0.002243,-0.033399
64584.679067,-0.003313,0.002625,-0.034577
64584.689589,-0.004419,0.009987,-0.039269
64584.700108,-0.000851,0.011152,-0.040531
64584.710630,0.001478,0.009874,-0.035810
64584.721149,0.001486,0.007445,-0.039420
64584.731671,0.006206,0.004924,-0.039544
64584.752712,0.006104,-0.007297,-0.036066
64584.742190,0.001407,0.000103,-0.034702
64584.763231,0.004920,-0.006061,-0.034834
64584.773753,0.002497,-0.012133,-0.032446
64584.784273,-0.001078,-0.015736,-0.032401
64584.794795,0.002536,-0.010896,-0.037217
64584.805314,0.002544,-0.010891,-0.038413
64584.815836,0.000176,-0.010851,-0.038362
64584.826355,0.011931,-0.018397,-0.032706
64584.836877,0.012001,-0.014709,-0.039848
64584.847396,0.007335,-0.002426,-0.038440
64584.857918,0.001352,-0.013309,-0.039605
64584.868437,0.001336,-0.016966,-0.040833
64584.878959,-0.002232,-0.018132,-0.039571
64584.889478,-0.001001,-0.012043,-0.040738
64584.900000,0.000230,-0.005955,-0.041905
64584.921041,0.003782,-0.010881,-0.046809
64584.910519,0.005006,-0.001147,-0.043160
64584.931560,0.009672,-0.010998,-0.042155
64584.942082,0.012009,-0.012272,-0.038630
64584.952601,0.011946,-0.023255,-0.039924
64584.963123,0.014299,-0.022087,-0.036377
64584.973642,0.020212,-0.020975,-0.034104
64584.984164,0.019067,-0.017284,-0.036437
64584.994683,0.017811,-0.030685,-0.038923
64585.005205,0.017732,-0.042893,-0.039032
64585.015724,0.015309,-0.052615,-0.040263
64585.026246,0.016493,-0.055068,-0.042702
64585.036765,0.022506,-0.055117,-0.057180
64585.047287,0.031971,-0.056498,-0.057396
64585.068328,0.023682,-0.058791,-0.059630
64585.057806,0.031932,-0.062602,-0.057451
64585.089369,0.014258,-0.039140,-0.047292
64585.078847,0.015480,-0.044005,-0.058122
64585.099888,0.011898,-0.035446,-0.044816
64585.110410,0.011890,-0.034234,-0.042414
64585.120929,0.011938,-0.025692,-0.041141
64585.131451,0.010746,-0.026893,-0.041126
64585.141970,0.014313,-0.026945,-0.043595
64585.152492,0.018955,-0.041674,-0.043829
64585.163012,0.023613,-0.050314,-0.040421
64585.173534,0.023551,-0.052781,-0.033269
64585.184052,0.021168,-0.050316,-0.028413
64585.194574,0.029535,-0.044331,-0.034517
64585.205093,0.026061,-0.030846,-0.033124
64585.215615,0.027222,-0.034528,-0.033183
64585.226135,0.028390,-0.036990,-0.033230
64585.236657,0.019004,-0.024617,-0.034111
64585.247176,0.017859,-0.018493,-0.034031
64585.257698,0.027262,-0.024775,-0.029508
64585.268217,0.026086,-0.017451,-0.023438
64585.278739,0.027231,-0.022359,-0.022312
64585.289258,0.029577,-0.023628,-0.019983
64585.299780,0.026001,-0.023580,-0.016319
64585.310299,0.026133,-0.012559,-0.025786
64585.320821,0.012011,-0.001323,-0.027770
64585.331340,0.021452,-0.003933,-0.025607
64585.341862,0.016700,-0.002646,-0.021906
64585.352381,0.027302,-0.008938,-0.019801
64585.362903,0.022582,-0.006416,-0.019676
64585.373422,0.021437,-0.001509,-0.020802
64585.383944,0.019053,-0.005127,-0.021979
64585.404985,0.039129,-0.006714,-0.015254
64585.394463,0.028502,-0.008950,-0.022218
64585.415504,0.024935,-0.004032,-0.014923
64585.426026,0.017900,0.000993,-0.020703
64585.436545,0.026158,-0.002814,-0.019720
64585.447067,0.028503,-0.004083,-0.017391
64585.457586,0.036730,-0.005474,-0.009212
64585.468108,0.033208,-0.006614,-0.015125
64585.478627,0.036722,-0.011561,-0.014050
64585.489149,0.032024,-0.009027,-0.017512
64585.499668,0.026134,-0.008909,-0.022167
64585.510190,0.027295,-0.006509,-0.016191
64585.520709,0.029578,-0.015112,-0.011537
64585.531231,0.030793,-0.011465,-0.012726
64585.541750,0.029602,-0.007800,-0.007884
64585.552272,0.040251,-0.009201,-0.008127
64585.562791,0.042587,-0.015341,-0.009429
64585.573313,0.041396,-0.011676,-0.004587
64585.583832,0.040274,-0.007972,-0.010508
64585.594354,0.037929,-0.007919,-0.014043
64585.604873,0.023767,-0.004003,-0.017288
64585.615395,0.007220,-0.001273,-0.019297
64585.636436,0.009541,-0.006205,-0.017001
64585.625914,0.004843,-0.004887,-0.021670
64585.646955,0.016732,0.002238,-0.021862
64585.657477,0.027279,-0.010168,-0.017420
64585.667997,0.021359,-0.010068,-0.017291
64585.678519,0.018975,-0.010036,-0.014848
64585.689038,0.020269,0.000952,-0.020755
64585.699560,0.015531,-0.005050,-0.026685
64585.710079,0.007290,0.002415,-0.026439
64585.720601,0.004960,0.002476,-0.032366
64585.731120,0.004906,0.001230,-0.025203
64585.741642,0.001377,0.006169,-0.023886
64585.752161,0.001400,0.003748,-0.029887
64585.762683,0.006185,0.014643,-0.026304
64585.773202,0.006216,0.020743,-0.025054
64585.783724,0.004899,0.002442,-0.022800
64585.804765,0.004898,-0.001207,-0.026420
64585.794243,0.002491,-0.003622,-0.022803
64585.815284,0.003816,0.008600,-0.032286
64585.825806,0.009745,0.012154,-0.029990
64585.836325,0.002710,0.017179,-0.035771
64585.846847,0.006215,0.012227,-0.033500
64585.857366,-0.005712,0.002648,-0.029743
64585.867888,0.003855,0.013488,-0.033438
64585.878407,0.002647,0.011062,-0.032238
64585.888929,0.003808,0.007380,-0.032297
64585.899448,-0.002152,0.005025,-0.028603
64585.909970,0.003705,-0.006058,-0.030025
64585.920489,0.002600,0.000088,-0.035923
64585.931011,-0.003313,0.003841,-0.033370
64585.941530,-0.002129,0.003821,-0.033396
64585.952052,-0.002121,0.002609,-0.035799
64585.962571,0.009752,0.008509,-0.034806
64585.973093,0.018025,0.007144,-0.033802
64585.983612,0.007313,-0.001222,-0.033646
64585.994134,-0.000937,0.002589,-0.035825
64586.004653,-0.003329,0.000183,-0.034599
64586.015175,0.000137,-0.010872,-0.032383
64586.025694,0.003705,-0.006058,-0.030025
64586.036216,-0.002168,-0.001066,-0.032244
64586.046735,0.004976,0.000052,-0.037171
64586.057257,0.002592,-0.001133,-0.035934
64586.067776,0.003760,-0.003595,-0.035982
64586.078298,0.008449,-0.009783,-0.034944
64586.088817,0.010817,-0.011040,-0.036202
64586.099339,0.011987,-0.007419,-0.030216
64586.109858,0.007313,0.001211,-0.031233
64586.120380,0.001329,-0.004806,-0.027571
64586.130900,0.000138,-0.007223,-0.028763
64586.141422,0.001407,0.000103,-0.034702
64586.151941,0.002576,-0.002358,-0.034750
64586.162463,0.001415,-0.002326,-0.038311
64586.172982,0.003807,0.001297,-0.038330
64586.183504,0.000168,-0.009639,-0.035959
64586.194023,-0.005792,-0.014426,-0.034679
64586.204545,-0.004568,-0.003476,-0.029823
64586.215064,-0.000969,-0.002294,-0.035868
64586.225586,0.006121,0.000011,-0.031218
64586.236105,0.006082,-0.000011,-0.025239
64586.246627,0.004913,-0.004849,-0.032431
64586.257146,0.004874,-0.004870,-0.026453
64586.267668,0.015625,0.004734,-0.031381
64586.278187,0.006160,0.004898,-0.032370
64586.288709,0.013234,0.004761,-0.027742
64586.309750,0.006098,0.003647,-0.024011
64586.299228,0.014402,0.001082,-0.028996
64586.320269,0.010827,0.005996,-0.020505
64586.330791,0.020230,-0.001502,-0.017189
64586.341310,0.021405,-0.006392,-0.020846
64586.351832,0.022582,-0.006416,-0.019676
64586.362351,0.013101,-0.005044,-0.017067
64586.372873,0.013133,-0.001377,-0.018230
64586.383392,0.009650,-0.000062,-0.027708
64586.393914,0.001415,0.003757,-0.032278
64586.414955,-0.004426,0.019715,-0.028420
64586.404433,0.000185,0.001319,-0.027491
64586.425474,-0.005492,0.034397,-0.031851
64586.435996,-0.004339,0.029494,-0.031920
64586.446515,-0.004364,0.022182,-0.035573
64586.457037,-0.009139,0.018591,-0.033111
64586.467556,-0.008104,0.001459,-0.027311
64586.478078,-0.013962,0.007676,-0.030715
64586.488597,-0.010307,0.018620,-0.035477
64586.499119,-0.013861,0.013814,-0.040226
64586.509638,-0.018635,0.015089,-0.032937
64586.520160,-0.014997,0.023592,-0.037721
64586.530679,-0.011429,0.023540,-0.040190
64586.541201,-0.010244,0.028386,-0.035389
64586.562242,-0.013922,0.012563,-0.031867
64586.551720,-0.017468,0.010194,-0.035398
64586.572761,-0.011531,0.013752,-0.034299
64586.583283,-0.005674,0.001452,-0.036928
64586.593803,-0.002121,0.002609,-0.035799
64586.604325,0.000231,0.001344,-0.034666
64586.625366,-0.008073,-0.000957,-0.034507
64586.614844,-0.002137,0.000168,-0.035820
64586.635885,-0.002113,0.002614,-0.036995
64586.646407,-0.003274,0.003863,-0.039349
64586.656926,-0.005673,0.006319,-0.032102
64586.667448,-0.004568,-0.003476,-0.029823
64586.677967,-0.002144,0.003813,-0.031005
64586.688489,0.007336,0.003657,-0.032407
64586.699008,0.004913,-0.002415,-0.030018
64586.709530,0.004882,-0.009732,-0.032475
64586.730571,-0.002302,-0.021820,-0.032430
64586.720049,-0.002263,-0.015716,-0.032375
64586.741090,-0.002263,-0.018149,-0.034789
64586.751612,-0.001103,-0.023048,-0.036054
64586.762131,-0.004648,-0.024200,-0.038379
64586.772653,-0.005785,-0.018072,-0.039494
64586.783172,-0.004608,-0.019313,-0.039531
64586.793694,-0.001094,-0.019394,-0.033629
64586.804213,0.002481,-0.018225,-0.036087
64586.814735,-0.003470,-0.019358,-0.032382
64586.825254,-0.010607,-0.025338,-0.033478
64586.835776,-0.014065,-0.016711,-0.039303
64586.846295,-0.012913,-0.020397,-0.038165
64586.856817,-0.012857,-0.009419,-0.035676
64586.867336,-0.009266,-0.005808,-0.038112
64586.877858,-0.008105,-0.007057,-0.035757
64586.888377,-0.010457,-0.004576,-0.035684
64586.898899,-0.014034,-0.013044,-0.040466
64586.909418,-0.008184,-0.021698,-0.038279
64586.919940,-0.009368,-0.019245,-0.035841
64586.940981,-0.014050,-0.013052,-0.038074
64586.930459,-0.008160,-0.016819,-0.037040
64586.951500,-0.015210,-0.010587,-0.039223
64586.962022,-0.015163,-0.003262,-0.039157
64586.972541,-0.014026,-0.009390,-0.038042
64586.983063,-0.016339,-0.002021,-0.039120
64586.993582,-0.015132,-0.002028,-0.042733
64587.004104,-0.016277,-0.000770,-0.047479
64587.014623,-0.016293,-0.000778,-0.045088
64587.025145,-0.018676,-0.001964,-0.043852
64587.035664,-0.016324,-0.006878,-0.046338
64587.046186,-0.011565,-0.005729,-0.048822
64587.056705,-0.013948,-0.004481,-0.045172
64587.067227,-0.017532,-0.006871,-0.042725
64587.088269,-0.016371,-0.009337,-0.041577
64587.077747,-0.013987,-0.008152,-0.042814
64587.109310,-0.010324,0.010096,-0.041532
64587.098788,-0.009242,0.000288,-0.035666
64587.119829,-0.013947,0.002818,-0.037933
64587.130351,-0.018731,-0.004427,-0.037895
64587.151392,-0.011579,0.000345,-0.040397
64587.140870,-0.010450,-0.005788,-0.038086
64587.161911,-0.013869,0.010160,-0.042650
64587.172433,-0.010395,0.003974,-0.036803
64587.182952,-0.013978,0.004017,-0.031943
64587.193474,-0.015241,-0.008170,-0.032026
64587.203993,-0.012794,-0.000869,-0.036795
64587.214515,-0.017476,0.005324,-0.039029
64587.225034,-0.013916,0.006485,-0.039096
64587.235556,-0.007979,0.008826,-0.039203
64587.246075,-0.007955,0.013705,-0.037963
64587.256597,-0.006772,0.011252,-0.040402
64587.267116,-0.009179,0.006404,-0.039199
64587.277638,-0.005690,-0.003422,-0.039363
64587.288157,-0.000962,-0.012022,-0.046717
64587.298679,-0.008043,-0.004590,-0.042909
64587.309198,-0.000851,0.006286,-0.045358
64587.319720,-0.004435,0.002679,-0.044117
64587.330239,-0.015076,0.008951,-0.040244
64587.340761,-0.010387,0.005195,-0.036792
64587.351280,-0.002223,-0.008395,-0.031114
64587.361802,0.001392,0.000095,-0.032311
64587.372321,0.000216,0.000119,-0.033480
64587.382843,-0.000999,0.000122,-0.028672
64587.393362,-0.004537,-0.003459,-0.034606
64587.403884,-0.004584,-0.008351,-0.032258
64587.414403,0.001392,0.003744,-0.028691
64587.424925,-0.006959,-0.007098,-0.029804
64587.435444,-0.009367,-0.011946,-0.028601
64587.445966,-0.003423,-0.009600,-0.029903
64587.467007,0.010826,-0.002520,-0.028951
64587.456485,0.011971,-0.008644,-0.029032
64587.477526,0.008458,-0.001263,-0.027693
64587.488048,0.008379,-0.012255,-0.026596
64587.498567,0.008332,-0.017146,-0.024248
64587.509089,0.014230,-0.019693,-0.023203
64587.519608,0.010725,-0.011091,-0.021853
64587.530130,0.013124,-0.005031,-0.020654
64587.551171,0.014277,-0.012368,-0.023137
64587.540649,0.015438,-0.012400,-0.019576
64587.561691,0.007250,-0.003689,-0.026493
64587.572213,0.001322,-0.003593,-0.025169
64587.582732,0.004921,-0.002411,-0.031214
64587.593254,0.006128,-0.006068,-0.038447
64587.603773,0.008481,-0.003683,-0.033694
64587.614295,0.011994,-0.011064,-0.035032
64587.635336,0.007202,-0.017097,-0.032592
64587.624814,0.009555,-0.022012,-0.035079
64587.645855,0.003705,-0.008491,-0.032439
64587.656377,0.002490,-0.012138,-0.031250
64587.666896,0.007344,0.003661,-0.033602
64587.677418,0.013327,0.009678,-0.037264
64587.687937,0.005038,0.007385,-0.039497
64587.698459,-0.000898,0.003827,-0.040596
64587.719500,0.003799,0.000076,-0.038341
64587.708978,-0.002090,0.002627,-0.040582
64587.730019,0.009618,-0.007379,-0.030165
64587.740541,0.000145,-0.007218,-0.029959
64587.751060,0.008402,-0.012242,-0.030183
64587.761582,0.004857,-0.017044,-0.036128
64587.772101,0.006096,-0.010951,-0.038490
64587.782623,0.007281,-0.004889,-0.032483
64587.793142,0.006168,0.002469,-0.035979
64587.803664,0.007305,-0.002443,-0.033657
64587.814183,0.013232,-0.004972,-0.037395
64587.824705,0.012057,0.001135,-0.032532
64587.835224,0.012073,0.001144,-0.034923
64587.845746,0.011995,-0.004981,-0.028999
64587.856265,0.012017,-0.008618,-0.036206
64587.866787,0.008417,-0.014667,-0.034988
64587.877306,0.015593,-0.003799,-0.035044
64587.887828,0.008567,0.006095,-0.037194
64587.898347,0.003768,0.001275,-0.032352
64587.908869,0.004922,0.001238,-0.027594
64587.919388,0.001369,-0.001135,-0.029930
64587.929910,0.008482,0.002399,-0.027661
64587.940429,0.008551,0.004871,-0.036009
64587.950951,0.006175,0.003690,-0.035968
64587.961470,0.001439,0.006203,-0.033452
64587.971992,0.007313,0.002428,-0.030026
64587.982511,0.009681,0.002388,-0.030078
64587.993033,0.014402,-0.000134,-0.030202
64588.003552,0.007290,0.001198,-0.027646
64588.014074,0.004914,0.001234,-0.026398
64588.024593,-0.000999,0.003772,-0.025052
64588.035115,0.008520,0.003637,-0.032433
64588.045634,0.010858,0.002364,-0.028908
64588.056156,0.010764,-0.004987,-0.021799
64588.066675,0.016739,-0.001407,-0.026678
64588.077197,0.015468,-0.012383,-0.024359
64588.087717,0.007227,-0.007352,-0.026526
64588.098239,0.008411,-0.007372,-0.026552
64588.108758,0.014316,-0.007480,-0.024289
64588.119280,0.011948,-0.007440,-0.024238
64588.140321,0.010787,-0.007407,-0.027799
64588.129799,0.007211,-0.008576,-0.025341
64588.150840,0.017876,-0.009969,-0.027976
64588.161362,0.014347,-0.009896,-0.031485
64588.171881,0.015476,-0.011163,-0.024348
64588.182403,0.016574,-0.022179,-0.022081
64588.192922,0.011963,-0.012298,-0.031456
64588.203444,0.016667,-0.018478,-0.032809
64588.213963,0.013076,-0.019655,-0.027960
64588.224485,0.016613,-0.019724,-0.025646
64588.245526,0.007203,-0.015880,-0.031386
64588.235004,0.008379,-0.017121,-0.031422
64588.266567,0.020267,-0.012430,-0.034027
64588.256045,0.017883,-0.013614,-0.032792
64588.277086,0.017875,-0.017268,-0.035216
64588.287608,0.010801,-0.015915,-0.038637
64588.298127,0.013177,-0.012301,-0.036265
64588.308649,0.014307,-0.016000,-0.031540
64588.319168,0.009594,-0.013474,-0.032611
64588.329690,0.010817,-0.011040,-0.036202
64588.340209,0.007249,-0.013422,-0.036147
64588.350731,0.000152,-0.012080,-0.035981
64588.361250,0.002512,-0.014558,-0.037250
64588.371772,0.003713,-0.009703,-0.034841
64588.392813,0.010857,-0.001286,-0.032528
64588.382291,0.007312,-0.004872,-0.037266
64588.403332,0.007281,-0.006105,-0.033690
64588.413854,0.012002,-0.009843,-0.035021
64588.424373,0.010802,-0.012265,-0.035017
64588.434895,0.011986,-0.011068,-0.033836
64588.445414,0.008488,-0.004896,-0.036096
64588.455936,0.008527,-0.002442,-0.039661
64588.466455,0.008597,0.003680,-0.044390
64588.476977,0.003799,0.000076,-0.038341
64588.487496,0.007382,0.000033,-0.043201
64588.498018,0.002614,-0.003553,-0.041935
64588.519059,0.001415,-0.001109,-0.037104
64588.508537,0.002584,-0.003571,-0.037152
64588.529578,0.008559,0.006091,-0.035998
64588.540100,0.006222,0.009798,-0.037109
64588.550619,0.001446,0.003774,-0.037061
64588.561141,0.007390,0.003687,-0.040777
64588.571660,0.002646,0.004979,-0.038271
64588.582182,-0.000898,0.007477,-0.036977
64588.592702,-0.003251,0.006309,-0.040523
64588.603224,-0.002051,0.008730,-0.040527
64588.613743,-0.002058,0.011159,-0.036918
64588.624265,0.001463,0.009865,-0.033419
64588.645306,-0.004458,0.007532,-0.035704
64588.634784,-0.005642,0.007552,-0.035678
64588.655825,0.003854,0.009838,-0.037058
64588.666347,-0.000914,0.003818,-0.038205
64588.676866,-0.000875,0.002624,-0.045390
64588.687388,0.003822,0.002522,-0.039515
64588.697907,0.001415,0.001324,-0.034691
64588.708429,-0.000929,0.002594,-0.037020
64588.718948,-0.000953,-0.002286,-0.038260
64588.729470,-0.002145,-0.001053,-0.035831
64588.739989,-0.003314,-0.003457,-0.040610
64588.750511,-0.000976,-0.003515,-0.035879
64588.771552,0.003768,-0.002374,-0.035971
64588.761030,0.003752,-0.003599,-0.034786
64588.782071,0.002552,-0.004804,-0.033576
64588.792593,0.003760,0.000055,-0.032362
64588.803112,0.002568,-0.006012,-0.037174
64588.813634,0.006081,-0.009743,-0.034892
64588.824153,0.010841,-0.006161,-0.034963
64588.834675,0.006120,-0.006072,-0.037251
64588.845194,0.007304,-0.004876,-0.036070
64588.855716,0.015522,-0.017220,-0.037555
64588.866235,0.015514,-0.017224,-0.036360
64588.876757,0.009673,-0.003699,-0.034915
64588.887276,0.010825,-0.009819,-0.036191
64588.897798,0.006136,-0.003630,-0.037229
64588.908317,-0.002185,-0.012023,-0.040712
64588.918839,0.000129,-0.015743,-0.036014
64588.929358,0.013115,-0.017201,-0.031525
64588.939880,0.015570,-0.007462,-0.035077
64588.960921,0.008472,-0.008554,-0.037324
64588.950399,0.013209,-0.004984,-0.033807
64588.971440,0.000183,-0.010847,-0.039557
64588.981962,0.002497,-0.013350,-0.033652
64589.003003,0.007296,-0.007313,-0.037288
64588.992481,0.007281,-0.007322,-0.034896
64589.013522,0.004952,-0.002394,-0.035997
64589.024044,0.008457,-0.009779,-0.036140
64589.034563,0.009641,-0.009799,-0.036165
64589.045085,0.008496,-0.004892,-0.037292
64589.055604,0.008465,-0.008558,-0.036129
64589.066126,0.008527,-0.002442,-0.039661
64589.076645,0.002552,-0.009670,-0.038402
64589.087167,0.004967,-0.006035,-0.042008
64589.097686,0.005022,0.001294,-0.043138
64589.108208,0.000215,-0.002314,-0.035894
64589.129249,0.000169,-0.002340,-0.028719
64589.118727,-0.000992,-0.003523,-0.033487
64589.139769,0.000185,-0.001114,-0.029904
64589.150291,0.001400,0.000099,-0.033506
64589.160810,0.001423,0.000112,-0.037093
64589.171332,0.003744,-0.004820,-0.034797
64589.181851,0.004912,-0.012148,-0.039671
64589.192373,0.001399,-0.002334,-0.035919
64589.202892,0.002537,-0.002380,-0.028771
64589.213414,0.006121,0.000011,-0.031218
64589.223933,0.003784,0.006150,-0.029916
64589.234455,0.006121,0.002444,-0.028805
64589.244974,0.000185,-0.002331,-0.031111
64589.255496,0.010818,-0.006173,-0.031375
64589.266015,0.006050,-0.007327,-0.027696
64589.276537,0.006089,-0.004873,-0.031262
64589.287056,0.007266,-0.003680,-0.028885
64589.297578,0.004913,-0.004849,-0.032431
64589.308097,0.007242,-0.006126,-0.027711
64589.318619,0.002482,-0.009709,-0.027641
64589.329138,0.004890,-0.004861,-0.028844
64589.339660,0.006089,-0.004873,-0.031262
64589.350179,0.007243,-0.003693,-0.025298
64589.360701,0.003658,-0.010950,-0.027677
64589.371220,0.006004,-0.011002,-0.024142
64589.381742,0.006020,-0.007344,-0.022913
64589.392261,0.004858,-0.009745,-0.028888
64589.402783,0.006082,-0.002444,-0.027652
64589.413302,0.002482,-0.013358,-0.031261
64589.423824,0.000145,-0.009652,-0.032372
64589.434343,-0.003384,-0.010795,-0.037089
64589.444865,-0.003463,-0.018137,-0.032371
64589.465906,0.007218,-0.017088,-0.034984
64589.455384,0.001250,-0.023096,-0.033713
64589.476425,0.001242,-0.020667,-0.030105
64589.486947,0.006002,-0.019518,-0.032588
64589.497466,0.013154,-0.014746,-0.035091
64589.507988,0.008473,-0.007338,-0.036118
64589.529029,0.003760,-0.003595,-0.035982
64589.518507,0.009712,-0.000028,-0.037274
64589.539548,0.004889,-0.009727,-0.033671
64589.550070,0.003783,-0.002366,-0.038363
64589.560589,0.008496,-0.004892,-0.037292
64589.571111,-0.002137,0.000168,-0.035820
64589.581630,-0.000977,-0.004731,-0.037086
64589.592152,0.003751,-0.008465,-0.039613
64589.602671,0.003712,-0.012136,-0.037254
64589.613193,0.009649,-0.008578,-0.036154
64589.623712,0.008434,-0.007359,-0.030139
64589.634234,0.009697,0.002396,-0.032469
64589.644753,0.006160,0.003681,-0.033577
64589.655275,0.006128,-0.003635,-0.036033
64589.665794,0.004921,-0.002411,-0.031214
64589.676316,0.002513,-0.012125,-0.034837
64589.686836,0.009610,-0.013466,-0.035002
64589.697358,0.011986,-0.014718,-0.037456
64589.707877,0.006097,-0.009735,-0.037284
64589.718399,0.008512,-0.000017,-0.034857
64589.728918,0.000200,-0.004756,-0.035915
64589.739440,-0.003360,-0.004700,-0.034643
64589.749959,-0.006913,-0.003423,-0.033358
64589.760481,-0.002098,0.007488,-0.034560
64589.771000,-0.000976,0.001351,-0.031053
64589.781522,0.000310,0.009903,-0.038176
64589.802563,-0.000921,0.005031,-0.035803
64589.792041,-0.002051,0.009947,-0.039321
64589.813082,-0.000929,0.003810,-0.035814
64589.823604,0.000161,-0.008426,-0.033557
64589.834123,-0.002129,0.001388,-0.035810
64589.844645,-0.003344,0.001391,-0.031001
64589.855164,0.000240,0.006214,-0.031035
64589.865686,-0.000921,0.007464,-0.033389
64589.876205,0.001361,0.002511,-0.025114
64589.886727,-0.001046,-0.004770,-0.026324
64589.897246,0.001431,0.003765,-0.034670
64589.907768,-0.000890,0.008697,-0.036966
64589.918287,0.003839,0.011046,-0.033460
64589.928809,-0.002105,0.008700,-0.032157
64589.939328,-0.003313,0.005058,-0.032164
64589.949850,-0.005736,0.000202,-0.028569
64589.960369,-0.003329,0.001400,-0.033392
64589.970891,-0.003407,-0.008375,-0.031088
64589.981410,0.003729,-0.002396,-0.029993
64589.991932,0.000145,-0.008435,-0.031165
64590.002451,0.002483,-0.007276,-0.025227
64590.012973,0.000177,-0.001119,-0.028708
64590.023492,0.002561,0.000066,-0.029945
64590.034014,0.002568,-0.002363,-0.033554
64590.044533,0.000185,-0.003547,-0.032317
64590.055055,0.003760,0.001271,-0.031156
64590.065574,0.003744,-0.002387,-0.032384
64590.076096,-0.003384,-0.010795,-0.037089
64590.086615,-0.003368,-0.007137,-0.035860
64590.097137,0.002474,-0.013363,-0.030065
64590.107656,0.002513,-0.007259,-0.030010
64590.118178,-0.001024,-0.010840,-0.035944
64590.139219,0.000137,-0.010872,-0.032383
64590.128697,0.004881,-0.012165,-0.034888
64590.149738,0.006097,-0.007302,-0.034871
64590.160260,0.007399,0.007341,-0.038353
64590.170779,0.003807,0.002513,-0.037123
64590.181301,-0.004576,-0.008346,-0.033454
64590.191820,0.004912,-0.008498,-0.036051
64590.202342,0.006104,-0.007297,-0.036066
64590.212861,0.006089,-0.008522,-0.034882
64590.223383,0.002552,-0.008454,-0.037196
64590.233902,-0.002200,-0.009599,-0.035908
64590.244424,0.001398,-0.008416,-0.041953
64590.265465,-0.003392,-0.010800,-0.035893
64590.254943,0.003767,-0.006024,-0.039591
64590.275985,0.000200,-0.001106,-0.032296
64590.286507,0.004983,0.000056,-0.038366
64590.297026,-0.000953,-0.001069,-0.037053
64590.307548,0.001439,0.003770,-0.035865
64590.318067,-0.001031,-0.005977,-0.029922
64590.328589,-0.004592,-0.012005,-0.034683
64590.339108,-0.003462,-0.016921,-0.031165
64590.349630,0.001391,-0.007205,-0.039550
64590.370671,-0.000883,0.003836,-0.042988
64590.360149,0.002638,0.001325,-0.040695
64590.381190,-0.003250,0.008742,-0.038110
64590.391712,-0.002129,0.002605,-0.034603
64590.412753,-0.005682,0.001448,-0.035732
64590.402231,-0.004482,0.003870,-0.035736
64590.423272,0.001470,0.007437,-0.037028
64590.433794,-0.002144,0.002597,-0.032212
64590.444313,-0.006881,0.000244,-0.034522
64590.454835,-0.005595,0.013661,-0.036819
64590.465354,-0.003251,0.007525,-0.039317
64590.475876,-0.000890,0.006264,-0.039379
64590.486395,-0.000945,0.001368,-0.035835
64590.496917,-0.002066,0.012371,-0.034516
64590.507436,-0.000968,0.001356,-0.032248
64590.517958,0.003745,-0.001170,-0.031177
64590.528477,0.000224,0.001340,-0.033470
64590.538999,0.000161,-0.002344,-0.027524
64590.549518,0.003745,-0.001170,-0.031177
64590.560040,-0.000921,0.006247,-0.034596
64590.570559,0.000302,0.007465,-0.039394
64590.581081,-0.000953,-0.003502,-0.039466
64590.591600,-0.003345,-0.004691,-0.037034
64590.602122,0.002607,0.000092,-0.037119
64590.612641,0.000215,-0.003530,-0.037100
64590.623163,0.004928,-0.006056,-0.036029
64590.633682,0.004929,-0.002407,-0.032410
64590.644204,-0.000976,0.000135,-0.032259
64590.654723,-0.006959,-0.002232,-0.024978
64590.665245,-0.000991,0.000127,-0.029868
64590.675764,0.003800,0.006159,-0.032308
64590.686286,0.009657,-0.002491,-0.031317
64590.696806,-0.005768,-0.005898,-0.029819
64590.707328,-0.002208,-0.008386,-0.033505
64590.717846,0.010810,-0.008611,-0.032593
64590.728368,0.009548,-0.015933,-0.027850
64590.738887,0.003666,-0.013378,-0.031287
64590.749409,0.003681,-0.013370,-0.033678
64590.759928,0.003705,-0.010924,-0.034852
64590.770450,0.003681,-0.012153,-0.032471
64590.780969,0.003705,-0.007274,-0.031232
64590.791491,0.009657,-0.004924,-0.033730
64590.802010,0.004928,-0.004840,-0.034823
64590.812532,0.003673,-0.014591,-0.033689
64590.823051,0.009672,-0.007349,-0.038535
64590.833573,0.003627,-0.015833,-0.027721
64590.844092,0.003650,-0.014603,-0.030102
64590.854614,0.007242,-0.010993,-0.032538
64590.875656,0.003619,-0.015837,-0.026525
64590.865134,0.003642,-0.015824,-0.030113
64590.896697,0.000199,-0.008405,-0.039535
64590.886175,0.000129,-0.015743,-0.036014
64590.907216,-0.001040,-0.014498,-0.037173
64590.917738,-0.002278,-0.016941,-0.031190
64590.938779,0.003744,-0.002387,-0.032384
64590.928257,0.000145,-0.009652,-0.032372
64590.949298,0.004929,0.000026,-0.029996
64590.959820,-0.001070,-0.009649,-0.027563
64590.970339,-0.005690,-0.002206,-0.038156
64590.980861,-0.011579,0.001561,-0.039191
64590.991380,-0.009211,0.000305,-0.040449
64591.001902,-0.003306,-0.003453,-0.041806
64591.012421,-0.010403,-0.002112,-0.041641
64591.022943,-0.013955,0.000381,-0.039150
64591.043984,-0.011618,0.001540,-0.033212
64591.033462,-0.013947,0.002818,-0.037933
64591.065025,-0.006779,0.013681,-0.036793
64591.054503,0.000232,0.004994,-0.031046
64591.075544,-0.007979,0.007610,-0.040409
64591.086066,-0.009171,0.008842,-0.037981
64591.096585,-0.004428,0.005117,-0.042900
64591.107107,-0.011532,0.005237,-0.042745
64591.117626,-0.016214,0.013863,-0.042566
64591.128148,-0.016268,0.008966,-0.039022
64591.138667,-0.011594,0.002769,-0.035593
64591.149189,-0.010347,0.013732,-0.034325
64591.159708,-0.005626,0.011211,-0.034450
64591.170230,0.007352,0.006098,-0.032385
64591.180749,0.006152,0.000028,-0.036001
64591.191271,0.000239,0.002565,-0.034655
64591.212312,-0.002153,-0.003490,-0.037049
64591.201790,0.000208,-0.001101,-0.033491
64591.222831,-0.002145,0.000164,-0.034625
64591.233353,-0.003313,0.001408,-0.035784
64591.243872,-0.002113,0.002614,-0.036995
64591.254394,-0.008081,-0.000961,-0.033311
64591.264913,-0.000953,0.000148,-0.035846
64591.275435,0.000137,-0.009656,-0.031176
64591.285954,-0.003306,0.000196,-0.038186
64591.296476,-0.003329,-0.003466,-0.038219
64591.306995,-0.004537,-0.008325,-0.039433
64591.317517,-0.004553,-0.010767,-0.039454
64591.338558,-0.005721,-0.003439,-0.034580
64591.328036,0.000192,-0.007193,-0.037133
64591.359599,-0.002232,-0.018132,-0.039571
64591.349077,-0.001008,-0.009615,-0.037129
64591.380640,0.004936,-0.006052,-0.037225
64591.370118,0.001368,-0.009650,-0.038376
64591.391159,0.009657,-0.004924,-0.033730
64591.401681,0.006128,-0.003635,-0.036033
64591.412200,0.012010,-0.007406,-0.033804
64591.422722,0.014393,-0.011087,-0.039866
64591.433241,0.016761,-0.009911,-0.038711
64591.443763,0.010770,-0.014715,-0.032648
64591.454282,0.001328,-0.012105,-0.034811
64591.464804,0.003744,-0.006036,-0.036004
64591.485846,0.011994,-0.009848,-0.033825
64591.475324,0.008457,-0.007346,-0.033726
64591.496365,0.008410,-0.013454,-0.032585
64591.506887,0.008434,-0.009792,-0.032553
64591.517406,0.009649,-0.007362,-0.034948
64591.527928,0.003752,-0.006032,-0.037200
64591.538447,0.000121,-0.015747,-0.034818
64591.548969,0.004858,-0.014611,-0.033714
64591.559488,0.008441,-0.014654,-0.038575
64591.570010,0.014323,-0.014775,-0.032725
64591.580529,0.010771,-0.013498,-0.031441
64591.591051,0.008379,-0.017121,-0.031422
64591.601570,0.003595,-0.023149,-0.030178
64591.612092,0.007257,-0.008551,-0.032516
64591.622611,0.009641,-0.008582,-0.034959
64591.633133,0.007297,-0.004880,-0.034875
64591.643652,0.008441,-0.009788,-0.033748
64591.654174,0.000152,-0.012080,-0.035981
64591.664693,0.000207,-0.004751,-0.037111
64591.675215,0.000238,-0.004734,-0.041894
64591.685734,0.001423,0.000112,-0.037093
64591.696256,0.003791,-0.001145,-0.038352
64591.706775,0.002607,-0.001125,-0.038326
64591.717297,0.000262,-0.002288,-0.043068
64591.727816,-0.002106,0.000185,-0.040603
64591.738338,-0.000961,-0.003506,-0.038270
64591.748857,0.000207,-0.005968,-0.038318
64591.759379,-0.000953,-0.003502,-0.039466
64591.769898,-0.005667,-0.002193,-0.041744
64591.780420,-0.005682,-0.002201,-0.039352
64591.801461,-0.004553,-0.009550,-0.038248
64591.790939,-0.003321,-0.003462,-0.039415
64591.811980,-0.008113,-0.005845,-0.033354
64591.822502,-0.001000,-0.005960,-0.034705
64591.833021,-0.001078,-0.012086,-0.028781
64591.843543,-0.002278,-0.016941,-0.031190
64591.854062,0.001305,-0.014551,-0.033637
64591.864584,0.004905,-0.009719,-0.036062
64591.875103,0.004874,-0.008519,-0.030073
64591.885625,0.003729,-0.003612,-0.031199
