1355123540.602000,0.000000,0.000000,0.000000
1355123540.609000,0.000000,0.000000,0.000000
1355123540.620000,0.000000,0.000000,0.000000
1355123540.629000,0.000000,0.000000,0.000000
1355123540.639000,0.000000,0.000000,0.000000
1355123540.649000,0.000000,0.000000,0.000000
1355123540.659000,0.000000,0.000000,0.000000
1355123540.670000,0.000000,0.000000,0.000000
1355123540.679000,0.000000,0.000000,0.000000
1355123540.689000,0.000000,0.000000,0.000000
1355123540.701000,0.000000,0.000000,0.000000
1355123540.710000,10.937500,-6.125000,0.125000
1355123540.719000,10.937500,-5.875000,0.625000
1355123540.730000,10.937500,-5.875000,0.625000
1355123540.740000,10.937500,-5.875000,0.625000
1355123540.749000,10.937500,-5.875000,0.625000
1355123540.759000,10.937500,-5.875000,0.625000
1355123540.770000,10.937500,-5.875000,0.625000
1355123540.784000,10.937500,-5.875000,0.625000
1355123540.789000,10.937500,-5.875000,0.625000
1355123540.799000,10.937500,-5.875000,0.625000
1355123540.809000,10.937500,-5.875000,0.625000
1355123540.819000,10.937500,-5.875000,0.625000
1355123540.829000,10.937500,-5.875000,0.625000
1355123540.839000,10.937500,-5.875000,0.625000
1355123540.850000,10.937500,-5.875000,0.625000
1355123540.863000,10.687500,-6.562500,0.875000
1355123540.869000,10.687500,-6.562500,1.375000
1355123540.879000,10.687500,-6.562500,1.375000
1355123540.889000,10.687500,-6.562500,1.375000
1355123540.919000,10.687500,-6.562500,1.375000
1355123540.922000,10.687500,-6.562500,1.375000
1355123540.925000,10.687500,-6.562500,1.375000
1355123540.934000,10.687500,-6.562500,1.375000
1355123540.942000,10.187500,-7.062500,0.375000
1355123540.954000,9.687500,-7.562500,-0.125000
1355123540.964000,9.687500,-7.562500,-0.125000
1355123540.975000,9.687500,-7.562500,-0.125000
1355123540.983000,9.687500,-7.562500,-0.125000
1355123540.996000,9.687500,-7.562500,-0.125000
1355123541.006000,9.687500,-7.562500,-0.125000
1355123541.012000,9.687500,-7.562500,-0.125000
1355123541.026000,9.687500,-7.562500,-0.125000
1355123541.034000,9.687500,-7.562500,-0.125000
1355123541.048000,9.687500,-7.562500,-0.125000
1355123541.067000,9.687500,-7.562500,-0.125000
1355123541.083000,9.687500,-7.562500,-0.125000
1355123541.089000,9.687500,-7.562500,-0.125000
1355123541.107000,9.687500,-7.562500,-0.125000
1355123541.118000,9.687500,-7.562500,-0.125000
1355123541.122000,9.687500,-7.562500,-0.125000
1355123541.133000,9.687500,-7.562500,-0.125000
1355123541.139000,9.687500,-7.562500,-0.125000
1355123541.154000,7.937500,-7.562500,0.375000
1355123541.158000,7.687500,-7.562500,0.625000
1355123541.169000,8.187500,-7.812500,-0.125000
1355123541.178000,8.687500,-7.812500,0.125000
1355123541.188000,8.687500,-7.312500,0.125000
1355123541.198000,8.687500,-7.312500,0.125000
1355123541.209000,8.687500,-7.312500,0.125000
1355123541.218000,8.687500,-7.312500,0.125000
1355123541.228000,8.687500,-7.312500,0.125000
1355123541.238000,8.687500,-7.312500,0.125000
1355123541.248000,8.437500,-7.562500,0.375000
1355123541.258000,8.687500,-7.812500,0.125000
1355123541.268000,8.687500,-8.062500,0.125000
1355123541.278000,8.687500,-8.062500,0.125000
1355123541.288000,9.187500,-7.812500,0.125000
1355123541.298000,9.187500,-7.812500,0.125000
1355123541.308000,9.937500,-7.562500,0.375000
1355123541.319000,9.937500,-7.562500,0.375000
1355123541.328000,10.437500,-7.312500,-0.125000
1355123541.338000,10.437500,-7.312500,-0.125000
1355123541.348000,11.437500,-6.812500,-0.375000
1355123541.358000,11.437500,-6.812500,-0.375000
1355123541.368000,12.187500,-6.812500,-0.625000
1355123541.378000,12.187500,-6.812500,-0.625000
1355123541.388000,12.437500,-7.062500,-1.125000
1355123541.398000,12.437500,-7.062500,-1.125000
1355123541.408000,12.437500,-7.062500,-1.125000
1355123541.418000,12.437500,-7.062500,-1.125000
1355123541.428000,12.437500,-6.812500,-0.375000
1355123541.438000,12.437500,-6.812500,-0.375000
1355123541.448000,12.437500,-6.812500,-0.375000
1355123541.458000,12.437500,-6.562500,-0.875000
1355123541.468000,12.875000,-6.312500,-0.375000
1355123541.478000,12.875000,-6.312500,-0.375000
1355123541.488000,13.375000,-5.875000,-0.375000
1355123541.498000,13.375000,-5.875000,-0.375000
1355123541.508000,13.875000,-5.875000,-0.375000
1355123541.518000,13.875000,-5.875000,-0.375000
1355123541.529000,14.875000,-5.625000,-0.375000
1355123541.538000,14.875000,-5.625000,-0.375000
1355123541.548000,14.875000,-5.625000,-0.375000
1355123541.558000,15.375000,-5.125000,-0.875000
1355123541.579000,15.375000,-5.125000,-0.875000
1355123541.583000,15.375000,-5.125000,-0.875000
1355123541.590000,15.375000,-5.125000,-0.875000
1355123541.598000,15.625000,-5.125000,-1.375000
1355123541.608000,15.875000,-4.375000,-1.375000
1355123541.618000,15.625000,-3.875000,-1.125000
1355123541.628000,15.625000,-3.875000,-1.125000
1355123541.638000,15.625000,-3.875000,-1.125000
1355123541.649000,15.625000,-3.875000,-1.125000
1355123541.658000,15.625000,-3.875000,-1.125000
1355123541.668000,15.375000,-4.125000,-0.375000
1355123541.679000,15.375000,-4.375000,-0.375000
1355123541.688000,15.375000,-4.375000,-0.375000
1355123541.698000,15.375000,-4.375000,-0.375000
1355123541.709000,15.375000,-4.375000,-0.375000
1355123541.718000,15.125000,-4.625000,-1.562500
1355123541.728000,14.875000,-5.375000,-1.812500
1355123541.738000,14.875000,-5.375000,-1.812500
1355123541.748000,14.875000,-5.375000,-1.812500
1355123541.758000,14.875000,-5.375000,-1.562500
1355123541.768000,15.375000,-5.375000,-0.625000
1355123541.778000,15.375000,-5.375000,-0.625000
1355123541.788000,15.625000,-5.375000,-0.125000
1355123541.798000,15.625000,-5.375000,-0.125000
1355123541.808000,16.625000,-5.125000,0.125000
1355123541.818000,16.625000,-5.125000,0.125000
1355123541.828000,16.625000,-5.125000,0.125000
1355123541.838000,17.125000,-4.875000,0.125000
1355123541.848000,17.125000,-4.875000,0.125000
1355123541.858000,17.375000,-4.875000,-0.375000
1355123541.868000,17.375000,-4.875000,-0.375000
1355123541.878000,18.375000,-4.875000,-0.625000
1355123541.888000,17.875000,-4.875000,-0.375000
1355123541.899000,17.875000,-4.875000,-0.375000
1355123541.908000,17.875000,-4.875000,-0.375000
1355123541.918000,17.875000,-4.875000,-0.375000
1355123541.928000,17.125000,-5.125000,-0.375000
1355123541.938000,17.125000,-5.125000,-0.375000
1355123541.948000,17.125000,-5.125000,0.125000
1355123541.959000,16.625000,-5.125000,0.125000
1355123541.968000,16.625000,-5.125000,0.125000
1355123541.978000,17.125000,-5.625000,0.125000
1355123541.988000,17.625000,-5.875000,0.375000
1355123541.999000,17.625000,-5.875000,0.375000
1355123542.009000,17.375000,-6.125000,0.125000
1355123542.018000,17.375000,-6.125000,0.125000
1355123542.029000,17.375000,-6.125000,0.125000
1355123542.039000,17.625000,-6.812500,0.375000
1355123542.049000,17.625000,-6.812500,0.375000
1355123542.058000,17.875000,-6.312500,0.125000
1355123542.068000,17.875000,-6.312500,0.125000
1355123542.078000,18.625000,-6.125000,0.625000
1355123542.088000,18.625000,-6.125000,0.625000
1355123542.098000,18.625000,-6.312500,0.625000
1355123542.108000,18.625000,-6.312500,0.625000
1355123542.118000,18.375000,-5.625000,0.375000
1355123542.128000,18.375000,-5.625000,0.375000
1355123542.138000,18.125000,-5.625000,0.375000
1355123542.148000,18.125000,-5.625000,0.375000
1355123542.159000,18.125000,-5.625000,0.375000
1355123542.170000,17.375000,-5.625000,0.625000
1355123542.184000,17.375000,-5.375000,1.125000
1355123542.190000,17.375000,-5.375000,1.125000
1355123542.199000,17.375000,-5.375000,1.125000
1355123542.208000,16.875000,-5.375000,1.812500
1355123542.218000,16.875000,-5.625000,2.312500
1355123542.228000,16.875000,-5.625000,2.312500
1355123542.238000,17.125000,-5.875000,2.312500
1355123542.248000,17.125000,-5.875000,2.312500
1355123542.258000,17.875000,-5.625000,1.812500
1355123542.269000,17.875000,-5.625000,1.812500
1355123542.278000,18.625000,-5.375000,1.812500
1355123542.288000,18.625000,-5.375000,1.812500
1355123542.298000,18.625000,-5.125000,2.312500
1355123542.308000,18.625000,-5.125000,2.312500
1355123542.318000,19.125000,-4.625000,3.312500
1355123542.335000,19.125000,-4.625000,3.312500
1355123542.340000,19.125000,-4.625000,3.312500
1355123542.348000,19.125000,-4.625000,3.312500
1355123542.358000,19.125000,-4.125000,4.750000
1355123542.369000,19.375000,-3.875000,5.750000
1355123542.379000,20.125000,-3.875000,5.500000
1355123542.389000,20.125000,-3.875000,5.500000
1355123542.399000,20.375000,-3.625000,3.812500
1355123542.409000,20.375000,-3.625000,3.812500
1355123542.418000,20.375000,-3.625000,3.812500
1355123542.428000,20.375000,-3.625000,3.812500
1355123542.438000,20.625000,-3.875000,1.125000
1355123542.448000,20.625000,-3.875000,1.125000
1355123542.458000,20.625000,-3.375000,0.625000
1355123542.468000,20.625000,-3.375000,0.625000
1355123542.478000,20.875000,-3.375000,1.375000
1355123542.488000,20.875000,-3.375000,1.375000
1355123542.498000,21.375000,-2.875000,2.312500
1355123542.508000,21.375000,-2.875000,2.312500
1355123542.518000,21.375000,-2.625000,2.812500
1355123542.528000,21.375000,-2.625000,2.812500
1355123542.538000,21.375000,-1.937500,3.562500
1355123542.549000,21.375000,-1.937500,3.562500
1355123542.559000,21.875000,-0.937500,3.562500
1355123542.569000,21.875000,-0.937500,3.562500
1355123542.579000,22.375000,-0.937500,3.312500
1355123542.588000,22.375000,-0.937500,3.312500
1355123542.600000,23.125000,-0.437500,3.812500
1355123542.608000,23.125000,-0.437500,3.812500
1355123542.618000,24.125000,-0.687500,3.562500
1355123542.628000,24.125000,-0.687500,3.562500
1355123542.638000,23.625000,-1.187500,3.312500
1355123542.648000,23.625000,-1.187500,3.312500
1355123542.658000,23.625000,-1.187500,3.312500
1355123542.668000,23.125000,-0.937500,3.562500
1355123542.681000,23.125000,-0.937500,3.312500
1355123542.688000,23.125000,-0.937500,3.312500
1355123542.698000,22.625000,-0.687500,4.062500
1355123542.708000,22.625000,-0.687500,4.062500
1355123542.718000,23.125000,-0.437500,4.750000
1355123542.728000,23.125000,-0.437500,4.750000
1355123542.738000,23.375000,-0.187500,5.250000
1355123542.748000,23.375000,-0.187500,5.250000
1355123542.758000,23.375000,0.062500,4.750000
1355123542.768000,23.375000,0.062500,4.750000
1355123542.778000,23.625000,-0.437500,4.500000
1355123542.788000,23.625000,-0.437500,4.500000
1355123542.798000,23.875000,-0.687500,4.750000
1355123542.808000,23.875000,-0.687500,4.750000
1355123542.818000,24.125000,-0.437500,4.500000
1355123542.828000,24.125000,-0.437500,4.500000
1355123542.838000,24.375000,-0.187500,5.250000
1355123542.848000,24.375000,-0.187500,5.250000
1355123542.858000,25.125000,0.312500,5.000000
1355123542.869000,25.125000,0.312500,5.000000
1355123542.878000,25.125000,0.312500,5.000000
1355123542.889000,25.875000,0.062500,4.500000
1355123542.898000,25.875000,0.062500,4.500000
1355123542.908000,25.875000,0.062500,4.500000
1355123542.919000,26.375000,-0.937500,4.250000
1355123542.931000,26.375000,-0.937500,4.250000
1355123542.938000,25.875000,-1.187500,5.250000
1355123542.948000,25.875000,-1.187500,5.250000
1355123542.959000,25.125000,-0.437500,5.750000
1355123542.968000,25.125000,-0.437500,5.750000
1355123542.978000,24.875000,-0.437500,6.000000
1355123542.988000,24.875000,-0.437500,6.000000
1355123542.998000,24.625000,-0.187500,5.750000
1355123543.008000,24.625000,-0.187500,5.750000
1355123543.018000,24.875000,-0.187500,5.000000
1355123543.028000,24.875000,-0.187500,5.000000
1355123543.038000,25.125000,-0.687500,4.750000
1355123543.055000,25.125000,-0.687500,4.750000
1355123543.059000,25.125000,-0.687500,4.750000
1355123543.069000,25.125000,-0.687500,4.750000
1355123543.078000,25.625000,-2.125000,4.750000
1355123543.088000,25.625000,-2.125000,4.750000
1355123543.098000,25.375000,-2.375000,4.500000
1355123543.108000,25.375000,-2.375000,4.500000
1355123543.118000,25.125000,-2.875000,4.750000
1355123543.128000,25.125000,-2.875000,4.750000
1355123543.138000,24.625000,-2.375000,4.750000
1355123543.148000,24.625000,-2.375000,4.750000
1355123543.158000,24.375000,-2.375000,5.500000
1355123543.168000,24.375000,-2.375000,5.500000
1355123543.178000,23.875000,-2.875000,6.250000
1355123543.188000,23.875000,-2.875000,6.250000
1355123543.199000,23.875000,-3.125000,6.500000
1355123543.208000,23.875000,-3.125000,6.500000
1355123543.218000,24.125000,-3.125000,6.750000
1355123543.229000,24.125000,-3.125000,6.750000
1355123543.239000,24.625000,-3.125000,6.500000
1355123543.248000,24.625000,-3.125000,6.500000
1355123543.258000,24.625000,-3.125000,6.500000
1355123543.268000,24.875000,-2.625000,6.000000
1355123543.278000,24.625000,-2.625000,6.000000
1355123543.288000,24.625000,-2.625000,6.000000
1355123543.298000,24.375000,-2.875000,6.000000
1355123543.308000,24.375000,-2.875000,6.000000
1355123543.318000,24.375000,-3.375000,6.000000
1355123543.328000,24.375000,-3.375000,6.000000
1355123543.338000,24.875000,-3.875000,6.750000
1355123543.348000,24.875000,-3.875000,6.750000
1355123543.358000,25.625000,-3.375000,7.187500
1355123543.368000,25.625000,-3.375000,7.187500
1355123543.378000,25.625000,-3.375000,7.187500
1355123543.389000,26.125000,-3.125000,7.687500
1355123543.399000,26.125000,-3.125000,7.687500
1355123543.408000,26.125000,-3.125000,7.687500
1355123543.418000,25.625000,-1.687500,8.937500
1355123543.430000,25.625000,-1.687500,8.937500
1355123543.438000,24.875000,-1.437500,8.937500
1355123543.448000,24.875000,-1.437500,8.937500
1355123543.458000,24.875000,-1.687500,8.687500
1355123543.468000,24.875000,-1.687500,8.687500
1355123543.478000,25.375000,-2.125000,8.687500
1355123543.488000,25.375000,-2.125000,8.687500
1355123543.498000,25.125000,-2.875000,7.937500
1355123543.508000,25.125000,-2.875000,7.937500
1355123543.518000,25.125000,-3.375000,7.687500
1355123543.528000,25.125000,-3.375000,7.687500
1355123543.538000,24.875000,-3.625000,7.687500
1355123543.548000,24.875000,-3.625000,7.687500
1355123543.558000,24.875000,-3.625000,7.687500
1355123543.569000,24.875000,-3.625000,7.437500
1355123543.579000,24.875000,-3.375000,7.687500
1355123543.588000,24.875000,-3.375000,7.687500
1355123543.598000,25.125000,-3.125000,7.187500
1355123543.608000,25.125000,-3.125000,7.187500
1355123543.618000,24.875000,-3.375000,7.187500
1355123543.628000,24.875000,-3.375000,7.187500
1355123543.638000,24.875000,-3.375000,7.187500
1355123543.648000,24.375000,-3.625000,7.437500
1355123543.658000,24.375000,-3.625000,7.437500
1355123543.669000,24.125000,-3.625000,7.937500
1355123543.679000,24.125000,-3.625000,7.937500
1355123543.688000,24.375000,-3.625000,8.937500
1355123543.698000,24.625000,-3.625000,9.437500
1355123543.708000,24.625000,-3.625000,9.437500
1355123543.719000,24.875000,-3.875000,9.687500
1355123543.734000,24.875000,-3.875000,9.687500
1355123543.738000,24.875000,-3.875000,9.687500
1355123543.749000,24.875000,-3.875000,9.687500
1355123543.758000,25.125000,-4.125000,9.687500
1355123543.768000,24.375000,-4.125000,9.437500
1355123543.778000,23.875000,-3.625000,9.187500
1355123543.788000,23.875000,-3.625000,9.187500
1355123543.799000,23.375000,-2.875000,8.937500
1355123543.809000,23.375000,-2.875000,8.937500
1355123543.819000,23.375000,-2.875000,8.937500
1355123543.828000,22.875000,-2.875000,8.937500
1355123543.839000,22.375000,-3.125000,9.687500
1355123543.849000,22.375000,-3.125000,9.687500
1355123543.858000,22.375000,-3.125000,9.687500
1355123543.868000,21.375000,-3.875000,10.125000
1355123543.878000,20.875000,-4.625000,10.875000
1355123543.889000,20.875000,-4.625000,10.875000
1355123543.899000,20.875000,-4.625000,10.875000
1355123543.909000,19.375000,-4.875000,11.625000
1355123543.918000,19.375000,-4.875000,11.625000
1355123543.928000,19.375000,-4.875000,11.625000
1355123543.938000,18.875000,-4.875000,11.625000
1355123543.948000,19.875000,-4.875000,11.375000
1355123543.958000,19.875000,-4.875000,11.375000
1355123543.968000,20.375000,-5.125000,11.125000
1355123543.978000,20.375000,-5.125000,11.125000
1355123543.988000,21.875000,-5.875000,10.375000
1355123543.998000,21.875000,-5.875000,10.375000
1355123544.008000,22.875000,-7.062500,9.437500
1355123544.018000,22.875000,-7.062500,9.437500
1355123544.028000,23.125000,-7.812500,9.687500
1355123544.038000,23.125000,-7.812500,9.687500
1355123544.048000,22.625000,-8.062500,9.875000
1355123544.059000,22.625000,-8.062500,9.875000
1355123544.068000,22.375000,-7.812500,10.625000
1355123544.078000,22.375000,-7.812500,10.625000
1355123544.088000,21.875000,-7.812500,11.875000
1355123544.099000,21.875000,-7.812500,11.875000
1355123544.108000,21.125000,-7.812500,12.375000
1355123544.118000,21.125000,-7.812500,12.375000
1355123544.128000,20.875000,-8.562500,11.875000
1355123544.138000,20.875000,-8.562500,11.875000
1355123544.148000,20.875000,-8.562500,11.875000
1355123544.158000,20.875000,-8.562500,11.875000
1355123544.168000,20.625000,-10.500000,11.375000
1355123544.178000,20.625000,-10.500000,11.375000
1355123544.188000,20.375000,-11.000000,11.625000
1355123544.198000,20.375000,-11.000000,11.625000
1355123544.208000,20.125000,-11.250000,12.375000
1355123544.218000,20.125000,-11.250000,12.375000
1355123544.228000,19.375000,-11.000000,12.375000
1355123544.238000,19.375000,-11.000000,12.375000
1355123544.248000,18.625000,-11.500000,12.375000
1355123544.258000,18.625000,-11.500000,12.375000
1355123544.268000,18.125000,-12.250000,11.375000
1355123544.278000,18.125000,-12.250000,11.375000
1355123544.288000,17.625000,-13.000000,10.875000
1355123544.298000,17.625000,-13.000000,10.875000
1355123544.308000,17.875000,-13.500000,10.625000
1355123544.318000,17.875000,-13.500000,10.625000
1355123544.328000,17.625000,-13.750000,10.625000
1355123544.338000,17.625000,-13.750000,10.625000
1355123544.350000,17.375000,-13.500000,11.625000
1355123544.358000,17.375000,-13.500000,11.625000
1355123544.368000,17.625000,-13.250000,12.125000
1355123544.378000,17.625000,-13.250000,12.125000
1355123544.388000,17.125000,-13.250000,12.812500
1355123544.399000,17.125000,-13.250000,12.812500
1355123544.408000,17.125000,-13.250000,12.812500
1355123544.418000,17.125000,-13.250000,12.812500
1355123544.430000,16.625000,-13.500000,13.062500
1355123544.438000,16.625000,-13.500000,13.062500
1355123544.449000,15.875000,-13.500000,12.812500
1355123544.458000,15.875000,-13.500000,12.812500
1355123544.468000,15.625000,-13.500000,13.062500
1355123544.478000,15.625000,-13.500000,13.062500
1355123544.488000,15.125000,-12.500000,12.562500
1355123544.498000,15.125000,-12.500000,12.562500
1355123544.508000,15.625000,-12.000000,13.312500
1355123544.518000,15.625000,-12.000000,13.312500
1355123544.529000,15.625000,-11.750000,14.312500
1355123544.539000,15.625000,-11.750000,14.312500
1355123544.548000,15.875000,-11.250000,14.312500
1355123544.558000,15.875000,-11.250000,14.312500
1355123544.568000,16.625000,-11.250000,15.062500
1355123544.579000,16.625000,-11.250000,15.062500
1355123544.588000,16.875000,-11.750000,15.250000
1355123544.599000,16.875000,-11.750000,15.250000
1355123544.608000,17.625000,-11.750000,15.250000
1355123544.619000,17.625000,-11.750000,15.250000
1355123544.628000,17.625000,-11.750000,15.250000
1355123544.638000,17.125000,-12.500000,15.500000
1355123544.648000,17.125000,-12.500000,15.500000
1355123544.658000,17.125000,-12.500000,15.500000
1355123544.668000,15.875000,-14.000000,15.750000
1355123544.678000,15.875000,-14.000000,15.750000
1355123544.690000,15.125000,-14.687500,16.000000
1355123544.698000,15.125000,-14.687500,16.000000
1355123544.708000,15.375000,-14.937500,16.250000
1355123544.718000,15.375000,-14.937500,16.250000
1355123544.728000,15.375000,-15.187500,16.250000
1355123544.739000,15.375000,-15.187500,16.250000
1355123544.748000,15.375000,-15.437500,16.750000
1355123544.758000,15.375000,-15.437500,16.750000
1355123544.769000,15.625000,-15.687500,16.500000
1355123544.779000,15.625000,-15.687500,16.500000
1355123544.788000,15.375000,-16.687500,16.250000
1355123544.798000,15.375000,-16.687500,16.250000
1355123544.808000,15.125000,-17.687500,15.750000
1355123544.818000,15.125000,-17.687500,15.750000
1355123544.828000,15.375000,-18.437500,14.812500
1355123544.838000,15.375000,-18.437500,14.812500
1355123544.848000,15.625000,-18.687500,13.812500
1355123544.858000,15.625000,-18.687500,13.812500
1355123544.868000,15.875000,-18.687500,13.312500
1355123544.878000,15.875000,-18.687500,13.312500
1355123544.888000,15.875000,-18.687500,13.062500
1355123544.898000,15.875000,-18.687500,13.062500
1355123544.908000,15.875000,-18.687500,13.062500
1355123544.918000,15.375000,-19.125000,13.062500
1355123544.930000,15.375000,-19.125000,13.062500
1355123544.940000,15.375000,-19.125000,13.062500
1355123544.948000,13.875000,-20.375000,13.812500
1355123544.959000,13.875000,-20.375000,13.812500
1355123544.968000,12.625000,-20.875000,13.812500
1355123544.978000,12.625000,-20.875000,13.812500
1355123544.988000,11.687500,-21.625000,14.062500
1355123544.998000,11.687500,-21.625000,14.062500
1355123545.008000,10.937500,-21.625000,14.062500
1355123545.018000,10.937500,-21.625000,14.062500
1355123545.028000,10.437500,-21.875000,14.812500
1355123545.038000,10.437500,-21.875000,14.812500
1355123545.048000,10.187500,-21.875000,15.250000
1355123545.058000,10.187500,-21.875000,15.250000
1355123545.068000,9.687500,-21.625000,15.250000
1355123545.078000,9.687500,-21.625000,15.250000
1355123545.094000,9.687500,-21.625000,15.250000
1355123545.098000,9.687500,-21.625000,15.250000
1355123545.108000,8.937500,-22.125000,15.062500
1355123545.118000,7.937500,-22.625000,14.812500
1355123545.128000,7.937500,-22.625000,14.812500
1355123545.138000,7.937500,-22.625000,14.812500
1355123545.148000,6.687500,-23.812500,14.062500
1355123545.158000,6.687500,-23.812500,14.062500
1355123545.168000,6.687500,-23.812500,14.062500
1355123545.179000,6.687500,-23.812500,14.062500
1355123545.188000,6.687500,-23.812500,14.062500
1355123545.199000,4.437500,-24.812500,14.062500
1355123545.209000,4.437500,-24.812500,14.062500
1355123545.218000,3.187500,-25.812500,13.812500
1355123545.228000,2.437500,-26.312500,13.312500
1355123545.239000,2.437500,-26.312500,13.312500
1355123545.248000,1.687500,-27.500000,12.375000
1355123545.258000,1.687500,-27.500000,12.375000
1355123545.268000,1.687500,-27.750000,11.375000
1355123545.278000,1.687500,-27.750000,11.375000
1355123545.288000,1.437500,-27.750000,10.625000
1355123545.298000,1.437500,-27.750000,10.625000
1355123545.309000,1.187500,-28.500000,10.125000
1355123545.319000,1.187500,-28.500000,10.125000
1355123545.328000,1.187500,-28.250000,10.125000
1355123545.338000,1.187500,-28.250000,10.125000
1355123545.348000,1.187500,-28.250000,10.125000
1355123545.358000,1.187500,-28.250000,10.125000
1355123545.374000,1.437500,-28.000000,10.375000
1355123545.378000,1.437500,-28.000000,10.375000
1355123545.388000,1.437500,-28.000000,10.375000
1355123545.398000,1.437500,-28.000000,10.375000
1355123545.409000,1.187500,-27.750000,10.125000
1355123545.420000,1.437500,-28.250000,9.187500
1355123545.428000,1.437500,-28.250000,9.187500
1355123545.438000,1.437500,-28.250000,9.187500
1355123545.448000,0.187500,-30.000000,6.937500
1355123545.460000,0.187500,-30.000000,6.937500
1355123545.468000,0.187500,-30.000000,6.937500
1355123545.478000,-1.062500,-30.500000,6.500000
1355123545.488000,-1.062500,-30.500000,6.500000
1355123545.498000,-2.812500,-30.500000,6.500000
1355123545.508000,-4.312500,-30.000000,7.187500
1355123545.518000,-4.312500,-30.000000,7.187500
1355123545.529000,-5.312500,-29.750000,7.437500
1355123545.538000,-5.312500,-29.750000,7.437500
1355123545.548000,-5.312500,-29.750000,7.437500
1355123545.559000,-5.312500,-29.750000,7.687500
1355123545.569000,-5.312500,-29.750000,7.687500
1355123545.578000,-6.312500,-29.500000,7.937500
1355123545.588000,-6.312500,-29.500000,7.937500
1355123545.598000,-7.062500,-29.250000,7.437500
1355123545.608000,-7.062500,-29.250000,7.437500
1355123545.618000,-8.312500,-29.250000,6.937500
1355123545.628000,-8.312500,-29.250000,6.937500
1355123545.639000,-8.312500,-29.250000,6.937500
1355123545.648000,-9.312500,-29.500000,6.750000
1355123545.658000,-9.312500,-29.500000,6.750000
1355123545.669000,-10.062500,-30.000000,5.750000
1355123545.678000,-10.062500,-30.000000,5.750000
1355123545.688000,-10.062500,-30.000000,5.750000
1355123545.698000,-10.562500,-30.250000,5.250000
1355123545.708000,-10.562500,-30.250000,5.250000
1355123545.718000,-10.812500,-29.750000,5.000000
1355123545.728000,-10.812500,-29.750000,5.000000
1355123545.738000,-10.812500,-29.750000,4.500000
1355123545.749000,-10.812500,-29.750000,4.500000
1355123545.758000,-11.062500,-29.500000,4.250000
1355123545.769000,-11.062500,-29.500000,4.250000
1355123545.778000,-10.562500,-29.000000,4.250000
1355123545.788000,-10.562500,-29.000000,4.250000
1355123545.799000,-10.562500,-29.000000,4.250000
1355123545.808000,-10.312500,-29.000000,3.562500
1355123545.818000,-10.312500,-29.500000,2.812500
1355123545.828000,-10.312500,-29.500000,2.812500
1355123545.838000,-9.562500,-29.750000,2.312500
1355123545.849000,-9.812500,-30.500000,1.375000
1355123545.858000,-9.812500,-30.500000,1.375000
1355123545.868000,-9.812500,-30.500000,1.375000
1355123545.878000,-10.562500,-30.500000,0.625000
1355123545.888000,-10.562500,-30.500000,0.625000
1355123545.898000,-10.312500,-29.750000,0.625000
1355123545.908000,-10.312500,-29.750000,0.625000
1355123545.918000,-11.062500,-29.500000,0.875000
1355123545.928000,-11.062500,-29.500000,0.875000
1355123545.938000,-10.562500,-29.000000,0.875000
1355123545.948000,-10.562500,-29.000000,0.875000
1355123545.958000,-9.812500,-29.250000,0.875000
1355123545.968000,-9.812500,-29.250000,0.875000
1355123545.978000,-10.312500,-29.500000,0.875000
1355123545.988000,-10.312500,-29.500000,0.875000
1355123545.998000,-9.812500,-30.000000,0.375000
1355123546.008000,-9.812500,-30.000000,0.375000
1355123546.019000,-9.812500,-30.000000,0.375000
1355123546.029000,-9.812500,-30.000000,0.375000
1355123546.038000,-9.812500,-30.000000,0.375000
1355123546.048000,-10.062500,-30.000000,0.625000
1355123546.074000,-10.562500,-29.750000,0.875000
1355123546.083000,-9.812500,-29.500000,0.625000
1355123546.087000,-9.812500,-29.500000,0.625000
1355123546.095000,-9.312500,-29.500000,-0.125000
1355123546.104000,-9.312500,-29.500000,-0.125000
1355123546.114000,-8.562500,-29.500000,-0.875000
1355123546.124000,-8.562500,-29.500000,-0.875000
1355123546.134000,-7.812500,-29.250000,-1.812500
1355123546.145000,-7.812500,-29.250000,-1.812500
1355123546.154000,-7.812500,-29.250000,-1.812500
1355123546.164000,-7.562500,-29.000000,-2.812500
1355123546.174000,-6.812500,-29.250000,-3.812500
1355123546.185000,-6.812500,-29.250000,-3.812500
1355123546.194000,-5.812500,-29.500000,-5.000000
1355123546.204000,-5.812500,-29.500000,-5.000000
1355123546.214000,-4.812500,-30.000000,-5.750000
1355123546.224000,-4.812500,-30.000000,-5.750000
1355123546.235000,-3.562500,-29.750000,-6.250000
1355123546.244000,-3.562500,-29.750000,-6.250000
1355123546.255000,-2.312500,-29.000000,-6.937500
1355123546.264000,-2.312500,-29.000000,-6.937500
1355123546.274000,-1.062500,-28.500000,-7.437500
1355123546.284000,-1.062500,-28.500000,-7.437500
1355123546.294000,0.187500,-28.250000,-7.687500
1355123546.304000,0.187500,-28.250000,-7.687500
1355123546.314000,1.687500,-28.000000,-8.687500
1355123546.324000,1.687500,-28.000000,-8.687500
1355123546.334000,2.937500,-28.250000,-8.687500
1355123546.344000,2.937500,-28.250000,-8.687500
1355123546.354000,3.437500,-28.000000,-9.437500
1355123546.364000,3.437500,-28.000000,-9.437500
1355123546.374000,4.187500,-27.250000,-10.375000
1355123546.384000,4.187500,-27.250000,-10.375000
1355123546.394000,4.937500,-27.062500,-10.625000
1355123546.404000,4.937500,-27.062500,-10.625000
1355123546.415000,4.937500,-27.062500,-10.625000
1355123546.424000,4.937500,-27.062500,-10.625000
1355123546.435000,5.937500,-26.312500,-11.125000
1355123546.444000,5.937500,-26.312500,-11.125000
1355123546.454000,5.937500,-26.312500,-11.125000
1355123546.464000,5.937500,-26.312500,-11.625000
1355123546.481000,5.937500,-26.312500,-11.625000
1355123546.484000,5.937500,-26.312500,-11.625000
1355123546.494000,5.937500,-26.312500,-11.625000
1355123546.504000,7.437500,-25.812500,-12.562500
1355123546.514000,7.937500,-25.562500,-12.812500
1355123546.524000,7.937500,-25.562500,-12.812500
1355123546.534000,9.687500,-24.812500,-12.812500
1355123546.545000,9.687500,-24.812500,-12.812500
1355123546.554000,10.437500,-24.062500,-12.375000
1355123546.564000,10.437500,-24.062500,-12.375000
1355123546.574000,10.937500,-24.062500,-12.562500
1355123546.584000,10.937500,-24.062500,-12.562500
1355123546.595000,11.687500,-23.562500,-12.812500
1355123546.604000,11.687500,-23.562500,-12.812500
1355123546.614000,11.937500,-23.812500,-12.812500
1355123546.624000,11.937500,-23.812500,-12.812500
1355123546.634000,11.937500,-23.812500,-12.812500
1355123546.644000,11.937500,-23.812500,-12.812500
1355123546.654000,12.437500,-23.812500,-12.562500
1355123546.664000,12.875000,-23.812500,-12.812500
1355123546.674000,12.187500,-24.062500,-12.125000
1355123546.685000,12.187500,-24.062500,-12.125000
1355123546.694000,12.187500,-24.062500,-12.125000
1355123546.704000,12.187500,-24.062500,-12.125000
1355123546.714000,12.437500,-24.312500,-12.375000
1355123546.724000,12.437500,-24.312500,-12.375000
1355123546.734000,12.437500,-24.312500,-12.375000
1355123546.744000,12.625000,-24.562500,-11.375000
1355123546.754000,13.625000,-24.812500,-10.875000
1355123546.764000,13.625000,-24.812500,-10.875000
1355123546.774000,13.625000,-25.062500,-9.687500
1355123546.784000,13.625000,-25.062500,-9.687500
1355123546.794000,13.875000,-24.812500,-8.687500
1355123546.804000,13.875000,-24.812500,-8.687500
1355123546.814000,14.125000,-24.812500,-7.937500
1355123546.824000,14.125000,-24.812500,-7.937500
1355123546.834000,14.125000,-24.812500,-7.937500
1355123546.844000,14.125000,-24.562500,-7.937500
1355123546.854000,14.125000,-24.562500,-7.937500
1355123546.864000,14.125000,-24.812500,-7.937500
1355123546.874000,14.125000,-24.812500,-7.937500
1355123546.884000,13.875000,-25.312500,-7.937500
1355123546.894000,13.875000,-25.312500,-7.937500
1355123546.904000,13.625000,-25.312500,-7.687500
1355123546.914000,13.625000,-25.312500,-7.687500
1355123546.924000,13.375000,-26.062500,-6.750000
1355123546.937000,13.375000,-26.062500,-6.750000
1355123546.945000,13.375000,-26.062500,-6.750000
1355123546.954000,13.125000,-26.062500,-5.750000
1355123546.964000,12.625000,-26.312500,-5.000000
1355123546.974000,12.625000,-26.312500,-5.000000
1355123546.984000,11.937500,-26.312500,-4.500000
1355123546.994000,11.937500,-26.312500,-4.500000
1355123547.004000,12.187500,-26.312500,-4.500000
1355123547.014000,12.187500,-26.312500,-4.500000
1355123547.024000,12.187500,-26.562500,-5.000000
1355123547.034000,12.187500,-26.562500,-5.000000
1355123547.044000,12.437500,-26.312500,-4.750000
1355123547.055000,12.437500,-26.312500,-4.750000
1355123547.065000,12.625000,-26.812500,-5.250000
1355123547.074000,12.625000,-26.812500,-5.250000
1355123547.084000,12.187500,-26.562500,-5.500000
1355123547.095000,12.187500,-26.562500,-5.500000
1355123547.104000,12.437500,-26.812500,-5.250000
1355123547.114000,12.437500,-26.812500,-5.250000
1355123547.125000,12.187500,-27.250000,-4.750000
1355123547.135000,12.187500,-27.250000,-4.750000
1355123547.144000,12.187500,-27.250000,-4.250000
1355123547.155000,12.187500,-27.250000,-4.250000
1355123547.166000,12.187500,-27.250000,-4.250000
1355123547.174000,12.187500,-27.250000,-4.250000
1355123547.184000,12.187500,-27.250000,-4.250000
1355123547.194000,12.187500,-27.250000,-4.250000
1355123547.204000,12.187500,-27.250000,-4.250000
1355123547.214000,11.937500,-26.812500,-2.062500
1355123547.226000,11.687500,-26.812500,-1.375000
1355123547.235000,11.687500,-26.812500,-1.375000
1355123547.244000,11.187500,-26.812500,-1.812500
1355123547.254000,11.187500,-26.812500,-1.812500
1355123547.264000,12.187500,-26.562500,-2.562500
1355123547.274000,12.187500,-26.562500,-2.562500
1355123547.284000,12.625000,-26.312500,-3.312500
1355123547.295000,12.625000,-26.312500,-3.312500
1355123547.305000,13.375000,-26.062500,-4.500000
1355123547.314000,13.375000,-26.062500,-4.500000
1355123547.324000,14.125000,-26.562500,-5.250000
1355123547.335000,14.125000,-26.562500,-5.250000
1355123547.344000,14.125000,-26.312500,-5.250000
1355123547.354000,14.125000,-26.312500,-5.250000
1355123547.364000,14.375000,-26.062500,-5.250000
1355123547.375000,14.375000,-26.062500,-5.250000
1355123547.384000,14.875000,-26.312500,-5.250000
1355123547.394000,14.875000,-26.312500,-5.250000
1355123547.405000,14.875000,-26.312500,-5.250000
1355123547.414000,14.875000,-26.312500,-5.250000
1355123547.425000,16.375000,-26.062500,-6.750000
1355123547.437000,16.375000,-26.062500,-6.750000
1355123547.445000,16.875000,-26.062500,-7.187500
1355123547.454000,16.875000,-26.062500,-7.187500
1355123547.465000,17.125000,-25.562500,-7.937500
1355123547.474000,17.125000,-25.562500,-7.937500
1355123547.484000,17.625000,-25.312500,-8.687500
1355123547.494000,17.625000,-25.312500,-8.687500
1355123547.504000,17.625000,-24.812500,-8.437500
1355123547.515000,17.625000,-24.812500,-8.437500
1355123547.524000,17.875000,-24.562500,-9.187500
1355123547.534000,17.875000,-24.562500,-9.187500
1355123547.544000,18.375000,-24.062500,-8.937500
1355123547.554000,18.375000,-24.062500,-8.937500
1355123547.564000,18.625000,-24.062500,-8.687500
1355123547.574000,18.625000,-24.062500,-8.687500
1355123547.585000,19.375000,-23.562500,-8.937500
1355123547.594000,19.375000,-23.562500,-8.937500
1355123547.604000,19.875000,-23.312500,-8.937500
1355123547.614000,19.875000,-23.312500,-8.937500
1355123547.625000,20.125000,-23.312500,-9.687500
1355123547.635000,20.125000,-23.312500,-9.687500
1355123547.645000,19.375000,-22.625000,-10.125000
1355123547.654000,19.375000,-22.625000,-10.125000
1355123547.664000,19.375000,-22.625000,-10.125000
1355123547.676000,19.375000,-22.625000,-10.125000
1355123547.685000,19.375000,-22.625000,-10.125000
1355123547.695000,19.375000,-22.625000,-10.125000
1355123547.707000,19.375000,-22.625000,-10.125000
1355123547.714000,19.375000,-22.625000,-10.125000
1355123547.724000,18.375000,-22.125000,-9.875000
1355123547.734000,18.375000,-22.625000,-9.875000
1355123547.744000,18.375000,-22.875000,-9.437500
1355123547.754000,18.375000,-22.875000,-9.437500
1355123547.764000,18.625000,-23.562500,-9.875000
1355123547.774000,18.625000,-23.562500,-9.875000
1355123547.785000,18.625000,-24.062500,-9.875000
1355123547.795000,18.625000,-24.062500,-9.875000
1355123547.805000,18.375000,-24.062500,-10.125000
1355123547.814000,18.375000,-24.062500,-10.125000
1355123547.839000,17.875000,-24.312500,-10.125000
1355123547.842000,17.875000,-24.312500,-10.125000
1355123547.848000,17.875000,-24.312500,-10.125000
1355123547.854000,17.875000,-24.312500,-10.125000
1355123547.864000,15.875000,-24.062500,-8.937500
1355123547.874000,15.875000,-24.062500,-8.937500
1355123547.884000,15.875000,-24.062500,-8.937500
1355123547.894000,15.375000,-24.812500,-8.437500
1355123547.904000,15.375000,-24.812500,-8.437500
1355123547.914000,15.375000,-24.812500,-8.437500
1355123547.925000,15.375000,-24.812500,-8.437500
1355123547.934000,13.875000,-26.312500,-8.687500
1355123547.944000,12.625000,-26.812500,-9.187500
1355123547.954000,12.625000,-26.812500,-9.187500
1355123547.965000,11.187500,-26.812500,-9.187500
1355123547.974000,11.187500,-26.812500,-9.187500
1355123547.984000,10.687500,-26.812500,-9.437500
1355123547.994000,10.687500,-26.812500,-9.437500
1355123548.004000,10.437500,-27.250000,-9.687500
1355123548.014000,10.437500,-27.250000,-9.687500
1355123548.024000,10.687500,-27.250000,-9.687500
1355123548.034000,10.687500,-27.250000,-9.687500
1355123548.044000,11.437500,-27.750000,-9.437500
1355123548.054000,11.437500,-27.750000,-9.437500
1355123548.064000,11.437500,-28.000000,-8.687500
1355123548.074000,11.437500,-28.000000,-8.687500
1355123548.084000,10.937500,-28.250000,-8.187500
1355123548.094000,10.937500,-28.250000,-8.187500
1355123548.104000,10.937500,-28.750000,-7.687500
1355123548.114000,10.937500,-28.750000,-7.687500
1355123548.124000,10.437500,-28.500000,-7.687500
1355123548.135000,10.437500,-28.500000,-7.687500
1355123548.144000,9.937500,-28.750000,-7.937500
1355123548.154000,9.937500,-28.750000,-7.937500
1355123548.164000,9.937500,-28.750000,-7.937500
1355123548.175000,9.687500,-28.250000,-8.187500
1355123548.185000,9.687500,-28.250000,-8.187500
1355123548.194000,9.187500,-27.750000,-8.937500
1355123548.204000,9.187500,-27.750000,-9.437500
1355123548.214000,9.187500,-27.750000,-9.437500
1355123548.224000,9.437500,-27.750000,-9.687500
1355123548.235000,9.437500,-27.750000,-9.687500
1355123548.244000,9.687500,-28.250000,-9.437500
1355123548.254000,9.687500,-28.250000,-9.437500
1355123548.264000,10.187500,-28.500000,-8.937500
1355123548.274000,10.187500,-28.500000,-8.937500
1355123548.284000,10.187500,-29.000000,-8.437500
1355123548.294000,10.187500,-29.000000,-8.437500
1355123548.304000,10.687500,-28.500000,-7.687500
1355123548.314000,10.687500,-28.500000,-7.687500
1355123548.324000,11.187500,-28.250000,-6.750000
1355123548.334000,11.187500,-28.250000,-6.750000
1355123548.344000,11.187500,-28.500000,-5.750000
1355123548.354000,11.187500,-28.500000,-5.750000
1355123548.364000,11.937500,-28.000000,-4.500000
1355123548.374000,11.937500,-28.000000,-4.500000
1355123548.384000,11.687500,-28.000000,-4.062500
1355123548.395000,11.687500,-28.000000,-4.062500
1355123548.404000,11.687500,-28.000000,-4.062500
1355123548.414000,11.687500,-28.000000,-4.062500
1355123548.426000,11.687500,-27.500000,-6.250000
1355123548.434000,11.687500,-27.500000,-6.250000
1355123548.444000,10.937500,-27.500000,-7.687500
1355123548.454000,10.937500,-27.500000,-7.687500
1355123548.464000,10.937500,-27.500000,-8.937500
1355123548.475000,10.937500,-27.500000,-8.937500
1355123548.486000,10.687500,-27.250000,-9.187500
1355123548.494000,10.687500,-27.250000,-9.187500
1355123548.504000,10.937500,-27.062500,-9.187500
1355123548.514000,10.937500,-27.062500,-9.187500
1355123548.524000,11.437500,-26.812500,-9.187500
1355123548.544000,11.437500,-26.812500,-9.187500
1355123548.545000,11.437500,-26.812500,-9.187500
1355123548.554000,11.437500,-26.812500,-9.187500
1355123548.564000,12.875000,-25.562500,-8.937500
1355123548.574000,12.875000,-25.562500,-8.937500
1355123548.584000,13.125000,-25.312500,-9.187500
1355123548.595000,13.125000,-25.312500,-9.187500
1355123548.604000,13.875000,-24.812500,-9.437500
1355123548.614000,13.875000,-24.812500,-9.437500
1355123548.624000,13.875000,-24.812500,-9.437500
1355123548.634000,13.625000,-24.562500,-9.875000
1355123548.644000,13.875000,-24.562500,-9.875000
1355123548.654000,13.875000,-24.562500,-9.875000
1355123548.664000,13.875000,-24.562500,-9.875000
1355123548.674000,13.625000,-24.562500,-10.375000
1355123548.684000,13.125000,-24.312500,-10.625000
1355123548.694000,13.125000,-24.312500,-10.625000
1355123548.704000,13.625000,-24.062500,-10.875000
1355123548.714000,13.625000,-24.062500,-10.875000
1355123548.724000,13.875000,-24.312500,-11.625000
1355123548.735000,13.875000,-24.312500,-11.625000
1355123548.744000,14.125000,-24.062500,-11.625000
1355123548.755000,14.125000,-24.062500,-11.625000
1355123548.764000,14.625000,-23.562500,-11.875000
1355123548.775000,14.625000,-23.562500,-11.875000
1355123548.784000,15.125000,-23.312500,-12.125000
1355123548.794000,15.125000,-23.312500,-12.125000
1355123548.804000,15.125000,-23.312500,-12.125000
1355123548.814000,15.125000,-22.875000,-11.625000
1355123548.824000,15.125000,-22.875000,-11.625000
1355123548.834000,16.125000,-22.625000,-11.375000
1355123548.844000,16.125000,-22.625000,-11.375000
1355123548.854000,16.375000,-22.625000,-11.375000
1355123548.864000,16.375000,-22.625000,-11.375000
1355123548.874000,16.375000,-22.625000,-10.375000
1355123548.884000,16.375000,-22.625000,-10.375000
1355123548.894000,16.625000,-22.375000,-10.375000
1355123548.904000,16.625000,-22.375000,-10.375000
1355123548.914000,16.625000,-22.375000,-10.375000
1355123548.925000,15.875000,-22.375000,-10.375000
1355123548.934000,15.125000,-23.062500,-9.687500
1355123548.944000,15.125000,-23.062500,-9.687500
1355123548.954000,14.125000,-23.562500,-9.687500
1355123548.964000,14.125000,-23.562500,-9.687500
1355123548.974000,12.625000,-23.812500,-8.687500
1355123548.984000,12.625000,-23.812500,-8.687500
1355123548.995000,12.437500,-24.062500,-8.437500
1355123549.004000,12.437500,-24.062500,-8.437500
1355123549.021000,12.187500,-23.812500,-8.187500
1355123549.025000,12.187500,-23.812500,-8.187500
1355123549.034000,11.687500,-23.562500,-8.187500
1355123549.045000,11.687500,-23.562500,-8.187500
1355123549.054000,11.687500,-23.562500,-9.187500
1355123549.064000,11.687500,-23.562500,-9.187500
1355123549.074000,11.437500,-23.562500,-8.937500
1355123549.085000,11.437500,-23.562500,-8.937500
1355123549.095000,10.937500,-23.812500,-9.437500
1355123549.104000,10.937500,-23.812500,-9.437500
1355123549.114000,10.687500,-24.062500,-9.687500
1355123549.125000,10.687500,-24.062500,-9.687500
1355123549.134000,10.687500,-24.062500,-9.437500
1355123549.144000,10.687500,-24.062500,-9.437500
1355123549.154000,10.687500,-24.062500,-9.437500
1355123549.164000,10.687500,-24.062500,-9.437500
1355123549.175000,9.687500,-23.562500,-9.437500
1355123549.185000,9.687500,-23.562500,-9.437500
1355123549.194000,9.437500,-23.812500,-8.687500
1355123549.204000,9.437500,-23.812500,-8.687500
1355123549.214000,8.687500,-24.062500,-8.187500
1355123549.230000,8.687500,-24.062500,-8.187500
1355123549.234000,8.687500,-24.062500,-8.187500
1355123549.244000,8.687500,-24.062500,-8.187500
1355123549.255000,9.187500,-24.812500,-7.687500
1355123549.264000,9.187500,-24.812500,-7.687500
1355123549.275000,8.937500,-24.812500,-8.187500
1355123549.284000,8.937500,-24.812500,-8.187500
1355123549.295000,8.687500,-24.812500,-8.937500
1355123549.304000,8.687500,-24.812500,-8.937500
1355123549.314000,7.687500,-25.062500,-8.937500
1355123549.325000,7.687500,-25.062500,-8.937500
1355123549.334000,7.437500,-24.812500,-8.687500
1355123549.345000,7.437500,-24.812500,-8.687500
1355123549.354000,6.937500,-24.562500,-7.687500
1355123549.364000,6.937500,-24.562500,-7.687500
1355123549.374000,6.437500,-24.812500,-7.187500
1355123549.384000,6.437500,-24.812500,-7.187500
1355123549.394000,6.437500,-24.562500,-6.937500
1355123549.404000,6.437500,-24.562500,-6.937500
1355123549.414000,6.437500,-24.562500,-6.937500
1355123549.424000,5.687500,-24.562500,-6.937500
1355123549.434000,6.437500,-24.812500,-7.187500
1355123549.444000,6.437500,-24.812500,-7.187500
1355123549.454000,7.437500,-24.312500,-6.750000
1355123549.464000,7.437500,-24.312500,-6.750000
1355123549.474000,7.687500,-24.312500,-6.000000
1355123549.484000,7.687500,-24.312500,-6.000000
1355123549.494000,8.937500,-24.312500,-6.000000
1355123549.505000,8.937500,-24.312500,-6.000000
1355123549.514000,8.937500,-24.062500,-5.500000
1355123549.525000,8.937500,-24.062500,-5.500000
1355123549.534000,9.187500,-24.062500,-5.250000
1355123549.544000,9.187500,-24.062500,-5.250000
1355123549.554000,9.437500,-24.062500,-5.750000
1355123549.564000,9.437500,-24.062500,-5.750000
1355123549.574000,9.187500,-24.312500,-6.000000
1355123549.584000,9.187500,-24.312500,-6.000000
1355123549.594000,9.437500,-24.312500,-6.750000
1355123549.604000,9.437500,-24.312500,-6.750000
1355123549.614000,9.187500,-24.062500,-7.187500
1355123549.624000,9.187500,-24.062500,-7.187500
1355123549.635000,9.687500,-23.562500,-7.187500
1355123549.644000,9.687500,-23.562500,-7.187500
1355123549.655000,9.687500,-23.562500,-7.187500
1355123549.664000,9.937500,-22.875000,-6.750000
1355123549.674000,9.437500,-22.125000,-6.937500
1355123549.684000,9.437500,-22.125000,-6.937500
1355123549.696000,9.437500,-22.125000,-6.937500
1355123549.704000,9.437500,-22.125000,-6.937500
1355123549.714000,9.687500,-22.125000,-6.937500
1355123549.724000,9.687500,-22.125000,-6.937500
1355123549.734000,10.187500,-22.375000,-7.437500
1355123549.744000,10.187500,-22.375000,-7.437500
1355123549.754000,11.437500,-22.125000,-7.937500
1355123549.764000,11.437500,-22.125000,-7.937500
1355123549.774000,12.437500,-21.625000,-8.187500
1355123549.784000,12.437500,-21.625000,-8.187500
1355123549.794000,11.687500,-21.625000,-8.937500
1355123549.804000,11.687500,-21.625000,-8.937500
1355123549.814000,11.687500,-20.875000,-8.937500
1355123549.824000,11.687500,-20.875000,-8.937500
1355123549.834000,11.187500,-20.875000,-8.687500
1355123549.844000,11.187500,-20.875000,-8.687500
1355123549.854000,11.187500,-20.875000,-8.687500
1355123549.864000,11.187500,-20.875000,-8.687500
1355123549.874000,11.687500,-20.125000,-8.687500
1355123549.884000,11.687500,-20.125000,-8.687500
1355123549.894000,10.937500,-19.625000,-8.687500
1355123549.904000,10.937500,-19.625000,-8.687500
1355123549.930000,10.937500,-19.625000,-8.687500
1355123549.932000,10.937500,-19.625000,-8.687500
1355123549.941000,10.937500,-19.625000,-8.687500
1355123549.950000,10.937500,-19.625000,-8.687500
1355123549.961000,10.937500,-19.625000,-8.687500
1355123549.970000,10.937500,-19.625000,-8.687500
1355123549.981000,10.937500,-19.625000,-8.687500
1355123549.990000,8.437500,-19.125000,-8.687500
1355123550.000000,7.187500,-18.687500,-9.187500
1355123550.011000,7.187500,-18.687500,-9.187500
1355123550.020000,5.937500,-18.437500,-9.687500
1355123550.030000,4.937500,-18.187500,-10.125000
1355123550.040000,4.937500,-18.187500,-10.125000
1355123550.050000,4.437500,-18.437500,-10.625000
1355123550.060000,4.437500,-18.437500,-10.625000
1355123550.070000,3.437500,-19.125000,-10.375000
1355123550.080000,3.437500,-19.125000,-10.375000
1355123550.090000,2.937500,-19.625000,-10.125000
1355123550.100000,2.937500,-19.625000,-10.125000
1355123550.111000,3.187500,-20.125000,-9.437500
1355123550.120000,3.187500,-20.125000,-9.437500
1355123550.131000,3.187500,-20.125000,-9.437500
1355123550.140000,3.187500,-20.125000,-8.437500
1355123550.150000,3.187500,-20.125000,-8.437500
1355123550.160000,3.187500,-20.125000,-8.437500
1355123550.170000,2.687500,-19.625000,-7.687500
1355123550.181000,2.687500,-19.625000,-7.687500
1355123550.190000,1.187500,-19.875000,-7.687500
1355123550.200000,1.187500,-19.875000,-7.687500
1355123550.210000,1.187500,-19.875000,-7.687500
1355123550.220000,0.437500,-19.875000,-8.187500
1355123550.230000,0.437500,-19.875000,-8.187500
1355123550.240000,-0.062500,-20.125000,-7.937500
1355123550.250000,-0.062500,-20.125000,-7.937500
1355123550.260000,-0.562500,-19.625000,-7.687500
1355123550.271000,-0.562500,-18.875000,-7.187500
1355123550.280000,-0.562500,-18.875000,-7.187500
1355123550.290000,-0.562500,-18.875000,-7.187500
1355123550.301000,-1.062500,-19.125000,-7.187500
1355123550.311000,-1.062500,-19.125000,-7.187500
1355123550.320000,-1.062500,-19.375000,-7.187500
1355123550.331000,-1.062500,-19.375000,-7.187500
1355123550.340000,-0.812500,-19.875000,-7.937500
1355123550.350000,-0.812500,-19.875000,-7.937500
1355123550.360000,-0.562500,-20.375000,-8.437500
1355123550.370000,-0.562500,-20.375000,-8.437500
1355123550.380000,-0.562500,-20.375000,-8.187500
1355123550.390000,-0.562500,-20.375000,-8.187500
1355123550.401000,-0.562500,-20.375000,-8.187500
1355123550.410000,-0.562500,-20.375000,-8.187500
1355123550.420000,-0.812500,-20.125000,-6.750000
1355123550.431000,-0.812500,-20.125000,-6.750000
1355123550.440000,-1.062500,-19.875000,-6.250000
1355123550.452000,-1.062500,-19.875000,-6.250000
1355123550.460000,-1.312500,-19.625000,-5.750000
1355123550.471000,-1.312500,-19.625000,-5.750000
1355123550.480000,-2.062500,-19.625000,-5.750000
1355123550.490000,-2.062500,-19.625000,-5.750000
1355123550.500000,-2.812500,-19.625000,-6.000000
1355123550.510000,-2.812500,-19.625000,-6.000000
1355123550.520000,-3.312500,-19.625000,-6.250000
1355123550.530000,-3.312500,-19.625000,-6.250000
1355123550.540000,-3.812500,-19.875000,-6.250000
1355123550.550000,-3.812500,-19.875000,-6.250000
1355123550.560000,-3.812500,-19.875000,-6.000000
1355123550.570000,-3.812500,-19.875000,-6.000000
1355123550.580000,-3.062500,-19.875000,-6.250000
1355123550.590000,-3.062500,-19.875000,-6.250000
1355123550.600000,-2.312500,-19.875000,-6.000000
1355123550.611000,-2.312500,-19.875000,-6.000000
1355123550.630000,-2.312500,-19.875000,-6.000000
1355123550.637000,-2.312500,-19.875000,-6.000000
1355123550.642000,-1.312500,-19.875000,-6.750000
1355123550.650000,-1.312500,-19.875000,-6.750000
1355123550.660000,-1.312500,-19.875000,-6.750000
1355123550.670000,-1.312500,-20.375000,-6.937500
1355123550.680000,-1.312500,-20.375000,-6.937500
1355123550.690000,-1.312500,-20.375000,-6.937500
1355123550.700000,-1.312500,-20.375000,-6.937500
1355123550.710000,-1.312500,-20.375000,-6.937500
1355123550.720000,-1.562500,-20.375000,-7.437500
1355123550.736000,-2.312500,-20.125000,-7.187500
1355123550.740000,-2.312500,-20.125000,-7.187500
1355123550.750000,-2.062500,-20.125000,-6.750000
1355123550.760000,-2.062500,-20.625000,-6.500000
1355123550.770000,-2.062500,-20.625000,-6.500000
1355123550.780000,-1.312500,-20.875000,-6.937500
1355123550.790000,-1.312500,-20.875000,-6.937500
1355123550.801000,0.187500,-20.875000,-7.937500
1355123550.810000,0.187500,-20.875000,-7.937500
1355123550.820000,0.687500,-20.875000,-9.187500
1355123550.831000,0.687500,-20.875000,-9.187500
1355123550.840000,1.687500,-20.875000,-10.375000
1355123550.850000,1.687500,-20.875000,-10.375000
1355123550.860000,2.187500,-20.625000,-11.125000
1355123550.870000,2.187500,-20.625000,-11.125000
1355123550.880000,1.937500,-20.625000,-11.875000
1355123550.891000,1.937500,-20.625000,-11.875000
1355123550.900000,1.937500,-20.625000,-11.875000
1355123550.911000,1.937500,-20.875000,-11.875000
1355123550.920000,1.937500,-20.625000,-11.875000
1355123550.930000,1.937500,-20.625000,-11.875000
1355123550.942000,1.187500,-20.875000,-11.875000
1355123550.950000,1.187500,-20.875000,-11.875000
1355123550.960000,1.187500,-20.875000,-11.625000
1355123550.970000,1.187500,-20.875000,-11.625000
1355123550.981000,1.687500,-20.375000,-11.875000
1355123550.991000,1.687500,-20.375000,-11.875000
1355123551.001000,2.187500,-20.625000,-12.125000
1355123551.010000,2.187500,-20.625000,-12.125000
1355123551.020000,2.937500,-20.875000,-12.375000
1355123551.031000,2.937500,-20.875000,-12.375000
1355123551.040000,2.937500,-21.125000,-12.812500
1355123551.050000,2.937500,-21.125000,-12.812500
1355123551.060000,3.187500,-20.875000,-13.062500
1355123551.070000,3.187500,-20.875000,-13.062500
1355123551.080000,3.687500,-20.375000,-13.062500
1355123551.090000,3.687500,-20.375000,-13.062500
1355123551.101000,4.437500,-19.875000,-13.062500
1355123551.110000,4.437500,-19.875000,-13.062500
1355123551.120000,5.437500,-19.875000,-12.812500
1355123551.130000,5.437500,-19.875000,-12.812500
1355123551.140000,4.437500,-19.875000,-12.812500
1355123551.150000,4.437500,-19.875000,-12.812500
1355123551.160000,3.437500,-20.125000,-12.562500
1355123551.170000,3.437500,-20.125000,-12.562500
1355123551.181000,3.437500,-20.125000,-12.562500
1355123551.191000,2.937500,-20.125000,-12.812500
1355123551.200000,1.687500,-20.125000,-12.812500
1355123551.210000,1.687500,-20.125000,-12.812500
1355123551.220000,2.187500,-20.625000,-12.375000
1355123551.230000,2.187500,-20.625000,-12.375000
1355123551.240000,2.437500,-20.875000,-12.125000
1355123551.250000,2.437500,-20.875000,-12.125000
1355123551.260000,2.187500,-21.375000,-11.375000
1355123551.270000,2.187500,-21.375000,-11.375000
1355123551.280000,2.187500,-21.375000,-11.375000
1355123551.290000,2.187500,-21.375000,-11.375000
1355123551.300000,1.437500,-21.375000,-11.125000
1355123551.310000,1.437500,-21.375000,-11.125000
1355123551.321000,0.937500,-21.875000,-11.375000
1355123551.330000,0.937500,-21.875000,-11.375000
1355123551.349000,0.937500,-21.875000,-11.375000
1355123551.354000,0.937500,-21.875000,-11.375000
1355123551.360000,0.187500,-21.625000,-11.375000
1355123551.370000,-0.562500,-21.875000,-11.625000
1355123551.380000,-0.812500,-22.375000,-11.375000
1355123551.390000,-0.812500,-22.375000,-11.375000
1355123551.400000,-0.812500,-22.375000,-11.375000
1355123551.410000,-1.812500,-22.375000,-11.375000
1355123551.420000,-1.812500,-22.375000,-11.375000
1355123551.430000,-1.812500,-22.375000,-11.375000
1355123551.440000,-1.812500,-22.375000,-11.375000
1355123551.450000,-2.812500,-23.062500,-10.625000
1355123551.460000,-3.312500,-23.062500,-10.875000
1355123551.470000,-3.312500,-23.062500,-10.875000
1355123551.480000,-2.562500,-22.875000,-10.375000
1355123551.490000,-2.562500,-22.875000,-10.375000
1355123551.500000,-2.062500,-22.875000,-9.875000
1355123551.510000,-2.062500,-22.875000,-9.875000
1355123551.520000,-2.062500,-22.875000,-9.687500
1355123551.530000,-2.062500,-22.875000,-9.687500
1355123551.541000,-2.312500,-22.625000,-9.437500
1355123551.550000,-2.312500,-22.625000,-9.437500
1355123551.560000,-3.312500,-22.625000,-9.437500
1355123551.570000,-3.312500,-22.625000,-9.437500
1355123551.581000,-3.562500,-22.875000,-9.437500
1355123551.590000,-3.562500,-22.875000,-9.437500
1355123551.600000,-3.562500,-22.625000,-9.687500
1355123551.610000,-3.562500,-22.625000,-9.687500
1355123551.620000,-2.562500,-22.375000,-9.875000
1355123551.631000,-2.562500,-22.375000,-9.875000
1355123551.640000,-2.562500,-22.375000,-9.875000
1355123551.650000,-2.562500,-22.375000,-9.875000
1355123551.660000,-2.562500,-22.375000,-9.875000
1355123551.671000,-2.312500,-22.125000,-9.187500
1355123551.680000,-2.312500,-22.125000,-9.187500
1355123551.690000,-1.562500,-22.625000,-8.187500
1355123551.700000,-2.062500,-23.062500,-7.937500
1355123551.710000,-2.062500,-23.062500,-7.937500
1355123551.720000,-1.312500,-23.562500,-8.437500
1355123551.730000,-1.312500,-23.562500,-8.437500
1355123551.740000,-0.562500,-23.812500,-9.437500
1355123551.750000,-0.562500,-23.812500,-9.437500
1355123551.760000,-0.562500,-23.812500,-10.625000
1355123551.770000,-0.562500,-23.812500,-10.625000
1355123551.780000,-0.312500,-23.812500,-11.375000
1355123551.790000,-0.312500,-23.812500,-11.375000
1355123551.800000,0.187500,-23.312500,-10.875000
1355123551.811000,0.187500,-23.312500,-10.875000
1355123551.820000,0.437500,-23.812500,-10.875000
1355123551.831000,0.437500,-23.812500,-10.875000
1355123551.841000,1.187500,-23.812500,-10.625000
1355123551.851000,1.187500,-23.812500,-10.625000
1355123551.860000,2.437500,-23.562500,-10.625000
1355123551.870000,2.437500,-23.562500,-10.625000
1355123551.880000,2.437500,-23.562500,-10.625000
1355123551.891000,2.937500,-24.312500,-11.625000
1355123551.900000,4.187500,-23.562500,-12.375000
1355123551.910000,4.187500,-23.562500,-12.375000
1355123551.921000,4.187500,-23.562500,-12.375000
1355123551.930000,4.687500,-23.062500,-13.062500
1355123551.942000,5.687500,-22.875000,-13.312500
1355123551.950000,5.687500,-22.875000,-13.312500
1355123551.960000,6.437500,-22.125000,-13.812500
1355123551.970000,6.437500,-22.125000,-13.812500
1355123551.980000,6.687500,-21.875000,-13.562500
1355123551.990000,6.687500,-21.875000,-13.562500
1355123552.000000,6.687500,-21.375000,-14.062500
1355123552.010000,6.687500,-21.375000,-14.062500
1355123552.020000,6.687500,-21.375000,-14.312500
1355123552.030000,6.687500,-21.375000,-14.312500
1355123552.040000,7.187500,-21.125000,-14.812500
1355123552.051000,7.187500,-21.125000,-14.812500
1355123552.060000,7.437500,-20.625000,-15.750000
1355123552.070000,7.437500,-20.625000,-15.750000
1355123552.081000,7.937500,-20.625000,-15.500000
1355123552.090000,7.937500,-20.625000,-15.500000
1355123552.100000,8.687500,-20.125000,-16.000000
1355123552.110000,8.687500,-20.125000,-16.000000
1355123552.120000,8.687500,-19.875000,-16.000000
1355123552.130000,8.687500,-19.875000,-16.000000
1355123552.141000,8.687500,-19.875000,-15.750000
1355123552.152000,8.687500,-19.875000,-15.750000
1355123552.160000,8.687500,-19.875000,-15.750000
1355123552.171000,8.687500,-19.875000,-15.750000
1355123552.180000,9.187500,-19.625000,-16.000000
1355123552.191000,9.187500,-19.625000,-16.000000
1355123552.200000,9.187500,-19.375000,-15.250000
1355123552.210000,9.187500,-19.375000,-15.250000
1355123552.220000,9.687500,-19.375000,-14.812500
1355123552.230000,9.687500,-19.375000,-14.812500
1355123552.240000,10.187500,-19.625000,-14.562500
1355123552.250000,10.187500,-19.625000,-14.562500
1355123552.260000,10.437500,-19.625000,-14.312500
1355123552.270000,10.437500,-19.625000,-14.312500
1355123552.280000,10.687500,-19.875000,-14.562500
1355123552.290000,10.687500,-19.875000,-14.562500
1355123552.300000,10.687500,-20.125000,-14.812500
1355123552.310000,10.687500,-20.125000,-14.812500
1355123552.320000,10.187500,-20.625000,-14.562500
1355123552.330000,10.187500,-20.625000,-14.562500
1355123552.340000,9.437500,-21.125000,-13.562500
1355123552.350000,9.437500,-21.125000,-13.562500
1355123552.360000,9.437500,-22.125000,-13.312500
1355123552.370000,9.437500,-22.125000,-13.312500
1355123552.380000,9.437500,-22.125000,-13.312500
1355123552.390000,8.937500,-22.875000,-12.812500
1355123552.400000,8.687500,-23.312500,-12.562500
1355123552.410000,8.687500,-23.312500,-12.562500
1355123552.421000,8.687500,-23.312500,-12.562500
1355123552.430000,7.937500,-24.062500,-13.062500
1355123552.443000,7.937500,-24.062500,-13.062500
1355123552.450000,6.937500,-23.562500,-13.312500
1355123552.460000,5.937500,-24.062500,-13.312500
1355123552.470000,5.937500,-24.062500,-13.312500
1355123552.480000,5.937500,-24.062500,-13.312500
1355123552.490000,4.937500,-23.812500,-12.812500
1355123552.501000,5.187500,-24.062500,-12.562500
1355123552.510000,5.187500,-24.062500,-12.562500
1355123552.520000,5.187500,-24.062500,-12.562500
1355123552.530000,4.687500,-24.312500,-11.875000
1355123552.541000,4.687500,-24.312500,-11.875000
1355123552.550000,4.937500,-23.812500,-11.375000
1355123552.560000,4.937500,-23.812500,-11.375000
1355123552.570000,5.437500,-24.062500,-11.375000
1355123552.581000,5.437500,-24.062500,-11.375000
1355123552.590000,5.187500,-23.562500,-11.875000
1355123552.600000,5.187500,-23.562500,-11.875000
1355123552.610000,5.687500,-23.562500,-11.875000
1355123552.620000,5.687500,-23.562500,-11.875000
1355123552.630000,5.937500,-24.062500,-11.875000
1355123552.640000,5.937500,-24.062500,-11.875000
1355123552.650000,6.187500,-24.312500,-11.875000
1355123552.661000,6.187500,-24.312500,-11.875000
1355123552.671000,6.187500,-24.312500,-11.875000
1355123552.680000,6.187500,-24.312500,-11.875000
1355123552.690000,6.187500,-24.312500,-11.875000
1355123552.700000,6.187500,-24.312500,-11.875000
1355123552.710000,6.187500,-25.062500,-10.625000
1355123552.720000,6.187500,-25.062500,-10.625000
1355123552.730000,5.937500,-25.062500,-10.625000
1355123552.741000,5.937500,-25.062500,-10.625000
1355123552.750000,5.937500,-24.812500,-10.375000
1355123552.760000,5.937500,-24.812500,-10.375000
1355123552.770000,5.687500,-24.562500,-10.125000
1355123552.785000,5.687500,-24.562500,-10.125000
1355123552.790000,5.687500,-24.562500,-10.125000
1355123552.800000,5.687500,-24.562500,-10.125000
1355123552.810000,6.187500,-24.062500,-9.687500
1355123552.820000,6.187500,-24.062500,-9.687500
1355123552.831000,6.687500,-24.312500,-9.687500
1355123552.840000,6.687500,-24.312500,-9.687500
1355123552.851000,7.687500,-24.562500,-9.687500
1355123552.860000,7.687500,-24.562500,-9.687500
1355123552.871000,7.437500,-25.062500,-9.187500
1355123552.881000,7.437500,-25.062500,-9.187500
1355123552.890000,7.437500,-25.062500,-9.187500
1355123552.900000,8.437500,-24.812500,-8.437500
1355123552.910000,8.187500,-24.562500,-8.187500
1355123552.920000,8.187500,-24.562500,-8.187500
1355123552.930000,8.437500,-24.562500,-7.937500
1355123552.940000,8.437500,-24.562500,-7.937500
1355123552.950000,8.937500,-23.562500,-7.937500
1355123552.960000,8.937500,-23.562500,-7.937500
1355123552.971000,8.937500,-23.312500,-7.687500
1355123552.980000,8.937500,-23.312500,-7.687500
1355123552.990000,10.437500,-23.562500,-6.937500
1355123553.000000,10.437500,-23.562500,-6.937500
1355123553.010000,11.687500,-23.562500,-6.750000
1355123553.020000,11.687500,-23.562500,-6.750000
1355123553.031000,12.625000,-24.812500,-7.187500
1355123553.040000,12.625000,-24.812500,-7.187500
1355123553.051000,12.875000,-25.062500,-7.687500
1355123553.060000,12.875000,-25.062500,-7.687500
1355123553.070000,12.625000,-24.812500,-8.687500
1355123553.080000,12.625000,-24.812500,-8.687500
1355123553.090000,12.875000,-24.562500,-9.187500
1355123553.100000,12.875000,-24.562500,-9.187500
1355123553.111000,13.125000,-24.062500,-9.437500
1355123553.120000,13.125000,-24.062500,-9.437500
1355123553.130000,14.125000,-23.812500,-9.437500
1355123553.140000,14.125000,-23.812500,-9.437500
1355123553.150000,14.875000,-23.562500,-9.687500
1355123553.160000,14.875000,-23.562500,-9.687500
1355123553.170000,14.875000,-23.562500,-9.687500
1355123553.180000,14.625000,-23.562500,-9.875000
1355123553.192000,14.875000,-23.312500,-10.125000
1355123553.200000,14.875000,-23.312500,-10.125000
1355123553.210000,14.125000,-23.312500,-10.625000
1355123553.221000,14.125000,-23.312500,-10.625000
1355123553.230000,13.875000,-23.812500,-10.875000
1355123553.240000,13.875000,-23.812500,-10.875000
1355123553.250000,14.125000,-23.312500,-11.875000
1355123553.261000,14.125000,-23.312500,-11.875000
1355123553.270000,14.625000,-22.875000,-13.062500
1355123553.280000,14.625000,-22.875000,-13.062500
1355123553.291000,15.875000,-22.875000,-14.062500
1355123553.300000,15.875000,-22.875000,-14.062500
1355123553.310000,17.125000,-22.625000,-15.062500
1355123553.320000,17.125000,-22.625000,-15.062500
1355123553.330000,18.375000,-22.625000,-14.562500
1355123553.340000,18.375000,-22.625000,-14.562500
1355123553.350000,19.125000,-22.625000,-13.562500
1355123553.360000,19.125000,-22.625000,-13.562500
1355123553.371000,20.375000,-22.125000,-12.812500
1355123553.380000,20.375000,-22.125000,-12.812500
1355123553.391000,21.375000,-21.625000,-12.375000
1355123553.400000,21.375000,-21.625000,-12.375000
1355123553.410000,21.375000,-21.625000,-12.375000
1355123553.420000,21.375000,-21.625000,-12.375000
1355123553.430000,22.375000,-22.375000,-11.875000
1355123553.440000,22.375000,-22.375000,-11.875000
1355123553.458000,22.375000,-22.375000,-11.875000
1355123553.461000,22.375000,-22.375000,-11.875000
1355123553.470000,22.375000,-22.375000,-11.875000
1355123553.481000,21.875000,-22.625000,-11.875000
1355123553.490000,21.875000,-22.625000,-12.125000
1355123553.500000,21.875000,-22.625000,-12.125000
1355123553.510000,21.625000,-21.625000,-12.562500
1355123553.523000,21.625000,-21.625000,-12.562500
1355123553.530000,21.375000,-21.375000,-13.312500
1355123553.540000,21.375000,-21.375000,-13.312500
1355123553.550000,21.625000,-21.625000,-13.562500
1355123553.560000,21.625000,-21.625000,-13.562500
1355123553.570000,21.875000,-21.875000,-14.562500
1355123553.580000,21.875000,-21.875000,-14.562500
1355123553.590000,22.875000,-22.375000,-14.562500
1355123553.600000,22.875000,-22.375000,-14.562500
1355123553.610000,24.125000,-22.625000,-14.062500
1355123553.620000,24.125000,-22.625000,-14.062500
1355123553.631000,24.875000,-22.125000,-13.812500
1355123553.640000,24.875000,-22.125000,-13.812500
1355123553.650000,25.375000,-21.625000,-13.312500
1355123553.660000,25.375000,-21.625000,-13.312500
1355123553.670000,25.375000,-21.625000,-13.312500
1355123553.680000,24.875000,-21.625000,-14.812500
1355123553.690000,24.875000,-21.625000,-14.812500
1355123553.700000,24.375000,-21.375000,-16.750000
1355123553.710000,23.625000,-21.875000,-17.750000
1355123553.720000,23.625000,-21.875000,-17.750000
1355123553.730000,23.875000,-22.625000,-18.437500
1355123553.740000,23.875000,-22.625000,-18.437500
1355123553.750000,24.375000,-22.875000,-16.500000
1355123553.760000,24.375000,-22.875000,-16.500000
1355123553.770000,24.375000,-23.812500,-14.562500
1355123553.780000,24.375000,-23.812500,-14.562500
1355123553.790000,24.875000,-24.812500,-12.812500
1355123553.800000,24.875000,-24.812500,-12.812500
1355123553.810000,24.625000,-25.062500,-12.375000
1355123553.820000,24.625000,-25.062500,-12.375000
1355123553.831000,24.625000,-25.812500,-12.812500
1355123553.840000,24.625000,-25.812500,-12.812500
1355123553.850000,25.125000,-25.812500,-12.812500
1355123553.860000,25.125000,-25.812500,-12.812500
1355123553.870000,24.875000,-25.812500,-13.562500
1355123553.880000,24.875000,-25.812500,-13.562500
1355123553.890000,24.125000,-25.812500,-13.062500
1355123553.901000,24.125000,-25.812500,-13.062500
1355123553.910000,24.125000,-25.812500,-13.062500
1355123553.921000,24.125000,-25.812500,-13.062500
1355123553.931000,22.625000,-26.062500,-12.562500
1355123553.940000,22.625000,-26.062500,-12.562500
1355123553.950000,22.625000,-26.062500,-11.875000
1355123553.960000,22.625000,-26.062500,-11.875000
1355123553.970000,23.375000,-26.062500,-11.125000
1355123553.980000,23.375000,-26.062500,-11.125000
1355123553.990000,24.375000,-26.062500,-10.625000
1355123554.000000,24.375000,-26.062500,-10.625000
1355123554.010000,25.375000,-25.812500,-10.125000
1355123554.020000,25.375000,-25.812500,-10.125000
1355123554.030000,26.125000,-25.312500,-9.875000
1355123554.041000,26.125000,-25.312500,-9.875000
1355123554.050000,26.625000,-25.062500,-10.125000
1355123554.061000,26.625000,-25.062500,-10.125000
1355123554.071000,27.375000,-24.312500,-10.125000
1355123554.081000,27.375000,-24.312500,-10.125000
1355123554.090000,26.625000,-23.812500,-9.437500
1355123554.100000,26.625000,-23.812500,-9.437500
1355123554.110000,26.875000,-23.812500,-8.937500
1355123554.120000,26.875000,-23.812500,-8.937500
1355123554.140000,26.875000,-23.812500,-8.937500
1355123554.142000,26.875000,-23.812500,-8.937500
1355123554.151000,26.875000,-23.812500,-8.937500
1355123554.160000,26.875000,-23.312500,-8.437500
1355123554.170000,26.875000,-23.312500,-8.437500
1355123554.180000,26.875000,-23.312500,-8.437500
1355123554.190000,27.375000,-23.062500,-9.437500
1355123554.201000,27.375000,-23.062500,-9.437500
1355123554.210000,27.375000,-23.062500,-9.437500
1355123554.220000,27.375000,-23.062500,-9.437500
1355123554.244000,26.625000,-22.625000,-10.125000
1355123554.248000,26.625000,-22.625000,-10.125000
1355123554.250000,26.625000,-22.625000,-10.125000
1355123554.260000,24.375000,-23.562500,-9.437500
1355123554.271000,24.625000,-24.312500,-8.437500
1355123554.280000,24.625000,-24.312500,-8.437500
1355123554.290000,25.125000,-24.562500,-7.187500
1355123554.300000,25.125000,-24.562500,-7.187500
1355123554.310000,26.125000,-24.312500,-6.000000
1355123554.320000,26.125000,-24.312500,-6.000000
1355123554.330000,27.125000,-23.812500,-5.000000
1355123554.340000,27.125000,-23.812500,-5.000000
1355123554.350000,27.875000,-23.312500,-4.250000
1355123554.360000,27.875000,-23.312500,-4.250000
1355123554.370000,28.625000,-23.562500,-4.500000
1355123554.380000,28.625000,-23.562500,-4.500000
1355123554.390000,29.125000,-23.312500,-5.500000
1355123554.400000,29.125000,-23.312500,-5.500000
1355123554.410000,29.375000,-23.062500,-6.500000
1355123554.421000,29.375000,-23.062500,-6.500000
1355123554.430000,29.375000,-23.062500,-6.500000
1355123554.440000,30.125000,-22.625000,-6.250000
1355123554.452000,30.125000,-22.625000,-6.250000
1355123554.460000,30.125000,-22.625000,-6.250000
1355123554.470000,30.625000,-20.375000,-2.062500
1355123554.480000,30.625000,-20.375000,-2.062500
1355123554.490000,30.625000,-20.375000,-2.062500
1355123554.500000,30.875000,-19.375000,1.562500
1355123554.510000,30.875000,-18.187500,3.812500
1355123554.520000,30.875000,-18.187500,3.812500
1355123554.530000,30.875000,-17.187500,5.000000
1355123554.540000,30.875000,-17.187500,5.000000
1355123554.551000,31.375000,-16.687500,5.500000
1355123554.560000,31.375000,-16.687500,5.500000
1355123554.571000,31.875000,-16.437500,4.250000
1355123554.580000,31.875000,-16.437500,4.250000
1355123554.591000,32.125000,-16.937500,3.562500
1355123554.601000,32.125000,-16.937500,3.562500
1355123554.610000,32.375000,-16.687500,2.812500
1355123554.620000,32.375000,-16.687500,2.812500
1355123554.630000,31.875000,-16.687500,2.562500
1355123554.640000,31.875000,-16.687500,2.562500
1355123554.650000,32.125000,-16.187500,2.812500
1355123554.660000,32.125000,-16.187500,2.812500
1355123554.670000,32.125000,-16.187500,2.812500
1355123554.680000,32.125000,-16.187500,2.812500
1355123554.690000,31.375000,-15.687500,2.812500
1355123554.704000,30.625000,-15.687500,3.062500
1355123554.710000,30.625000,-15.687500,3.062500
1355123554.720000,30.375000,-15.437500,3.562500
1355123554.730000,30.375000,-15.437500,3.562500
1355123554.741000,29.625000,-15.687500,3.562500
1355123554.751000,29.625000,-15.687500,3.562500
1355123554.761000,29.375000,-15.687500,3.562500
1355123554.771000,29.375000,-15.687500,3.562500
1355123554.780000,29.625000,-15.937500,4.062500
1355123554.790000,29.625000,-15.937500,4.062500
1355123554.800000,29.375000,-15.937500,5.000000
1355123554.810000,29.375000,-15.937500,5.000000
1355123554.820000,28.625000,-15.937500,5.250000
1355123554.830000,28.625000,-15.937500,5.250000
1355123554.840000,28.375000,-15.937500,5.750000
1355123554.850000,28.375000,-15.937500,5.750000
1355123554.860000,27.125000,-15.937500,5.750000
1355123554.882000,27.125000,-15.937500,5.750000
1355123554.886000,27.125000,-15.937500,5.750000
1355123554.891000,27.125000,-15.937500,5.750000
1355123554.901000,26.625000,-16.187500,4.250000
1355123554.910000,26.625000,-16.187500,4.250000
1355123554.920000,26.625000,-16.187500,4.250000
1355123554.932000,25.625000,-16.437500,4.062500
1355123554.940000,25.625000,-16.437500,4.062500
1355123554.950000,25.625000,-16.437500,4.062500
1355123554.960000,25.625000,-16.437500,4.062500
1355123554.970000,25.375000,-16.437500,4.750000
1355123554.980000,23.625000,-16.687500,5.750000
1355123554.991000,23.625000,-16.687500,5.750000
1355123555.001000,23.125000,-16.687500,5.750000
1355123555.011000,23.125000,-16.687500,5.750000
1355123555.020000,22.875000,-17.187500,5.000000
1355123555.030000,22.875000,-17.187500,5.000000
1355123555.040000,22.625000,-17.937500,5.000000
1355123555.050000,22.625000,-17.937500,5.000000
1355123555.061000,22.875000,-17.687500,5.000000
1355123555.071000,22.875000,-17.687500,5.000000
1355123555.080000,22.625000,-17.937500,4.750000
1355123555.090000,22.625000,-17.937500,4.750000
1355123555.101000,22.375000,-18.187500,5.000000
1355123555.111000,22.375000,-18.187500,5.000000
1355123555.120000,22.875000,-18.437500,5.500000
1355123555.130000,22.875000,-18.437500,5.500000
1355123555.140000,22.375000,-18.875000,5.750000
1355123555.150000,22.375000,-18.875000,5.750000
1355123555.160000,21.875000,-19.625000,6.000000
1355123555.170000,21.875000,-19.625000,6.000000
1355123555.181000,21.875000,-19.625000,6.000000
1355123555.190000,21.375000,-19.625000,6.250000
1355123555.203000,20.625000,-19.875000,6.000000
1355123555.210000,20.625000,-19.875000,6.000000
1355123555.220000,20.125000,-19.875000,6.250000
1355123555.230000,20.125000,-19.875000,6.250000
1355123555.241000,20.125000,-19.375000,6.500000
1355123555.250000,20.125000,-19.375000,6.500000
1355123555.260000,20.375000,-19.375000,6.250000
1355123555.271000,20.375000,-19.375000,6.250000
1355123555.281000,20.375000,-19.375000,6.500000
1355123555.290000,20.375000,-19.375000,6.500000
1355123555.300000,21.125000,-19.375000,6.750000
1355123555.310000,21.125000,-19.375000,6.750000
1355123555.320000,21.375000,-19.875000,6.937500
1355123555.330000,21.375000,-19.875000,6.937500
1355123555.343000,21.375000,-20.125000,6.937500
1355123555.351000,21.375000,-20.125000,6.937500
1355123555.360000,21.375000,-20.125000,7.437500
1355123555.370000,21.375000,-20.125000,7.437500
1355123555.380000,20.875000,-20.125000,7.687500
1355123555.390000,20.875000,-20.125000,7.687500
1355123555.400000,20.875000,-20.125000,7.687500
1355123555.410000,20.875000,-19.625000,7.687500
1355123555.420000,20.875000,-19.625000,7.687500
1355123555.430000,20.625000,-19.375000,8.437500
1355123555.441000,19.875000,-18.687500,8.687500
1355123555.450000,19.875000,-18.687500,8.687500
1355123555.460000,19.375000,-18.437500,8.187500
1355123555.470000,19.375000,-18.437500,8.187500
1355123555.480000,19.375000,-18.687500,8.187500
1355123555.490000,19.375000,-18.687500,8.187500
1355123555.500000,19.625000,-18.687500,7.187500
1355123555.510000,19.625000,-18.687500,7.187500
1355123555.520000,20.875000,-18.875000,6.000000
1355123555.530000,20.875000,-18.875000,6.000000
1355123555.540000,21.375000,-19.125000,5.500000
1355123555.550000,21.375000,-19.125000,5.500000
1355123555.560000,21.625000,-18.875000,5.000000
1355123555.570000,21.625000,-18.875000,5.000000
1355123555.587000,21.625000,-18.875000,5.000000
1355123555.591000,21.625000,-18.875000,5.000000
1355123555.600000,21.625000,-18.875000,5.000000
1355123555.610000,21.125000,-18.687500,6.750000
1355123555.620000,21.125000,-17.937500,7.437500
1355123555.630000,21.125000,-17.937500,7.437500
1355123555.640000,20.625000,-17.437500,7.687500
1355123555.650000,20.625000,-17.437500,7.687500
1355123555.660000,20.375000,-16.937500,7.937500
1355123555.670000,20.375000,-16.937500,7.937500
1355123555.680000,20.375000,-16.937500,7.937500
1355123555.691000,20.875000,-16.187500,7.437500
1355123555.701000,20.875000,-16.187500,7.437500
1355123555.710000,20.875000,-15.937500,6.500000
1355123555.720000,22.125000,-15.687500,5.500000
1355123555.730000,22.125000,-15.687500,5.500000
1355123555.740000,22.625000,-15.937500,4.500000
1355123555.750000,22.625000,-15.937500,4.500000
1355123555.760000,22.875000,-15.687500,3.812500
1355123555.770000,22.875000,-15.687500,3.812500
1355123555.780000,23.875000,-15.687500,3.812500
1355123555.791000,23.875000,-15.687500,3.812500
1355123555.800000,23.375000,-15.687500,3.812500
1355123555.810000,23.375000,-15.687500,3.812500
1355123555.820000,23.625000,-15.437500,3.812500
1355123555.830000,23.625000,-15.437500,3.812500
1355123555.840000,23.625000,-15.687500,3.562500
1355123555.850000,23.625000,-15.687500,3.562500
1355123555.860000,23.625000,-15.687500,3.312500
1355123555.870000,23.625000,-15.687500,3.312500
1355123555.880000,23.875000,-15.687500,3.562500
1355123555.890000,23.875000,-15.687500,3.562500
1355123555.900000,23.875000,-15.687500,3.562500
1355123555.910000,23.375000,-15.437500,3.812500
1355123555.920000,23.375000,-15.437500,3.812500
1355123555.930000,23.375000,-15.437500,3.812500
1355123555.940000,23.375000,-15.437500,3.812500
1355123555.950000,23.375000,-15.437500,3.812500
1355123555.960000,21.375000,-14.937500,4.500000
1355123555.970000,21.375000,-14.937500,4.500000
1355123555.980000,20.125000,-15.187500,3.812500
1355123555.990000,20.125000,-15.187500,3.812500
1355123556.000000,20.375000,-15.187500,3.312500
1355123556.010000,20.375000,-15.187500,3.312500
1355123556.020000,20.125000,-14.937500,2.812500
1355123556.031000,20.125000,-14.937500,2.812500
1355123556.040000,20.125000,-14.937500,3.062500
1355123556.050000,20.125000,-14.937500,3.062500
1355123556.060000,21.125000,-14.937500,3.812500
1355123556.070000,21.125000,-14.937500,3.812500
1355123556.080000,20.375000,-15.687500,3.812500
1355123556.090000,20.375000,-15.687500,3.812500
1355123556.100000,20.375000,-16.437500,4.250000
1355123556.110000,20.375000,-16.437500,4.250000
1355123556.120000,20.625000,-16.437500,4.062500
1355123556.130000,20.625000,-16.437500,4.062500
1355123556.141000,20.375000,-16.437500,3.562500
1355123556.150000,20.375000,-16.437500,3.562500
1355123556.161000,20.125000,-16.687500,3.562500
1355123556.170000,20.125000,-16.687500,3.562500
1355123556.180000,20.125000,-16.687500,3.562500
1355123556.190000,19.875000,-16.687500,3.812500
1355123556.202000,19.875000,-16.687500,3.812500
1355123556.210000,19.125000,-17.187500,4.062500
1355123556.220000,18.625000,-17.937500,4.750000
1355123556.230000,18.625000,-17.937500,4.750000
1355123556.240000,18.375000,-17.937500,5.500000
1355123556.250000,18.375000,-17.937500,5.500000
1355123556.260000,18.125000,-17.687500,5.750000
1355123556.270000,18.125000,-17.687500,5.750000
1355123556.280000,18.125000,-17.687500,5.750000
1355123556.290000,18.125000,-17.437500,6.000000
1355123556.300000,17.625000,-17.437500,5.750000
1355123556.311000,17.625000,-17.437500,5.750000
1355123556.320000,17.625000,-17.437500,5.500000
1355123556.331000,17.625000,-17.437500,5.500000
1355123556.343000,17.625000,-17.437500,5.500000
1355123556.350000,17.125000,-17.937500,5.500000
1355123556.360000,16.375000,-17.937500,5.750000
1355123556.370000,16.375000,-17.937500,5.750000
1355123556.380000,16.375000,-17.437500,6.000000
1355123556.390000,16.375000,-17.437500,6.000000
1355123556.400000,16.375000,-17.437500,6.000000
1355123556.410000,15.625000,-17.687500,6.250000
1355123556.421000,15.625000,-17.687500,6.250000
1355123556.430000,15.625000,-17.687500,6.250000
1355123556.441000,14.875000,-17.437500,6.750000
1355123556.456000,14.875000,-17.437500,6.750000
1355123556.460000,14.875000,-17.437500,6.750000
1355123556.470000,14.875000,-17.437500,6.750000
1355123556.480000,14.875000,-17.687500,6.000000
1355123556.490000,15.125000,-17.437500,6.000000
1355123556.500000,15.125000,-17.437500,6.000000
1355123556.510000,15.625000,-17.187500,6.000000
1355123556.520000,15.625000,-17.187500,6.000000
1355123556.530000,15.375000,-16.687500,6.750000
1355123556.540000,15.375000,-16.687500,6.750000
1355123556.551000,16.125000,-16.437500,7.187500
1355123556.560000,16.125000,-16.437500,7.187500
1355123556.570000,16.125000,-16.187500,7.437500
1355123556.580000,16.125000,-16.187500,7.437500
1355123556.590000,16.625000,-15.937500,6.937500
1355123556.600000,16.625000,-15.937500,6.937500
1355123556.611000,17.125000,-16.187500,6.500000
1355123556.621000,17.125000,-16.187500,6.500000
1355123556.630000,17.375000,-16.437500,5.750000
1355123556.640000,17.375000,-16.437500,5.750000
1355123556.651000,17.625000,-16.687500,5.500000
1355123556.660000,17.625000,-16.687500,5.500000
1355123556.670000,17.625000,-16.687500,5.500000
1355123556.680000,17.625000,-16.687500,5.500000
1355123556.690000,16.125000,-16.687500,5.000000
1355123556.700000,16.125000,-16.687500,5.000000
1355123556.710000,16.125000,-16.437500,4.750000
1355123556.720000,16.125000,-16.437500,4.750000
1355123556.730000,16.375000,-16.187500,3.812500
1355123556.740000,16.375000,-16.187500,3.812500
1355123556.750000,17.875000,-15.687500,3.562500
1355123556.760000,17.875000,-15.687500,3.562500
1355123556.770000,18.625000,-15.687500,3.312500
1355123556.780000,18.625000,-15.687500,3.312500
1355123556.790000,18.875000,-15.437500,2.812500
1355123556.800000,18.875000,-15.437500,2.812500
1355123556.810000,19.375000,-14.687500,2.812500
1355123556.820000,19.375000,-14.687500,2.812500
1355123556.830000,19.625000,-14.500000,2.312500
1355123556.840000,19.625000,-14.500000,2.312500
1355123556.850000,19.625000,-14.500000,2.312500
1355123556.860000,19.625000,-14.500000,2.312500
1355123556.870000,19.875000,-14.000000,2.062500
1355123556.880000,19.875000,-14.000000,2.062500
1355123556.890000,19.875000,-14.000000,1.812500
1355123556.900000,19.875000,-14.000000,1.812500
1355123556.910000,19.875000,-14.000000,1.812500
1355123556.920000,19.375000,-14.500000,1.812500
1355123556.930000,19.125000,-14.250000,1.375000
1355123556.941000,19.125000,-14.250000,1.375000
1355123556.956000,19.125000,-14.250000,1.375000
1355123556.961000,19.125000,-14.250000,1.375000
1355123556.970000,19.125000,-14.250000,1.375000
1355123556.984000,18.125000,-14.687500,0.875000
1355123556.991000,17.875000,-14.500000,0.875000
1355123557.001000,17.875000,-14.500000,0.875000
1355123557.010000,18.125000,-14.250000,1.125000
1355123557.020000,18.125000,-14.250000,1.125000
1355123557.031000,17.375000,-13.750000,1.375000
1355123557.040000,17.375000,-13.750000,1.375000
1355123557.051000,16.875000,-13.750000,1.375000
1355123557.060000,16.875000,-13.750000,1.375000
1355123557.074000,16.375000,-13.500000,0.625000
1355123557.080000,16.375000,-13.500000,0.625000
1355123557.090000,15.875000,-13.750000,0.125000
1355123557.101000,15.875000,-13.750000,0.125000
1355123557.110000,15.875000,-14.500000,0.125000
1355123557.120000,15.875000,-14.500000,0.125000
1355123557.130000,15.875000,-14.687500,-0.125000
1355123557.140000,15.875000,-14.687500,-0.125000
1355123557.150000,15.625000,-15.187500,-0.125000
1355123557.160000,15.625000,-15.187500,-0.125000
1355123557.170000,15.625000,-15.187500,-0.125000
1355123557.180000,15.125000,-15.187500,0.125000
1355123557.190000,15.125000,-15.437500,-0.375000
1355123557.200000,15.125000,-15.437500,-0.375000
1355123557.211000,14.125000,-15.437500,-0.125000
1355123557.220000,14.125000,-15.437500,-0.125000
1355123557.230000,13.875000,-15.187500,0.125000
1355123557.240000,13.875000,-15.187500,0.125000
1355123557.250000,13.125000,-15.687500,-0.375000
1355123557.260000,13.125000,-15.687500,-0.375000
1355123557.270000,12.875000,-15.687500,-0.375000
1355123557.280000,12.875000,-15.687500,-0.375000
1355123557.291000,13.125000,-15.687500,-1.125000
1355123557.300000,13.125000,-15.687500,-1.125000
1355123557.310000,12.875000,-16.187500,-1.812500
1355123557.320000,12.875000,-16.187500,-1.812500
1355123557.330000,13.125000,-16.187500,-1.562500
1355123557.340000,13.125000,-16.187500,-1.562500
1355123557.350000,12.875000,-16.187500,-1.375000
1355123557.360000,12.875000,-16.187500,-1.375000
1355123557.370000,13.125000,-16.687500,-0.875000
1355123557.380000,13.125000,-16.687500,-0.875000
1355123557.390000,13.125000,-16.687500,-0.375000
1355123557.401000,13.125000,-16.687500,-0.375000
1355123557.411000,13.125000,-16.937500,-0.375000
1355123557.420000,13.125000,-16.937500,-0.375000
1355123557.430000,13.125000,-16.937500,-0.375000
1355123557.440000,12.875000,-16.937500,-0.125000
1355123557.451000,12.437500,-16.687500,-0.375000
1355123557.460000,12.437500,-16.687500,-0.375000
1355123557.471000,12.437500,-16.687500,0.125000
1355123557.480000,12.437500,-16.687500,0.125000
1355123557.494000,12.187500,-16.687500,0.375000
1355123557.502000,12.187500,-16.687500,0.375000
1355123557.511000,12.437500,-16.937500,-0.375000
1355123557.521000,12.437500,-16.937500,-0.375000
1355123557.530000,12.875000,-17.187500,-0.125000
1355123557.541000,12.875000,-17.187500,-0.125000
1355123557.550000,13.125000,-17.187500,-0.625000
1355123557.560000,13.125000,-17.187500,-0.625000
1355123557.570000,13.875000,-16.937500,-0.875000
1355123557.580000,13.875000,-16.937500,-0.875000
1355123557.590000,14.125000,-16.437500,-0.375000
1355123557.600000,14.125000,-16.437500,-0.375000
1355123557.610000,14.875000,-16.437500,-0.375000
1355123557.620000,14.875000,-16.437500,-0.375000
1355123557.630000,15.375000,-16.187500,0.375000
1355123557.640000,15.375000,-16.187500,0.375000
1355123557.650000,15.375000,-16.187500,0.375000
1355123557.660000,15.625000,-15.937500,0.375000
1355123557.670000,15.625000,-15.937500,0.375000
1355123557.680000,16.125000,-15.687500,0.125000
1355123557.705000,16.125000,-15.687500,0.125000
1355123557.709000,16.125000,-15.687500,0.125000
1355123557.715000,16.125000,-15.687500,0.125000
1355123557.726000,15.875000,-15.187500,-1.375000
1355123557.735000,16.125000,-15.187500,-2.062500
1355123557.745000,16.125000,-15.187500,-2.062500
1355123557.755000,16.625000,-15.187500,-2.812500
1355123557.765000,16.625000,-15.187500,-2.812500
1355123557.777000,17.125000,-14.937500,-2.562500
1355123557.785000,17.125000,-14.937500,-2.562500
1355123557.795000,16.875000,-14.687500,-2.812500
1355123557.806000,16.875000,-14.687500,-2.812500
1355123557.815000,17.125000,-13.750000,-2.812500
1355123557.826000,17.125000,-13.750000,-2.812500
1355123557.836000,17.375000,-13.250000,-2.562500
1355123557.845000,17.375000,-13.250000,-2.562500
1355123557.856000,17.625000,-12.750000,-3.312500
1355123557.866000,17.625000,-12.750000,-3.312500
1355123557.876000,18.625000,-12.250000,-3.812500
1355123557.885000,18.625000,-12.250000,-3.812500
1355123557.896000,19.375000,-12.250000,-3.812500
1355123557.905000,19.375000,-12.250000,-3.812500
1355123557.915000,19.375000,-12.250000,-3.812500
1355123557.926000,19.375000,-12.250000,-3.812500
1355123557.935000,20.125000,-11.500000,-4.062500
1355123557.946000,20.125000,-11.500000,-4.062500
1355123557.955000,20.125000,-11.250000,-4.062500
1355123557.965000,20.125000,-11.250000,-4.062500
1355123557.975000,19.875000,-11.000000,-4.500000
1355123557.985000,19.875000,-11.000000,-4.500000
1355123557.996000,20.125000,-10.500000,-4.750000
1355123558.005000,20.125000,-10.500000,-4.750000
1355123558.015000,20.375000,-10.750000,-4.750000
1355123558.025000,20.375000,-10.750000,-4.750000
1355123558.035000,20.125000,-10.750000,-5.000000
1355123558.045000,20.125000,-10.750000,-5.000000
1355123558.055000,19.875000,-10.500000,-5.500000
1355123558.065000,19.875000,-10.500000,-5.500000
1355123558.075000,19.625000,-10.500000,-5.500000
1355123558.085000,19.625000,-10.500000,-5.500000
1355123558.096000,19.375000,-10.312500,-6.250000
1355123558.105000,19.375000,-10.312500,-6.250000
1355123558.116000,19.625000,-9.812500,-6.500000
1355123558.126000,19.625000,-9.812500,-6.500000
1355123558.135000,19.875000,-9.812500,-6.250000
1355123558.145000,19.875000,-9.812500,-6.250000
1355123558.156000,19.625000,-9.562500,-6.500000
1355123558.165000,19.625000,-9.562500,-6.500000
1355123558.175000,19.625000,-9.562500,-6.500000
1355123558.185000,19.375000,-9.562500,-6.500000
1355123558.196000,19.375000,-9.562500,-6.500000
1355123558.205000,18.625000,-9.562500,-6.250000
1355123558.215000,18.125000,-10.062500,-6.750000
1355123558.225000,18.125000,-10.062500,-6.750000
1355123558.235000,17.375000,-10.500000,-6.937500
1355123558.246000,17.375000,-10.500000,-6.937500
1355123558.255000,16.875000,-10.750000,-6.937500
1355123558.266000,16.875000,-10.750000,-6.937500
1355123558.275000,16.625000,-11.250000,-6.937500
1355123558.286000,16.625000,-11.250000,-6.937500
1355123558.295000,16.375000,-11.250000,-6.250000
1355123558.305000,16.375000,-11.250000,-6.250000
1355123558.315000,16.375000,-11.500000,-6.000000
1355123558.325000,16.375000,-11.500000,-6.000000
1355123558.335000,16.125000,-11.750000,-5.750000
1355123558.345000,16.125000,-11.750000,-5.750000
1355123558.355000,15.875000,-11.500000,-5.500000
1355123558.365000,15.875000,-11.500000,-5.500000
1355123558.375000,15.125000,-11.750000,-5.750000
1355123558.395000,15.125000,-11.750000,-5.750000
1355123558.401000,15.125000,-11.750000,-5.750000
1355123558.408000,15.125000,-12.000000,-6.250000
1355123558.417000,15.125000,-12.000000,-6.250000
1355123558.426000,15.125000,-12.000000,-6.250000
1355123558.435000,14.625000,-12.000000,-6.250000
1355123558.445000,14.375000,-12.500000,-6.250000
1355123558.455000,14.375000,-12.500000,-6.250000
1355123558.465000,14.375000,-12.500000,-6.250000
1355123558.475000,14.375000,-12.500000,-6.250000
1355123558.487000,14.375000,-12.500000,-6.250000
1355123558.496000,12.437500,-12.250000,-4.750000
1355123558.505000,12.437500,-12.250000,-4.750000
1355123558.515000,11.937500,-12.250000,-5.000000
1355123558.525000,11.937500,-12.250000,-5.000000
1355123558.535000,12.187500,-12.250000,-5.750000
1355123558.546000,12.187500,-12.250000,-5.750000
1355123558.555000,12.187500,-12.250000,-6.000000
1355123558.565000,12.187500,-12.250000,-6.000000
1355123558.576000,13.125000,-12.000000,-6.000000
1355123558.585000,13.125000,-12.000000,-6.000000
1355123558.595000,13.625000,-12.000000,-5.500000
1355123558.606000,13.625000,-12.000000,-5.500000
1355123558.615000,14.375000,-12.000000,-5.500000
1355123558.626000,14.375000,-12.000000,-5.500000
1355123558.635000,14.125000,-12.000000,-5.500000
1355123558.646000,14.125000,-12.000000,-5.500000
1355123558.655000,14.125000,-12.000000,-5.500000
1355123558.665000,14.125000,-12.000000,-5.500000
1355123558.675000,14.125000,-12.000000,-5.500000
1355123558.685000,13.625000,-12.000000,-5.500000
1355123558.695000,13.625000,-12.000000,-5.500000
1355123558.705000,13.375000,-12.250000,-4.250000
1355123558.715000,13.625000,-12.000000,-4.250000
1355123558.725000,13.625000,-12.000000,-4.250000
1355123558.736000,13.875000,-11.750000,-4.062500
1355123558.746000,13.875000,-11.750000,-4.062500
1355123558.755000,13.875000,-11.750000,-4.250000
1355123558.765000,13.875000,-11.750000,-4.250000
1355123558.775000,14.125000,-11.750000,-4.750000
1355123558.786000,14.125000,-11.750000,-4.750000
1355123558.795000,14.125000,-12.000000,-4.500000
1355123558.805000,14.125000,-12.000000,-4.500000
1355123558.815000,14.875000,-11.750000,-4.500000
1355123558.825000,14.875000,-11.750000,-4.500000
1355123558.835000,14.875000,-11.750000,-4.500000
1355123558.845000,14.875000,-11.500000,-5.000000
1355123558.855000,14.875000,-11.500000,-5.000000
1355123558.865000,14.875000,-11.250000,-5.500000
1355123558.875000,14.875000,-11.250000,-5.500000
1355123558.885000,15.375000,-10.500000,-5.750000
1355123558.895000,15.375000,-10.500000,-5.750000
1355123558.905000,15.125000,-10.062500,-5.750000
1355123558.916000,15.125000,-10.062500,-5.750000
1355123558.925000,15.125000,-10.062500,-5.750000
1355123558.935000,15.375000,-9.812500,-5.000000
1355123558.946000,15.375000,-9.062500,-5.000000
1355123558.955000,15.375000,-9.062500,-5.000000
1355123558.966000,14.875000,-9.312500,-4.500000
1355123558.975000,14.875000,-9.312500,-4.500000
1355123558.985000,15.875000,-9.062500,-4.750000
1355123558.995000,15.875000,-9.062500,-4.750000
1355123559.005000,15.625000,-9.062500,-5.250000
1355123559.015000,15.625000,-9.062500,-5.250000
1355123559.025000,15.875000,-8.562500,-5.250000
1355123559.035000,15.875000,-8.562500,-5.250000
1355123559.045000,16.625000,-8.062500,-6.000000
1355123559.056000,16.625000,-8.062500,-6.000000
1355123559.065000,16.375000,-7.562500,-5.750000
1355123559.076000,16.375000,-7.562500,-5.750000
1355123559.085000,17.375000,-7.312500,-6.000000
1355123559.101000,17.375000,-7.312500,-6.000000
1355123559.105000,17.375000,-7.312500,-6.000000
1355123559.117000,18.125000,-7.562500,-6.000000
1355123559.126000,18.625000,-7.562500,-6.000000
1355123559.135000,18.625000,-7.562500,-6.000000
1355123559.145000,18.375000,-7.312500,-6.250000
1355123559.155000,18.375000,-7.312500,-6.250000
1355123559.165000,18.375000,-7.312500,-6.250000
1355123559.175000,17.875000,-7.062500,-6.750000
1355123559.185000,17.875000,-7.062500,-6.750000
1355123559.195000,17.875000,-7.062500,-6.750000
1355123559.206000,17.875000,-7.062500,-6.750000
1355123559.215000,15.625000,-5.625000,-6.750000
1355123559.225000,14.875000,-5.875000,-6.500000
1355123559.235000,14.875000,-5.875000,-6.500000
1355123559.245000,13.875000,-5.625000,-5.750000
1355123559.255000,13.875000,-5.625000,-5.750000
1355123559.266000,13.125000,-5.875000,-6.500000
1355123559.275000,13.125000,-5.875000,-6.500000
1355123559.285000,13.875000,-6.125000,-6.250000
1355123559.295000,13.875000,-6.125000,-6.250000
1355123559.306000,14.875000,-6.125000,-6.750000
1355123559.315000,14.875000,-6.125000,-6.750000
1355123559.325000,15.875000,-5.875000,-6.937500
1355123559.335000,15.875000,-5.875000,-6.937500
1355123559.345000,16.125000,-6.312500,-6.937500
1355123559.355000,16.125000,-6.312500,-6.937500
1355123559.366000,16.375000,-6.312500,-7.437500
1355123559.375000,16.375000,-6.312500,-7.437500
1355123559.385000,15.875000,-6.312500,-7.687500
1355123559.395000,15.875000,-6.312500,-7.687500
1355123559.405000,15.375000,-6.562500,-7.937500
1355123559.415000,15.375000,-6.562500,-7.937500
1355123559.425000,15.375000,-6.312500,-7.437500
1355123559.436000,15.375000,-6.312500,-7.437500
1355123559.445000,14.625000,-6.812500,-7.187500
1355123559.460000,14.625000,-6.812500,-7.187500
1355123559.465000,14.625000,-6.812500,-7.187500
1355123559.475000,14.375000,-7.062500,-6.750000
1355123559.486000,14.375000,-7.812500,-6.500000
1355123559.495000,14.375000,-7.812500,-6.500000
1355123559.505000,14.125000,-8.312500,-6.750000
1355123559.515000,14.125000,-8.312500,-6.750000
1355123559.525000,14.125000,-8.062500,-6.750000
1355123559.535000,14.125000,-8.062500,-6.750000
1355123559.545000,13.625000,-7.812500,-6.937500
1355123559.555000,13.625000,-7.812500,-6.937500
1355123559.565000,13.375000,-7.812500,-7.437500
1355123559.575000,13.375000,-7.812500,-7.437500
1355123559.585000,13.125000,-7.562500,-7.187500
1355123559.595000,13.125000,-7.562500,-7.187500
1355123559.606000,12.875000,-7.812500,-6.937500
1355123559.615000,12.875000,-7.812500,-6.937500
1355123559.625000,13.375000,-8.062500,-6.937500
1355123559.635000,13.375000,-8.062500,-6.937500
1355123559.647000,13.125000,-7.562500,-6.500000
1355123559.655000,13.125000,-7.562500,-6.500000
1355123559.665000,13.125000,-7.562500,-6.500000
1355123559.676000,12.875000,-7.812500,-6.750000
1355123559.685000,12.875000,-7.812500,-6.750000
1355123559.695000,12.875000,-7.812500,-6.750000
1355123559.706000,12.437500,-8.312500,-6.937500
1355123559.715000,12.437500,-8.312500,-6.937500
1355123559.725000,11.437500,-8.562500,-7.437500
1355123559.735000,11.437500,-8.562500,-7.437500
1355123559.745000,12.187500,-8.312500,-7.687500
1355123559.755000,12.187500,-8.312500,-7.687500
1355123559.765000,12.187500,-7.562500,-7.687500
1355123559.775000,12.187500,-7.562500,-7.687500
1355123559.785000,13.125000,-7.562500,-8.187500
1355123559.796000,13.125000,-7.562500,-8.187500
1355123559.805000,14.125000,-7.812500,-7.937500
1355123559.826000,14.125000,-7.812500,-7.937500
1355123559.830000,14.125000,-7.812500,-7.937500
1355123559.836000,14.125000,-7.812500,-7.937500
1355123559.846000,14.125000,-7.812500,-7.437500
1355123559.856000,14.125000,-7.812500,-7.437500
1355123559.866000,13.625000,-7.312500,-6.750000
1355123559.876000,13.625000,-7.312500,-6.750000
1355123559.887000,13.875000,-7.312500,-6.250000
1355123559.896000,13.875000,-7.312500,-6.250000
1355123559.906000,13.625000,-7.062500,-5.750000
1355123559.916000,13.625000,-7.062500,-5.750000
1355123559.927000,13.625000,-7.062500,-5.750000
1355123559.936000,13.625000,-7.062500,-5.500000
1355123559.946000,13.875000,-7.562500,-6.000000
1355123559.956000,13.875000,-7.562500,-6.000000
1355123559.966000,13.375000,-7.312500,-6.500000
1355123559.976000,13.375000,-7.312500,-6.500000
1355123559.986000,13.375000,-7.312500,-7.187500
1355123559.996000,13.375000,-7.312500,-7.187500
1355123560.007000,13.375000,-7.062500,-7.187500
1355123560.016000,13.375000,-7.062500,-7.187500
1355123560.026000,12.875000,-6.562500,-7.187500
1355123560.036000,12.875000,-6.562500,-7.187500
1355123560.046000,13.375000,-5.875000,-6.937500
1355123560.057000,13.375000,-5.875000,-6.937500
1355123560.066000,13.875000,-5.125000,-6.250000
1355123560.076000,13.875000,-5.125000,-6.250000
1355123560.086000,13.875000,-5.375000,-6.250000
1355123560.096000,13.875000,-5.375000,-6.250000
1355123560.106000,14.375000,-5.125000,-6.250000
1355123560.116000,14.375000,-5.125000,-6.250000
1355123560.126000,14.375000,-5.625000,-6.250000
1355123560.136000,14.375000,-5.625000,-6.250000
1355123560.146000,14.375000,-6.125000,-6.750000
1355123560.156000,14.375000,-6.125000,-6.750000
1355123560.166000,14.625000,-5.625000,-6.500000
1355123560.176000,14.625000,-5.625000,-6.500000
1355123560.187000,14.625000,-5.625000,-6.500000
1355123560.198000,14.625000,-5.625000,-6.500000
1355123560.206000,14.625000,-5.625000,-6.500000
1355123560.216000,14.625000,-5.625000,-6.500000
1355123560.227000,14.125000,-4.625000,-6.250000
1355123560.236000,13.375000,-4.125000,-6.000000
1355123560.246000,12.875000,-3.625000,-6.000000
1355123560.256000,12.875000,-3.625000,-6.000000
1355123560.266000,12.625000,-3.625000,-5.750000
1355123560.276000,12.625000,-3.625000,-5.750000
1355123560.286000,12.875000,-3.125000,-5.750000
1355123560.296000,12.875000,-3.125000,-5.750000
1355123560.306000,12.875000,-2.875000,-5.750000
1355123560.316000,12.875000,-2.875000,-5.750000
1355123560.326000,12.875000,-3.125000,-5.750000
1355123560.337000,12.875000,-3.125000,-5.750000
1355123560.347000,13.125000,-2.875000,-5.250000
1355123560.357000,13.125000,-2.875000,-5.250000
1355123560.366000,13.125000,-2.875000,-5.000000
1355123560.376000,13.125000,-2.875000,-5.000000
1355123560.386000,13.125000,-2.875000,-4.500000
1355123560.396000,13.125000,-2.875000,-4.500000
1355123560.406000,12.875000,-2.625000,-4.062500
1355123560.416000,12.875000,-2.625000,-4.062500
1355123560.426000,12.875000,-2.625000,-4.062500
1355123560.437000,12.875000,-2.625000,-4.062500
1355123560.446000,11.437500,-3.125000,-3.812500
1355123560.458000,11.437500,-3.125000,-3.812500
1355123560.466000,10.937500,-3.625000,-3.812500
1355123560.476000,10.937500,-3.625000,-3.812500
1355123560.486000,10.437500,-3.875000,-4.250000
1355123560.496000,10.437500,-3.875000,-4.250000
1355123560.513000,10.437500,-3.875000,-4.250000
1355123560.517000,10.437500,-3.875000,-4.250000
1355123560.526000,10.437500,-3.875000,-4.250000
1355123560.536000,10.187500,-3.875000,-4.062500
1355123560.546000,9.687500,-3.625000,-3.562500
1355123560.556000,9.687500,-3.625000,-3.562500
1355123560.566000,9.687500,-3.875000,-2.062500
1355123560.576000,9.687500,-3.875000,-2.062500
1355123560.587000,9.687500,-3.875000,-2.062500
1355123560.596000,9.187500,-3.625000,-1.562500
