39182.284104,-3.312500,13.750000,-176.375000
39182.384171,-3.562500,12.875000,-176.062500
39182.484391,-3.500000,13.375000,-175.875000
39182.588365,-3.750000,13.125000,-175.125000
39182.684892,-3.625000,13.250000,-175.125000
39182.784745,-4.000000,13.312500,-174.812500
39182.884721,-4.062500,13.375000,-174.875000
39182.988877,-4.000000,13.500000,-175.500000
39183.089127,-4.062500,13.437500,-175.437500
39183.189774,-3.750000,13.562500,-175.875000
39183.289842,-3.500000,13.437500,-176.625000
39183.389543,-3.562500,13.500000,-176.250000
39183.492631,-3.375000,13.375000,-176.187500
39183.590775,-3.062500,13.000000,-176.187500
39183.691087,-2.937500,13.250000,-175.875000
39183.792130,-2.875000,12.937500,-176.125000
39183.893662,-3.062500,13.125000,-175.875000
39184.002580,-3.312500,13.812500,-175.625000
39184.093919,-3.562500,13.937500,-175.125000
39184.194108,-3.375000,14.062500,-175.125000
39184.294236,-3.812500,14.187500,-175.125000
39184.399674,-3.625000,13.812500,-175.000000
39184.499650,-4.125000,13.750000,-174.937500
39184.599717,-3.937500,14.125000,-174.875000
39184.699967,-3.625000,14.375000,-174.625000
39184.800980,-4.250000,14.312500,-173.937500
39184.902329,-4.375000,14.312500,-174.375000
39185.000596,-5.000000,14.125000,-173.875000
39185.101060,-4.625000,13.687500,-174.000000
39185.201341,-4.000000,13.750000,-175.125000
39185.306199,-3.375000,13.687500,-174.625000
39185.412705,-3.125000,13.750000,-175.250000
39185.507127,-3.500000,14.375000,-175.437500
39185.606126,-3.562500,14.187500,-174.687500
39185.706529,-3.687500,14.312500,-174.937500
39185.806931,-3.625000,14.375000,-174.875000
39185.907304,-3.812500,14.062500,-174.812500
39186.007401,-3.687500,14.187500,-175.125000
39186.107163,-3.562500,14.062500,-175.250000
39186.207230,-3.500000,13.687500,-175.000000
39186.307664,-3.437500,13.312500,-174.937500
39186.408067,-3.812500,13.750000,-175.250000
39186.508164,-3.500000,13.687500,-175.062500
39186.608201,-3.312500,13.750000,-175.125000
39186.707902,-2.812500,13.687500,-174.875000
39186.810227,-2.750000,13.500000,-174.250000
39186.908036,-3.000000,13.625000,-174.125000
39187.008622,-3.062500,14.125000,-174.000000
39187.108720,-3.312500,14.312500,-174.375000
39187.211747,-2.875000,14.187500,-174.812500
39187.308854,-2.687500,14.125000,-174.875000
39187.409043,-3.125000,13.875000,-174.375000
39187.509293,-3.375000,13.687500,-174.000000
39187.609605,-3.500000,13.812500,-173.875000
39187.712602,-3.562500,13.875000,-173.625000
39187.810166,-3.062500,13.812500,-174.187500
39187.910233,-3.125000,13.625000,-174.500000
39188.010758,-3.625000,13.125000,-175.000000
39188.111772,-4.375000,12.937500,-175.125000
39188.210771,-4.875000,12.312500,-175.312500
39188.311051,-5.062500,12.250000,-175.250000
39188.411302,-5.187500,12.125000,-174.750000
39188.512528,-4.937500,11.812500,-175.250000
39188.621659,-4.937500,11.937500,-175.500000
39188.719682,-4.562500,11.625000,-176.687500
39188.819810,-4.312500,11.562500,-177.625000
39188.920518,-4.250000,11.937500,-178.000000
39189.020249,-4.062500,11.875000,-177.812500
39189.120316,-4.000000,11.937500,-177.437500
39189.220414,-3.937500,12.250000,-177.312500
39189.320542,-3.625000,12.437500,-177.062500
39189.420640,-3.687500,12.625000,-177.437500
39189.526994,-4.000000,13.062500,-177.000000
39189.623551,-4.187500,13.562500,-176.062500
39189.724046,-4.437500,13.437500,-175.875000
39189.825883,-4.625000,14.000000,-175.187500
39189.923570,-4.437500,14.125000,-174.562500
39190.032334,-4.562500,13.875000,-174.500000
39190.129624,-4.375000,13.625000,-174.500000
39190.229783,-4.375000,13.500000,-174.250000
39190.329850,-4.812500,13.625000,-173.625000
39190.429978,-5.187500,13.437500,-174.000000
39190.540543,-5.625000,14.062500,-173.500000
39190.630387,-5.437500,13.687500,-173.875000
39190.730241,-5.062500,13.187500,-174.500000
39190.831468,-4.500000,13.187500,-174.250000
39190.930863,-4.187500,13.000000,-174.625000
39191.031327,-4.625000,13.000000,-174.312500
39191.132554,-5.187500,13.812500,-173.875000
39191.232621,-5.812500,13.750000,-173.500000
39191.332597,-5.562500,13.250000,-173.125000
39191.441758,-5.500000,13.625000,-173.187500
39191.539109,-4.937500,12.937500,-173.812500
39191.639817,-4.625000,13.125000,-174.000000
39191.739579,-4.937500,13.187500,-173.500000
39191.839616,-4.812500,13.062500,-173.500000
39191.939835,-5.062500,12.625000,-173.250000
39192.039933,-5.562500,12.437500,-173.562500
39192.142136,-5.437500,12.687500,-173.562500
39192.240189,-5.437500,13.000000,-173.312500
39192.340287,-5.437500,13.812500,-173.312500
39192.445756,-4.937500,14.437500,-172.625000
39192.540818,-5.312500,14.812500,-173.437500
39192.642075,-5.500000,14.750000,-173.500000
39192.740708,-5.625000,14.875000,-173.375000
39192.840836,-5.250000,14.625000,-173.812500
39192.942063,-4.437500,13.812500,-173.562500
39193.042436,-4.687500,13.375000,-173.937500
39193.144090,-4.687500,12.812500,-174.250000
39193.243943,-5.500000,12.375000,-173.937500
39193.350572,-6.687500,12.687500,-173.250000
39193.443681,-7.000000,12.687500,-172.375000
39193.543717,-7.625000,12.375000,-170.562500
39193.643571,-8.250000,11.750000,-168.937500
39193.748094,-8.437500,10.562500,-167.687500
39193.860398,-9.062500,9.750000,-165.750000
39193.948075,-9.562500,9.437500,-164.937500
39194.049455,-9.687500,9.312500,-164.625000
39194.148423,-10.125000,9.875000,-164.375000
39194.247971,-10.312500,10.062500,-164.562500
39194.348679,-9.812500,10.375000,-164.937500
39194.448411,-9.375000,10.562500,-164.812500
39194.548936,-8.875000,10.812500,-164.937500
39194.649796,-8.375000,11.187500,-165.625000
39194.760545,-8.562500,11.125000,-165.687500
39194.851396,-8.937500,11.750000,-166.437500
39194.950272,-9.187500,12.125000,-166.437500
39195.050553,-9.437500,12.437500,-166.187500
39195.151750,-9.125000,12.500000,-166.812500
39195.252427,-8.437500,11.937500,-166.687500
39195.351060,-8.437500,11.500000,-167.125000
39195.451310,-7.875000,11.500000,-168.250000
39195.552689,-8.000000,11.625000,-169.125000
39195.664720,-8.375000,11.187500,-171.125000
39195.759355,-8.062500,11.000000,-173.562500
39195.859391,-7.687500,10.312500,-175.312500
39195.959824,-7.312500,9.875000,-177.125000
39196.059892,-6.500000,10.250000,-178.125000
39196.159654,-6.437500,9.812500,-178.937500
39196.259751,-6.500000,10.000000,-179.625000
39196.359818,-6.375000,10.125000,-180.187500
39196.459886,-6.625000,9.437500,-180.312500
39196.560532,-6.125000,9.750000,-179.812500
39196.660508,-5.500000,10.000000,-179.875000
39196.760850,-5.687500,9.937500,-179.500000
39196.860520,-5.312500,9.937500,-179.937500
39196.960618,-5.187500,9.187500,-180.250000
39197.062364,-6.062500,8.437500,-180.062500
39197.162553,-6.312500,8.250000,-179.687500
39197.267014,-7.625000,8.312500,-178.875000
39197.363603,-9.062500,8.062500,-178.500000
39197.467515,-9.375000,7.375000,-177.625000
39197.572740,-10.125000,6.625000,-178.187500
39197.667802,-10.187500,6.125000,-178.500000
39197.768876,-10.250000,5.750000,-178.312500
39197.868150,-10.187500,6.125000,-179.250000
39197.968308,-10.250000,6.500000,-178.750000
39198.068437,-10.250000,6.500000,-178.312500
39198.168656,-9.875000,7.000000,-178.187500
39198.268754,-10.312500,6.812500,-177.500000
39198.368821,-9.875000,6.437500,-177.625000
39198.480485,-9.937500,5.937500,-178.125000
39198.569077,-10.437500,5.312500,-178.250000
39198.669358,-10.562500,4.750000,-178.250000
39198.769853,-11.625000,4.375000,-178.312500
39198.870683,-11.687500,4.187500,-177.625000
39198.978227,-11.062500,3.812500,-178.000000
39199.069657,-11.312500,3.500000,-178.812500
39199.170091,-10.250000,3.562500,-178.750000
39199.269883,-10.187500,4.625000,-179.375000
39199.370194,-9.937500,5.625000,-179.750000
39199.471024,-8.750000,6.812500,-180.125000
39199.572343,-8.562500,7.750000,-180.312500
39199.672410,-8.000000,7.437500,-180.437500
39199.774674,-7.812500,7.250000,-179.812500
39199.880570,-7.875000,6.500000,-179.562500
39199.979630,-7.375000,6.000000,-179.812500
39200.079667,-7.250000,5.875000,-179.812500
39200.179795,-6.625000,5.937500,-180.187500
39200.280503,-6.562500,6.687500,-179.937500
39200.382584,-6.187500,7.312500,-179.750000
39200.481278,-5.500000,8.187500,-179.437500
39200.584214,-5.250000,8.875000,-179.625000
39200.692460,-4.750000,9.375000,-179.937500
39200.784043,-4.937500,9.125000,-179.750000
39200.884080,-4.937500,9.250000,-179.875000
39200.984574,-4.875000,9.187500,-179.687500
39201.084794,-5.500000,9.437500,-178.750000
39201.184922,-6.000000,9.625000,-178.062500
39201.292283,-6.687500,10.625000,-176.750000
39201.389176,-7.375000,11.000000,-175.437500
39201.489213,-7.125000,11.312500,-174.750000
39201.589311,-6.125000,12.250000,-173.437500
39201.689805,-5.937500,12.625000,-172.750000
39201.790269,-5.625000,13.312500,-171.625000
39201.889909,-4.937500,14.312500,-170.875000
39201.989854,-4.875000,14.500000,-170.500000
39202.089738,-3.875000,14.062500,-170.187500
39202.189774,-3.125000,14.062500,-170.750000
39202.289842,-3.062500,13.250000,-170.937500
39202.390244,-2.500000,13.437500,-171.375000
39202.492387,-2.625000,13.250000,-171.812500
39202.590531,-2.687500,13.750000,-171.875000
39202.700578,-2.562500,14.187500,-171.750000
39202.796616,-2.562500,13.750000,-172.062500
39202.893968,-2.562500,14.562500,-171.937500
39202.993668,-2.687500,14.125000,-172.250000
39203.095597,-2.500000,13.687500,-172.687500
39203.202592,-2.687500,14.125000,-172.562500
39203.295854,-2.375000,13.812500,-173.312500
39203.395951,-2.250000,13.562500,-173.562500
39203.496201,-2.687500,13.812500,-173.437500
39203.599412,-2.687500,13.437500,-174.125000
39203.696031,-3.187500,13.437500,-174.125000
39203.796372,-3.000000,13.187500,-173.750000
39203.896104,-3.250000,12.562500,-174.125000
39203.996232,-4.187500,12.312500,-173.687500
39204.096299,-4.562500,11.500000,-173.187500
39204.196366,-5.937500,10.937500,-172.500000
39204.296739,-8.187500,10.687500,-170.750000
39204.396806,-8.625000,10.437500,-171.375000
39204.497025,-8.250000,10.875000,-172.000000
39204.597093,-8.062500,11.312500,-173.000000
39204.697251,-5.812500,12.187500,-174.375000
39204.797776,-5.250000,12.500000,-173.937500
39204.898087,-5.687500,12.312500,-173.562500
39204.998155,-6.187500,12.625000,-173.500000
39205.098557,-6.437500,12.125000,-173.562500
39205.198686,-6.125000,12.687500,-174.312500
39205.298387,-5.437500,13.250000,-175.187500
39205.398454,-4.250000,13.062500,-175.375000
39205.506730,-4.437500,12.562500,-176.062500
39205.598618,-5.000000,12.000000,-175.437500
39205.699449,-6.625000,11.812500,-174.250000
39205.799210,-7.937500,11.187500,-173.875000
39205.899308,-8.687500,11.500000,-172.937500
39205.999436,-9.312500,10.625000,-172.125000
39206.099534,-9.937500,9.562500,-171.875000
39206.199967,-10.437500,9.625000,-171.062500
39206.300034,-10.937500,9.000000,-170.875000
39206.399766,-10.875000,8.937500,-171.250000
39206.500688,-10.687500,8.875000,-171.187500
39206.600602,-10.625000,8.687500,-172.125000
39206.701096,-10.750000,8.500000,-172.687500
39206.801286,-11.250000,8.750000,-172.937500
39206.901658,-11.000000,9.062500,-173.312500
39207.002580,-10.625000,9.250000,-172.937500
39207.102708,-9.687500,9.812500,-173.187500
39207.202500,-9.625000,10.187500,-173.125000
39207.310563,-9.750000,10.062500,-173.437500
39207.409593,-9.750000,10.187500,-173.875000
39207.510240,-9.687500,9.687500,-173.937500
39207.609757,-9.562500,9.562500,-173.937500
39207.709886,-9.000000,9.687500,-174.500000
39207.821305,-8.625000,9.937500,-175.312500
39207.910386,-8.437500,10.250000,-175.125000
39208.011216,-7.250000,10.750000,-175.312500
39208.110795,-7.062500,11.062500,-175.125000
39208.210954,-6.812500,11.312500,-174.000000
39208.311479,-6.687500,12.437500,-173.562500
39208.411179,-7.062500,12.625000,-173.062500
39208.512437,-6.500000,13.062500,-172.937500
39208.612534,-6.437500,13.562500,-172.875000
39208.720597,-6.562500,13.375000,-173.125000
39208.820207,-6.375000,13.875000,-172.937500
39208.920335,-7.062500,13.625000,-172.062500
39209.020524,-7.312500,13.625000,-171.625000
39209.120561,-7.500000,13.562500,-170.937500
39209.222489,-7.687500,13.562500,-170.937500
39209.321061,-7.812500,13.375000,-170.937500
39209.421342,-7.687500,13.250000,-171.125000
39209.525620,-7.625000,13.062500,-170.875000
39209.627641,-7.875000,12.187500,-171.062500
39209.732621,-8.062500,12.312500,-171.125000
39209.828599,-8.062500,11.437500,-170.687500
39209.928697,-8.562500,11.125000,-170.562500
39210.030381,-9.062500,11.562500,-169.937500
39210.129319,-9.062500,11.437500,-169.812500
39210.229600,-9.750000,11.875000,-170.062500
39210.329667,-9.687500,12.062500,-170.437500
39210.429765,-9.437500,11.812500,-170.125000
39210.530534,-9.437500,11.625000,-170.125000
39210.632554,-9.000000,11.625000,-170.312500
39210.730302,-8.875000,11.500000,-170.125000
39210.830735,-8.812500,12.000000,-171.250000
39210.930497,-8.312500,12.500000,-171.437500
39211.031083,-8.000000,12.937500,-170.750000
39211.141679,-7.687500,13.562500,-170.812500
39211.231675,-7.312500,13.437500,-169.875000
39211.332566,-7.500000,13.937500,-169.375000
39211.432359,-7.625000,13.750000,-169.312500
39211.542436,-8.500000,13.125000,-168.500000
39211.639695,-9.375000,12.562500,-168.187500
39211.739823,-9.437500,11.250000,-167.000000
39211.839860,-9.812500,10.250000,-166.125000
39211.939835,-10.187500,10.187500,-165.312500
39212.039903,-10.187500,9.937500,-164.125000
39212.139970,-10.875000,10.187500,-164.125000
39212.240128,-11.125000,10.125000,-163.812500
39212.339799,-10.562500,10.000000,-163.500000
39212.439927,-9.625000,9.875000,-164.125000
39212.542100,-8.937500,10.437500,-164.437500
39212.640458,-8.312500,11.500000,-165.375000
39212.740617,-7.625000,11.625000,-167.250000
39212.840348,-7.437500,12.625000,-168.562500
39212.940965,-7.000000,12.875000,-169.937500
39213.041062,-6.562500,12.875000,-171.125000
39213.141099,-6.062500,12.625000,-171.750000
39213.241959,-5.812500,12.062500,-172.625000
39213.341966,-5.250000,11.687500,-173.812500
39213.446824,-5.000000,11.187500,-175.062500
39213.547257,-5.312500,11.312500,-175.875000
39213.646958,-4.937500,11.250000,-177.000000
39213.747056,-4.750000,11.437500,-178.062500
39213.847459,-3.875000,11.625000,-178.875000
39213.950272,-2.875000,11.375000,-180.187500
39214.047929,-2.687500,11.187500,-180.437500
39214.147752,-1.562500,11.000000,-180.437500
39214.247453,-1.125000,10.875000,-180.687500
39214.347520,-1.187500,11.375000,-180.187500
39214.447617,-0.687500,11.000000,-180.562500
39214.548203,-2.125000,10.500000,-180.812500
39214.648393,-2.937500,9.937500,-180.437500
39214.748643,-3.750000,9.500000,-179.687500
39214.862046,-5.125000,9.687500,-179.000000
39214.948716,-5.625000,9.312500,-178.437500
39215.048814,-7.000000,8.687500,-177.500000
39215.148850,-8.125000,8.437500,-177.000000
39215.249467,-9.562500,7.875000,-176.125000
39215.349168,-10.250000,7.625000,-174.500000
39215.449815,-10.875000,8.062500,-173.875000
39215.549546,-10.687500,7.875000,-172.625000
39215.649613,-10.625000,7.937500,-171.687500
39215.750077,-10.812500,8.312500,-171.625000
39215.850236,-10.625000,8.250000,-171.250000
39215.950395,-11.000000,8.937500,-172.000000
39216.050584,-9.875000,9.500000,-172.250000
39216.150865,-9.437500,10.250000,-172.500000
39216.260575,-8.875000,11.375000,-172.625000
39216.352464,-8.125000,11.625000,-171.875000
39216.452439,-8.437500,12.500000,-171.875000
39216.551713,-8.000000,12.625000,-170.750000
39216.659928,-7.812500,12.687500,-170.375000
39216.759690,-7.875000,13.062500,-170.437500
39216.861558,-7.812500,13.125000,-170.250000
39216.960587,-8.375000,13.250000,-171.250000
39217.060716,-8.750000,13.312500,-171.312500
39217.162766,-8.750000,13.062500,-171.437500
39217.262589,-8.437500,12.750000,-171.312500
39217.362473,-7.937500,12.562500,-170.937500
39217.461808,-7.750000,12.500000,-171.437500
39217.566667,-8.125000,12.437500,-171.375000
39217.672624,-8.750000,12.500000,-171.750000
39217.769639,-8.750000,12.500000,-172.062500
39217.869431,-9.000000,12.500000,-171.750000
39217.969773,-9.062500,12.437500,-172.250000
39218.069535,-8.625000,12.875000,-172.000000
39218.171647,-8.562500,12.625000,-171.625000
39218.269700,-8.000000,12.750000,-171.062500
39218.370194,-7.312500,13.062500,-170.750000
39218.470231,-7.312500,12.375000,-170.750000
39218.579331,-7.625000,12.750000,-170.875000
39218.679765,-8.000000,12.750000,-171.187500
39218.779893,-7.875000,12.625000,-171.437500
39218.879899,-7.812500,12.687500,-171.250000
39218.980180,-7.687500,13.250000,-171.562500
39219.088212,-7.375000,13.125000,-171.250000
39219.180619,-7.187500,12.937500,-170.625000
39219.280869,-7.250000,13.000000,-171.125000
39219.381089,-7.375000,12.562500,-170.812500
39219.483781,-7.687500,12.562500,-170.625000
39219.591630,-8.375000,12.812500,-171.062500
39219.684037,-8.437500,12.750000,-170.875000
39219.786881,-8.375000,12.437500,-171.250000
39219.887345,-8.250000,12.687500,-172.125000
39219.989274,-7.812500,12.687500,-171.500000
39220.100572,-7.687500,12.875000,-171.500000
39220.189683,-7.750000,13.187500,-170.875000
39220.289811,-7.687500,12.687500,-170.500000
39220.389878,-7.125000,12.687500,-170.812500
39220.491593,-6.375000,12.500000,-171.000000
39220.591050,-4.875000,12.687500,-171.375000
39220.690965,-3.875000,13.312500,-171.750000
39220.792161,-3.562500,13.750000,-172.750000
39220.891892,-3.125000,15.000000,-172.937500
39220.991593,-3.750000,15.625000,-173.562500
39221.091599,-3.562500,15.562500,-173.937500
39221.192002,-3.125000,15.437500,-173.062500
39221.291825,-3.187500,14.500000,-173.000000
39221.391587,-2.437500,13.750000,-172.750000
39221.491593,-2.187500,13.625000,-172.625000
39221.593125,-2.812500,13.562500,-172.562500
39221.691972,-3.000000,13.500000,-172.500000
39221.792344,-3.187500,13.125000,-172.562500
39221.894853,-3.562500,13.187500,-172.875000
39221.994981,-3.437500,12.625000,-173.500000
39222.095078,-3.312500,12.562500,-173.562500
39222.195451,-3.562500,12.937500,-173.500000
39222.295518,-4.250000,12.375000,-173.062500
39222.399888,-4.875000,12.562500,-173.312500
39222.495683,-5.937500,12.187500,-174.250000
39222.595963,-7.187500,11.250000,-174.500000
39222.696214,-7.875000,10.937500,-175.125000
39222.802598,-8.250000,10.437500,-175.312500
39222.896623,-8.687500,10.062500,-175.062500
39222.996751,-8.937500,9.500000,-174.875000
39223.096970,-9.250000,9.000000,-174.375000
39223.197007,-9.687500,8.562500,-174.250000
39223.296739,-10.375000,8.437500,-173.812500
39223.396775,-10.750000,8.250000,-173.562500
39223.497178,-10.437500,7.812500,-173.687500
39223.597367,-10.562500,7.687500,-173.437500
39223.699662,-10.312500,7.250000,-173.562500
39223.797685,-10.187500,7.250000,-173.250000
39223.897324,-10.750000,7.250000,-172.812500
39223.997392,-10.875000,6.812500,-172.687500
39224.098130,-11.500000,6.750000,-172.312500
39224.198197,-12.062500,6.875000,-172.187500
39224.298264,-11.937500,6.875000,-172.500000
39224.398667,-12.187500,6.875000,-172.937500
39224.498765,-11.437500,6.562500,-173.125000
39224.598954,-10.937500,6.312500,-173.625000
39224.710618,-11.000000,6.812500,-173.562500
39224.799333,-10.250000,6.875000,-172.937500
39224.899674,-10.250000,7.437500,-172.312500
39224.999680,-10.375000,7.750000,-171.875000
39225.106675,-9.562500,7.437500,-171.875000
39225.200700,-9.500000,7.937500,-172.250000
39225.302445,-9.062500,8.250000,-173.437500
39225.402390,-8.437500,8.750000,-174.062500
39225.502488,-8.375000,9.750000,-174.875000
39225.601212,-7.812500,10.625000,-175.187500
39225.702012,-7.000000,11.562500,-175.000000
39225.802293,-6.687500,12.125000,-175.187500
39225.901566,-6.687500,12.562500,-174.875000
39226.001908,-6.625000,12.625000,-175.375000
39226.101853,-7.312500,12.187500,-175.812500
39226.201920,-6.812500,12.562500,-176.187500
39226.301988,-6.500000,12.187500,-176.250000
39226.402482,-6.125000,12.125000,-176.625000
39226.511735,-5.562500,12.562500,-176.500000
39226.609574,-5.562500,12.312500,-176.187500
39226.709794,-5.375000,11.687500,-176.250000
39226.810868,-5.500000,11.500000,-175.812500
39226.910783,-5.500000,10.937500,-176.125000
39227.020890,-5.812500,10.687500,-176.562500
39227.111253,-5.625000,11.812500,-176.375000
39227.212418,-5.500000,11.625000,-176.375000
39227.315446,-5.562500,12.000000,-176.187500
39227.416276,-5.375000,11.937500,-176.125000
39227.542527,-6.125000,11.312500,-176.187500
39227.616288,-6.062500,11.812500,-176.125000
39227.716294,-6.187500,11.625000,-176.000000
39227.816361,-6.437500,12.312500,-176.187500
39227.916520,-6.375000,12.500000,-176.250000
39228.017167,-6.875000,12.187500,-176.000000
39228.116990,-7.312500,12.062500,-176.000000
39228.217088,-7.750000,11.937500,-175.250000
39228.316819,-7.437500,12.187500,-175.812500
39228.416917,-7.562500,12.562500,-176.187500
39228.517411,-7.062500,13.500000,-176.562500
39228.617478,-6.500000,13.625000,-176.562500
39228.717729,-6.250000,14.125000,-175.625000
39228.822678,-5.687500,14.625000,-174.875000
39228.919206,-5.375000,14.750000,-173.625000
39229.019578,-4.750000,14.937500,-173.125000
39229.119615,-5.000000,14.937500,-172.687500
39229.220078,-5.000000,14.812500,-172.437500
39229.320146,-4.750000,15.187500,-172.687500
39229.420213,-4.937500,15.562500,-172.625000
39229.520432,-4.625000,15.375000,-172.875000
39229.620347,-5.062500,15.125000,-173.625000
39229.720353,-5.437500,14.375000,-173.562500
39229.821244,-5.687500,13.875000,-174.062500
39229.920854,-5.562500,13.562500,-174.437500
39230.021714,-4.500000,13.250000,-174.562500
39230.122636,-3.687500,13.187500,-175.375000
39230.229264,-2.562500,13.625000,-175.812500
39230.334886,-2.125000,14.125000,-176.312500
39230.429215,-2.437500,14.187500,-176.375000
39230.529832,-2.937500,14.500000,-176.625000
39230.629899,-3.812500,14.062500,-176.687500
39230.729966,-4.187500,13.562500,-176.187500
39230.830308,-4.437500,13.250000,-175.875000
39230.930161,-4.125000,13.375000,-175.375000
39231.030198,-4.250000,13.375000,-175.250000
39231.130723,-4.500000,13.750000,-175.250000
39231.231065,-4.625000,14.375000,-174.875000
39231.331193,-4.375000,14.625000,-174.812500
39231.431626,-3.500000,14.375000,-174.437500
39231.532487,-3.187500,14.375000,-174.187500
39231.639298,-3.437500,14.187500,-174.562500
39231.750962,-3.875000,14.000000,-174.437500
39231.840348,-4.687500,14.312500,-174.375000
39231.940232,-5.500000,13.750000,-173.937500
39232.040269,-6.000000,13.812500,-173.312500
39232.142259,-7.000000,13.250000,-172.875000
39232.240434,-7.687500,13.562500,-172.875000
39232.340226,-7.000000,14.000000,-173.562500
39232.440629,-6.437500,14.000000,-174.437500
39232.540452,-6.312500,14.562500,-174.875000
39232.640519,-5.812500,14.062500,-175.062500
39232.740922,-5.875000,13.687500,-175.312500
39232.840684,-6.250000,13.750000,-175.125000
39232.940782,-5.812500,13.312500,-175.375000
39233.041215,-5.812500,13.312500,-175.375000
39233.141679,-6.125000,13.250000,-175.312500
39233.241807,-5.937500,12.750000,-175.125000
39233.341905,-6.000000,12.437500,-174.625000
39233.441605,-6.312500,12.375000,-174.687500
39233.551591,-6.250000,12.562500,-174.437500
39233.649735,-6.375000,13.250000,-174.625000
39233.750169,-6.687500,13.687500,-174.750000
39233.850724,-6.187500,14.000000,-174.687500
39233.950608,-6.250000,14.125000,-174.750000
39234.061509,-6.062500,13.875000,-174.250000
39234.151322,-5.500000,14.312500,-174.250000
39234.252366,-6.125000,14.125000,-174.312500
39234.354325,-6.312500,14.000000,-174.437500
39234.453416,-6.687500,13.812500,-175.062500
39234.560594,-6.937500,13.062500,-175.562500
39234.653947,-6.375000,13.062500,-175.562500
39234.755967,-6.000000,13.437500,-175.750000
39234.854386,-6.062500,13.187500,-175.687500
39234.960496,-6.562500,13.250000,-175.000000
39235.054459,-7.000000,13.375000,-174.562500
39235.154618,-7.250000,13.250000,-174.562500
39235.254746,-7.062500,13.500000,-174.687500
39235.355515,-6.687500,13.250000,-174.750000
39235.457627,-6.625000,13.187500,-175.250000
39235.555528,-6.687500,13.250000,-175.187500
39235.655686,-6.687500,13.000000,-174.875000
39235.755876,-6.500000,13.625000,-174.812500
39235.855851,-6.125000,13.250000,-174.437500
39235.955918,-5.812500,13.187500,-174.062500
39236.056168,-5.875000,13.125000,-174.437500
39236.156388,-6.187500,13.187500,-174.500000
39236.256455,-5.937500,13.625000,-174.375000
39236.361619,-6.125000,13.437500,-174.625000
39236.459733,-5.937500,13.750000,-174.125000
39236.564439,-6.000000,12.875000,-174.312500
39236.659959,-6.125000,12.437500,-174.875000
39236.760484,-6.312500,12.937500,-175.125000
39236.870652,-6.562500,12.687500,-175.625000
39236.960587,-6.312500,13.750000,-175.687500
39237.061326,-6.562500,14.687500,-175.187500
39237.242051,-6.250000,14.500000,-174.437500
39237.281999,-6.687500,14.250000,-174.312500
39237.380631,-6.687500,13.937500,-174.437500
39237.469926,-6.875000,13.312500,-174.500000
39237.569962,-7.187500,12.625000,-174.812500
39237.670609,-6.750000,13.187500,-174.687500
39237.771958,-7.062500,13.062500,-173.937500
39237.911851,-6.750000,12.937500,-173.937500
39237.973710,-6.125000,12.687500,-174.000000
39238.076096,-6.000000,12.562500,-173.687500
39238.174241,-6.062500,12.062500,-174.062500
39238.283311,-6.062500,12.500000,-173.937500
39238.373856,-6.625000,13.187500,-173.812500
39238.474259,-7.000000,13.437500,-174.000000
39238.574021,-6.625000,14.312500,-173.812500
39238.674241,-6.750000,14.312500,-173.937500
39238.774827,-6.500000,14.312500,-173.625000
39238.874436,-6.500000,14.062500,-173.062500
39238.974778,-6.687500,13.687500,-173.437500
39239.076249,-7.375000,13.562500,-173.562500
39239.182664,-7.875000,13.312500,-173.937500
39239.275437,-7.500000,13.000000,-174.750000
39239.375657,-7.312500,12.750000,-174.687500
39239.475694,-6.562500,12.687500,-174.312500
39239.576371,-5.812500,12.937500,-174.250000
39239.690629,-5.625000,13.062500,-174.250000
39239.776536,-5.687500,13.687500,-174.000000
39239.875779,-6.000000,13.562500,-174.000000
39239.975907,-6.562500,13.562500,-174.125000
39240.081223,-6.687500,13.937500,-174.125000
39240.176316,-6.250000,13.125000,-174.125000
39240.276444,-6.250000,13.125000,-174.562500
39240.651261,-5.937500,12.750000,-174.375000
39240.671311,-5.937500,12.750000,-174.250000
39240.781297,-6.125000,12.812500,-174.875000
39240.863297,-6.187500,12.937500,-174.937500
39240.968003,-6.625000,13.187500,-174.937500
39241.068284,-6.500000,12.750000,-174.375000
39241.168656,-6.687500,12.687500,-173.437500
39241.268022,-6.250000,12.687500,-173.250000
39241.368791,-6.312500,12.500000,-173.625000
39241.471696,-6.250000,12.875000,-174.187500
39241.569138,-6.562500,13.250000,-174.625000
39241.669816,-6.812500,13.125000,-174.312500
39241.770646,-6.625000,13.625000,-173.937500
39241.879319,-7.187500,13.625000,-174.062500
39241.990556,-7.250000,14.000000,-174.000000
39242.079789,-7.000000,14.250000,-174.125000
39242.180100,-7.062500,13.625000,-174.375000
39242.280259,-6.750000,13.625000,-174.062500
39242.379899,-6.750000,13.062500,-174.250000
39242.480180,-7.125000,12.875000,-174.312500
39242.580247,-7.250000,12.875000,-174.187500
39242.680345,-7.375000,12.125000,-174.437500
39242.781144,-6.562500,12.125000,-174.625000
39242.881242,-6.375000,12.500000,-174.250000
39242.982041,-5.562500,12.312500,-174.312500
39243.081803,-5.000000,13.000000,-174.312500
39243.182725,-5.312500,13.125000,-174.312500
39243.286851,-5.312500,12.875000,-174.750000
39243.392594,-5.562500,13.437500,-174.562500
39243.487657,-5.875000,13.687500,-174.437500
39243.588151,-5.687500,13.750000,-174.250000
39243.687821,-5.625000,13.125000,-173.875000
39243.797349,-5.625000,13.125000,-173.750000
39243.887620,-5.625000,12.687500,-173.875000
39243.987992,-6.125000,12.562500,-174.000000
39244.087754,-6.750000,13.625000,-174.250000
39244.188523,-7.312500,13.750000,-174.500000
39244.288621,-7.437500,13.500000,-174.062500
39244.388688,-7.375000,13.562500,-173.875000
39244.488725,-7.000000,13.000000,-174.437500
39244.589524,-6.937500,12.812500,-174.687500
39244.689897,-6.812500,13.437500,-174.875000
39244.789658,-7.000000,13.437500,-174.750000
39244.890092,-6.875000,13.500000,-174.062500
39244.989823,-6.187500,13.312500,-173.937500
39245.090684,-6.500000,13.062500,-173.812500
39245.191667,-6.375000,13.125000,-174.000000
39245.291123,-6.125000,13.250000,-174.312500
39245.391343,-6.125000,13.937500,-174.000000
39245.495652,-5.562500,13.812500,-174.750000
39245.598557,-5.687500,13.625000,-174.687500
39245.710587,-6.187500,13.625000,-174.062500
39245.799699,-6.687500,13.375000,-174.312500
39245.899583,-6.937500,13.687500,-173.562500
39245.999833,-6.687500,13.687500,-173.562500
39246.101640,-6.312500,13.312500,-173.937500
39246.200334,-6.500000,12.937500,-173.812500
39246.301347,-6.062500,13.187500,-174.062500
39246.400865,-6.250000,13.562500,-173.750000
39246.500596,-6.062500,14.187500,-173.812500
39246.602403,-6.125000,14.250000,-174.187500
39246.704392,-6.312500,13.812500,-174.312500
39246.803483,-6.062500,13.500000,-175.000000
39246.903703,-6.500000,13.062500,-174.562500
39247.003190,-5.812500,13.312500,-174.562500
39247.111955,-6.062500,13.062500,-174.125000
39247.203904,-5.625000,13.500000,-173.687500
39247.304154,-5.625000,13.500000,-173.937500
39247.404252,-5.750000,13.750000,-173.812500
39247.509416,-6.187500,14.000000,-174.375000
39247.609635,-6.312500,14.000000,-174.375000
39247.709855,-6.562500,13.937500,-174.750000
39247.810624,-6.812500,13.000000,-174.750000
39247.910600,-6.625000,13.187500,-174.375000
39248.020310,-7.312500,12.500000,-174.687500
39248.119859,-7.000000,12.000000,-174.125000
39248.219956,-7.312500,12.500000,-173.937500
39248.320390,-7.250000,12.250000,-173.562500
39248.420487,-7.375000,13.250000,-173.000000
39248.522569,-7.687500,14.250000,-173.125000
39248.620683,-7.812500,13.812500,-173.000000
39248.720872,-7.937500,13.500000,-173.125000
39248.823045,-7.750000,13.187500,-173.187500
39248.927934,-8.062500,12.687500,-172.875000
39249.032548,-8.250000,13.687500,-173.000000
39249.129594,-8.250000,13.687500,-172.875000
39249.229844,-7.875000,13.500000,-172.750000
39249.329972,-7.875000,13.500000,-173.187500
39249.430589,-7.375000,13.000000,-173.000000
39249.541276,-7.562500,13.000000,-173.437500
39249.634416,-8.125000,12.875000,-173.562500
39249.730943,-8.250000,13.125000,-173.562500
39249.831407,-8.687500,13.500000,-173.812500
39249.931168,-8.312500,13.312500,-173.625000
39250.031968,-8.062500,13.000000,-173.437500
39250.132157,-7.437500,12.312500,-173.625000
39250.231706,-6.937500,11.875000,-174.125000
39250.331620,-6.625000,12.062500,-174.375000
39250.431748,-6.125000,12.687500,-174.875000
39250.531602,-6.437500,13.250000,-174.875000
39250.632768,-6.187500,13.875000,-174.500000
39250.732591,-6.562500,13.687500,-174.875000
39250.841538,-6.937500,13.125000,-174.312500
39250.950669,-6.312500,13.062500,-174.062500
39251.039872,-6.625000,12.625000,-173.812500
39251.139817,-7.062500,13.187500,-172.937500
39251.239945,-6.750000,13.625000,-173.187500
39251.341660,-6.937500,13.687500,-172.875000
39251.442643,-7.125000,13.375000,-173.000000
39251.541093,-6.687500,13.125000,-172.812500
39251.641618,-6.500000,12.875000,-173.062500
39251.742448,-6.562500,12.812500,-173.125000
39251.852403,-6.625000,12.625000,-173.062500
39251.943131,-6.437500,13.000000,-173.125000
39252.043656,-6.125000,12.875000,-172.437500
39252.143540,-6.625000,12.937500,-172.812500
39252.249223,-6.437500,13.562500,-172.125000
39252.360581,-6.625000,13.187500,-172.500000
39252.449204,-7.375000,13.812500,-173.000000
39252.549851,-7.125000,13.562500,-172.687500
39252.649552,-6.812500,13.562500,-173.437500
39252.749619,-6.812500,13.125000,-173.562500
39252.849778,-6.187500,12.500000,-173.937500
39252.950211,-6.000000,12.812500,-174.187500
39253.050645,-5.812500,12.062500,-173.812500
39253.150437,-5.500000,12.625000,-173.625000
39253.250504,-5.562500,13.250000,-173.875000
39253.350388,-5.625000,13.187500,-173.625000
39253.450395,-6.375000,13.187500,-173.937500
39253.551560,-6.562500,12.875000,-174.000000
39253.650956,-6.812500,12.437500,-173.750000
39253.751512,-6.500000,12.812500,-174.250000
39253.850816,-6.562500,13.437500,-174.625000
39253.950791,-6.437500,13.562500,-174.312500
39254.051560,-6.750000,13.500000,-174.375000
39254.163468,-7.187500,13.062500,-174.062500
39254.259629,-6.625000,12.625000,-173.812500
39254.359757,-7.312500,12.500000,-174.062500
39254.460374,-6.625000,12.625000,-173.812500
39254.559983,-6.500000,12.375000,-173.937500
39254.663102,-6.937500,12.750000,-174.375000
39254.760850,-6.562500,13.125000,-174.312500
39254.861039,-7.187500,13.187500,-174.625000
39254.961839,-7.687500,13.687500,-174.312500
39255.062638,-7.625000,13.625000,-173.625000
39255.180589,-7.312500,13.750000,-173.937500
39255.262650,-7.125000,13.937500,-173.250000
39255.364762,-6.937500,13.812500,-173.437500
39255.464982,-6.562500,13.937500,-173.687500
39255.569230,-6.937500,13.812500,-173.125000
39255.664658,-7.375000,13.125000,-173.562500
39255.766068,-6.812500,13.375000,-173.750000
39255.865739,-7.000000,13.000000,-173.562500
39255.964921,-6.812500,12.687500,-173.437500
39256.073167,-6.125000,13.000000,-173.750000
39256.166459,-6.625000,12.625000,-173.375000
39256.265214,-6.750000,12.625000,-173.625000
39256.365647,-6.875000,13.125000,-174.437500
39256.469346,-6.750000,13.187500,-173.937500
39256.565568,-6.375000,13.187500,-174.062500
39256.665696,-6.562500,13.687500,-174.187500
39256.766679,-6.125000,13.562500,-173.562500
39256.865952,-6.312500,13.500000,-173.625000
39256.971635,-6.687500,13.000000,-173.562500
39257.069627,-6.250000,12.437500,-173.000000
39257.170609,-6.625000,11.937500,-173.062500
39257.270646,-6.687500,12.250000,-173.562500
39257.370988,-6.687500,13.250000,-173.875000
39257.480882,-6.437500,13.812500,-174.187500
39257.572099,-6.125000,14.250000,-174.750000
39257.671647,-6.250000,14.125000,-174.437500
39257.772324,-6.500000,13.875000,-174.250000
39257.871812,-7.312500,13.750000,-174.062500
39257.971909,-7.062500,13.750000,-173.812500
39258.071610,-6.687500,14.125000,-173.125000
39258.174394,-6.375000,13.437500,-173.062500
39258.274064,-5.562500,13.250000,-173.000000
39258.381669,-5.875000,13.687500,-172.812500
39258.479661,-6.062500,13.500000,-173.375000
39258.579728,-6.062500,13.625000,-173.062500
39258.679826,-6.375000,13.250000,-173.250000
39258.780625,-6.625000,12.625000,-173.187500
39258.891251,-6.625000,12.625000,-173.187500
39258.980943,-7.062500,12.625000,-173.500000
39259.082383,-7.187500,13.062500,-173.062500
39259.181687,-7.375000,13.562500,-172.687500
39259.288865,-7.750000,13.437500,-172.187500
39259.400620,-7.812500,14.125000,-171.937500
39259.489610,-7.750000,14.062500,-172.312500
39259.589250,-7.750000,13.750000,-172.750000
39259.689591,-7.750000,13.750000,-172.625000
39259.791673,-7.437500,12.937500,-172.625000
39259.892625,-7.437500,12.625000,-172.625000
39259.990586,-7.875000,12.500000,-173.062500
39260.091844,-7.437500,12.500000,-173.812500
39260.191331,-7.000000,13.000000,-174.000000
39260.301774,-7.000000,12.812500,-174.000000
39260.399613,-6.250000,13.125000,-173.312500
39260.500108,-6.687500,13.000000,-173.312500
39260.601731,-6.750000,12.750000,-173.500000
39260.700181,-6.625000,13.312500,-173.187500
39260.800614,-6.812500,13.437500,-173.000000
39260.900407,-6.750000,13.375000,-172.500000
39261.000199,-7.250000,13.812500,-172.125000
39261.101579,-7.750000,13.625000,-172.375000
39261.201493,-7.750000,13.062500,-172.500000
39261.302598,-7.312500,13.062500,-172.625000
39261.402574,-7.312500,12.375000,-172.750000
39261.502793,-7.062500,11.687500,-172.500000
39261.602555,-6.562500,11.312500,-172.687500
39261.705857,-7.250000,11.750000,-172.562500
39261.805924,-7.250000,11.875000,-172.250000
39261.906297,-6.937500,12.500000,-173.062500
39262.006394,-7.437500,12.500000,-173.062500
39262.109330,-6.812500,11.875000,-173.750000
39262.210618,-6.937500,11.875000,-174.312500
39262.309861,-7.875000,11.250000,-174.250000
39262.409928,-8.000000,11.500000,-174.812500
39262.510270,-8.625000,10.875000,-174.437500
39262.622422,-9.000000,10.000000,-174.375000
39262.710893,-8.875000,10.125000,-173.625000
39262.811601,-8.812500,10.062500,-173.250000
39262.910935,-8.937500,10.625000,-173.250000
39263.011033,-8.687500,10.937500,-173.187500
39263.113877,-9.062500,11.062500,-173.250000
39263.213273,-9.000000,10.687500,-172.750000
39263.313279,-8.875000,10.687500,-172.625000
39263.413407,-9.437500,11.125000,-172.312500
39263.513444,-9.000000,10.812500,-172.625000
39263.618455,-9.375000,10.750000,-173.000000
39263.713792,-9.250000,10.812500,-173.500000
39263.813920,-8.875000,10.125000,-173.250000
39263.914292,-9.250000,10.687500,-173.250000
39264.014359,-9.625000,10.500000,-173.000000
39264.114915,-9.937500,10.000000,-172.625000
39264.214616,-9.687500,10.250000,-173.375000
39264.314652,-9.750000,9.812500,-173.000000
39264.415055,-9.500000,10.062500,-173.250000
39264.515244,-9.437500,10.250000,-173.625000
39264.615464,-9.687500,9.687500,-173.625000
39264.715562,-9.125000,9.687500,-173.812500
39264.816789,-9.125000,9.125000,-174.250000
39264.919358,-9.625000,8.250000,-174.187500
39265.030595,-9.562500,8.750000,-174.250000
39265.120255,-10.437500,7.937500,-174.875000
39265.220323,-10.812500,7.875000,-174.687500
39265.320573,-10.625000,8.437500,-174.812500
39265.422715,-11.000000,7.812500,-174.875000
39265.520738,-10.500000,8.312500,-174.687500
39265.620469,-10.375000,8.312500,-174.687500
39265.720567,-10.375000,8.312500,-174.250000
39265.821610,-10.375000,8.437500,-173.937500
39265.921861,-10.750000,8.250000,-174.000000
39266.022019,-10.812500,8.437500,-174.500000
39266.123490,-10.687500,8.187500,-174.687500
39266.223649,-10.437500,7.937500,-174.875000
39266.329301,-9.875000,7.937500,-175.312500
39266.440598,-10.187500,7.687500,-175.000000
39266.529771,-10.250000,7.187500,-175.812500
39266.629960,-10.875000,7.250000,-176.312500
39266.730210,-11.000000,7.000000,-176.187500
39266.832688,-10.875000,7.000000,-176.312500
39266.932176,-11.250000,7.250000,-175.437500
39267.032426,-11.437500,6.812500,-175.187500
39267.132615,-11.687500,7.125000,-175.187500
39267.231858,-11.250000,7.000000,-175.312500
39267.341691,-10.250000,7.312500,-175.812500
39267.439652,-9.062500,8.500000,-176.062500
39267.539842,-7.812500,9.375000,-175.500000
39267.639848,-7.125000,10.625000,-174.875000
39267.739945,-6.500000,11.937500,-174.687500
39267.841050,-6.125000,12.125000,-174.750000
39267.940080,-5.562500,12.000000,-175.187500
39268.039781,-5.000000,12.000000,-175.500000
39268.139970,-4.875000,11.687500,-176.062500
39268.240556,-3.937500,12.250000,-175.625000
39268.340226,-3.875000,12.625000,-176.000000
39268.440843,-3.937500,12.687500,-176.062500
39268.540910,-3.687500,12.625000,-176.000000
39268.641282,-4.437500,12.562500,-175.875000
39268.745042,-4.625000,12.562500,-175.750000
39268.845139,-4.062500,12.562500,-175.437500
39268.945481,-4.250000,12.937500,-175.500000
39269.045640,-4.000000,12.375000,-176.125000
39269.149400,-3.750000,12.125000,-176.937500
39269.252580,-4.375000,11.812500,-177.125000
39269.349717,-4.062500,11.312500,-177.375000
39269.450425,-3.562500,11.937500,-177.125000
39269.549912,-3.062500,12.000000,-176.187500
39269.652787,-1.750000,12.625000,-177.125000
39269.750565,-1.250000,13.000000,-176.937500
39269.850572,-0.625000,12.937500,-177.437500
39269.950303,-0.625000,13.187500,-178.312500
39270.050370,-1.437500,13.500000,-177.875000
39270.153642,-1.437500,13.500000,-178.125000
39270.253434,-2.000000,14.437500,-177.875000
39270.353257,-2.375000,14.500000,-177.187500
39270.453385,-2.375000,13.937500,-176.437500
39270.553422,-2.937500,14.375000,-175.625000
39270.657975,-3.437500,13.187500,-175.375000
39270.753617,-4.187500,13.125000,-175.312500
39270.853623,-4.625000,13.375000,-175.312500
39270.953996,-4.625000,13.250000,-175.562500
39271.054124,-4.937500,13.875000,-175.500000
39271.153916,-4.562500,14.312500,-175.250000
39271.254289,-4.687500,14.750000,-175.375000
39271.354051,-4.875000,14.562500,-175.187500
39271.454575,-4.687500,14.187500,-174.937500
39271.562699,-5.000000,13.687500,-175.312500
39271.654832,-5.187500,13.437500,-175.437500
39271.754991,-5.250000,12.937500,-176.000000
39271.855332,-5.562500,13.000000,-176.187500
39271.959367,-4.937500,13.187500,-176.000000
39272.070634,-4.812500,13.062500,-176.125000
39272.162003,-4.187500,13.437500,-175.750000
39272.261369,-3.625000,13.562500,-175.875000
39272.361741,-4.187500,13.812500,-176.312500
39272.469438,-3.687500,13.625000,-176.687500
39272.569138,-4.312500,13.687500,-177.312500
39272.669694,-4.312500,13.375000,-177.625000
39272.769822,-4.250000,13.625000,-177.125000
39272.870255,-4.750000,13.687500,-176.625000
39272.972642,-4.500000,13.875000,-175.812500
39273.070695,-4.750000,14.500000,-175.625000
39273.170945,-4.750000,14.125000,-176.187500
39273.272141,-4.375000,14.875000,-175.562500
39273.372544,-4.750000,15.250000,-175.500000
39273.480607,-4.937500,15.000000,-174.687500
39273.572587,-4.937500,15.312500,-173.937500
39273.672593,-5.125000,14.875000,-174.250000
39273.779710,-4.687500,14.875000,-173.812500
39273.880784,-4.875000,14.937500,-173.750000
39273.982591,-4.750000,14.937500,-173.437500
39274.079759,-4.625000,15.062500,-172.875000
39274.180436,-5.250000,15.312500,-173.375000
39274.280168,-4.875000,15.500000,-173.687500
39274.382981,-5.437500,15.750000,-173.687500
39274.480668,-5.875000,15.750000,-173.875000
39274.582139,-5.375000,15.437500,-173.375000
39274.685716,-5.875000,15.500000,-173.312500
39274.784379,-6.062500,15.562500,-173.062500
39274.892625,-5.625000,16.125000,-173.062500
39274.981797,-5.687500,16.312500,-173.312500
39275.081956,-5.375000,16.000000,-173.375000
39275.182511,-4.875000,15.625000,-173.562500
39275.281999,-4.812500,15.562500,-173.500000
39275.382066,-4.875000,15.062500,-173.125000
39275.482133,-4.625000,15.062500,-172.562500
39275.582230,-4.437500,15.187500,-172.125000
39275.684709,-4.812500,14.875000,-172.187500
39275.800584,-4.312500,14.937500,-172.437500
39275.886887,-4.937500,14.437500,-172.500000
39275.987077,-5.250000,14.187500,-172.312500
39276.087571,-5.500000,14.187500,-171.875000
39276.192704,-6.187500,14.437500,-171.750000
39276.291642,-5.875000,14.500000,-171.250000
39276.389756,-6.187500,14.187500,-171.437500
39276.489884,-6.312500,14.312500,-171.312500
39276.590165,-6.062500,14.062500,-170.875000
39276.691605,-6.125000,13.937500,-171.250000
39276.790666,-5.500000,14.437500,-170.750000
39276.890824,-5.062500,14.187500,-171.187500
39276.991197,-5.375000,14.437500,-171.187500
39277.092454,-5.250000,14.750000,-171.000000
39277.202714,-5.312500,14.937500,-171.500000
39277.299668,-5.562500,14.937500,-171.250000
39277.399827,-5.625000,15.000000,-171.875000
39277.503648,-5.937500,15.125000,-172.187500
39277.603654,-6.062500,14.562500,-172.062500
39277.712571,-5.562500,14.250000,-172.562500
39277.810655,-5.500000,14.062500,-172.625000
39277.910569,-5.312500,14.125000,-172.875000
39278.010667,-5.062500,14.625000,-173.187500
39278.110825,-5.312500,14.937500,-173.437500
39278.210618,-4.750000,14.812500,-173.562500
39278.310807,-4.250000,14.875000,-173.625000
39278.411729,-4.500000,15.062500,-173.437500
39278.512589,-4.187500,15.062500,-173.875000
39278.617448,-4.437500,14.437500,-173.625000
39278.730668,-4.250000,14.562500,-173.812500
39278.819199,-3.562500,14.312500,-174.375000
39278.921616,-3.687500,14.312500,-174.125000
39279.017472,-3.937500,15.187500,-174.625000
39279.117539,-4.187500,15.062500,-174.750000
39279.218064,-4.750000,14.937500,-174.625000
39279.318650,-4.875000,15.062500,-174.750000
39279.422776,-4.750000,14.937500,-174.750000
39279.518907,-4.875000,15.250000,-174.437500
39279.622666,-5.250000,15.312500,-174.687500
39279.719102,-5.125000,15.312500,-174.250000
39279.819474,-5.687500,15.562500,-173.500000
39279.919785,-5.375000,15.687500,-173.500000
39280.022263,-4.750000,15.375000,-173.125000
39280.120713,-4.625000,14.937500,-173.000000
39280.221299,-3.750000,14.250000,-173.437500
39280.321519,-3.562500,14.187500,-173.375000
39280.422440,-3.750000,14.250000,-173.437500
39280.522386,-4.375000,14.875000,-173.687500
39280.621964,-5.312500,15.062500,-173.125000
39280.722703,-6.062500,14.187500,-172.625000
39280.825608,-6.187500,14.312500,-172.312500
39280.929521,-6.562500,13.937500,-171.375000
39281.032609,-6.625000,14.062500,-171.437500
39281.130631,-7.250000,14.125000,-171.687500
39281.230943,-7.937500,14.125000,-171.375000
39281.331376,-8.062500,13.937500,-172.187500
39281.439469,-7.687500,13.562500,-172.562500
39281.542741,-6.750000,14.062500,-172.625000
39281.639756,-5.187500,14.375000,-173.250000
39281.739915,-4.000000,14.312500,-173.375000
39281.840226,-3.875000,14.750000,-173.187500
39281.942643,-4.250000,14.312500,-173.375000
39282.040696,-4.687500,14.000000,-173.062500
39282.141343,-5.375000,14.000000,-173.375000
39282.242753,-5.125000,13.812500,-173.562500
39282.341111,-4.750000,14.125000,-174.187500
39282.445939,-5.062500,13.750000,-174.812500
39282.546006,-4.875000,14.000000,-175.312500
39282.646104,-5.250000,13.875000,-175.562500
39282.746446,-5.750000,13.500000,-175.375000
39282.849809,-6.562500,13.000000,-175.437500
39282.948960,-7.375000,12.000000,-175.625000
39283.049180,-8.562500,11.062500,-175.937500
39283.149796,-9.875000,9.875000,-176.312500
39283.249894,-11.062500,8.875000,-176.250000
39283.349564,-12.500000,7.750000,-175.687500
39283.449998,-13.187500,6.750000,-175.562500
39283.549699,-13.312500,7.000000,-175.687500
39283.649857,-13.250000,7.500000,-175.312500
39283.749925,-12.937500,8.500000,-174.312500
39283.850541,-12.937500,9.937500,-173.000000
39283.950974,-12.312500,10.812500,-170.750000
39284.050675,-11.562500,12.312500,-169.187500
39284.151109,-10.187500,13.437500,-168.312500
39284.252641,-8.375000,14.687500,-167.625000
39284.351640,-7.062500,15.562500,-168.437500
39284.456986,-6.625000,15.812500,-168.875000
39284.553574,-5.812500,16.250000,-169.312500
39284.653764,-5.437500,15.875000,-169.937500
39284.759843,-5.437500,15.187500,-170.062500
39284.856156,-4.625000,15.500000,-170.937500
39284.956345,-4.562500,15.562500,-171.312500
39285.056474,-4.062500,15.250000,-172.250000
39285.156907,-3.187500,15.500000,-172.687500
39285.262620,-2.937500,14.687500,-172.562500
39285.356736,-2.500000,14.250000,-173.312500
39285.456742,-2.312500,14.625000,-172.937500
39285.556504,-2.250000,14.687500,-172.437500
39285.656876,-2.187500,14.562500,-172.187500
39285.762345,-2.187500,14.750000,-171.875000
39285.857072,-2.437500,14.437500,-172.187500
39285.957108,-2.875000,14.875000,-171.875000
39286.056840,-2.937500,15.625000,-171.687500
39286.156907,-3.187500,15.750000,-171.500000
39286.256974,-2.875000,16.125000,-170.562500
39286.357377,-3.187500,15.750000,-171.250000
39286.457627,-3.125000,15.687500,-171.625000
39286.557664,-2.875000,16.000000,-171.625000
39286.680619,-3.375000,16.062500,-171.375000
39286.758256,-3.500000,16.312500,-171.375000
39286.858842,-3.437500,15.875000,-170.875000
39286.959153,-3.750000,15.500000,-170.500000
39287.062577,-4.000000,15.812500,-171.312500
39287.159440,-3.437500,15.562500,-170.750000
39287.259599,-3.312500,15.625000,-171.125000
39287.359727,-3.312500,15.062500,-171.812500
39287.459916,-3.250000,14.875000,-172.062500
39287.561631,-3.750000,14.687500,-172.375000
39287.660874,-4.625000,14.937500,-172.125000
39287.761094,-4.562500,15.312500,-171.750000
39287.861466,-4.187500,14.812500,-171.687500
39287.961961,-4.062500,15.062500,-171.375000
39288.064805,-3.562500,15.000000,-171.750000
39288.161393,-3.812500,15.312500,-171.750000
39288.261979,-4.250000,15.562500,-171.187500
39288.361619,-4.437500,15.187500,-171.687500
39288.469315,-4.187500,14.812500,-171.500000
39288.569627,-4.500000,14.937500,-171.812500
39288.669724,-4.625000,14.937500,-171.937500
39288.769914,-4.250000,14.750000,-171.437500
39288.870133,-5.125000,15.000000,-171.187500
39288.972550,-4.687500,14.875000,-170.750000
39289.070695,-4.312500,14.500000,-170.687500
39289.172624,-4.375000,14.625000,-171.500000
39289.272386,-4.437500,14.687500,-171.687500
39289.372819,-4.437500,14.250000,-171.562500
39289.480607,-4.750000,14.812500,-171.687500
39289.572892,-4.937500,15.000000,-171.312500
39289.673966,-5.062500,14.812500,-171.562500
39289.774857,-5.437500,14.937500,-172.000000
39289.879380,-5.500000,14.312500,-172.187500
39289.981278,-5.687500,14.750000,-172.062500
39290.079209,-5.250000,14.750000,-171.875000
39290.180222,-5.187500,14.937500,-172.125000
39290.280656,-4.687500,14.875000,-172.187500
39290.380387,-5.000000,14.250000,-172.250000
39290.482224,-5.125000,14.187500,-172.500000
39290.581529,-4.875000,14.125000,-172.250000
39290.682542,-5.125000,14.437500,-172.500000
39290.782731,-4.687500,14.625000,-171.875000
39290.882127,-4.687500,14.750000,-172.062500
39290.984055,-5.062500,14.187500,-172.062500
39291.082505,-5.312500,14.125000,-172.000000
39291.182542,-4.937500,14.437500,-172.500000
39291.289445,-4.937500,14.562500,-172.312500
39291.400590,-4.750000,14.812500,-172.125000
39291.489854,-5.000000,15.500000,-171.687500
39291.590562,-4.937500,15.187500,-171.625000
39291.690263,-4.687500,15.000000,-171.312500
39291.799821,-4.750000,15.375000,-171.687500
39291.890611,-4.250000,14.625000,-171.937500
39291.991197,-4.937500,14.875000,-172.062500
39292.091447,-5.937500,14.750000,-171.875000
39292.191789,-5.937500,14.437500,-171.437500
39292.300584,-6.000000,14.812500,-171.125000
39292.392625,-5.687500,14.750000,-170.562500
39292.492661,-5.187500,15.187500,-170.687500
39292.592729,-5.187500,15.750000,-171.125000
39292.699357,-5.187500,15.750000,-171.562500
39292.804551,-5.125000,16.000000,-171.500000
39292.900010,-5.125000,15.562500,-171.062500
39292.999894,-5.375000,15.562500,-171.062500
39293.100144,-5.625000,15.437500,-170.625000
39293.201737,-5.750000,14.937500,-170.687500
39293.300584,-6.312500,15.375000,-171.125000
39293.401261,-6.375000,15.000000,-170.750000
39293.502976,-6.312500,15.062500,-170.500000
39293.608293,-6.500000,15.000000,-170.750000
39293.704881,-6.000000,14.937500,-170.812500
39293.804887,-5.875000,14.937500,-170.937500
39293.904649,-6.062500,15.312500,-171.437500
39294.005052,-6.562500,15.812500,-171.562500
39294.105149,-6.687500,15.500000,-171.375000
39294.209336,-6.500000,15.687500,-171.312500
39294.309129,-6.500000,15.437500,-170.875000
39294.409196,-5.812500,15.437500,-170.750000
39294.509721,-5.562500,15.750000,-171.125000
39294.611100,-5.500000,15.562500,-170.875000
39294.710923,-5.875000,15.250000,-171.375000
39294.811082,-6.000000,15.375000,-172.000000
39294.911271,-6.187500,15.187500,-171.750000
39295.011338,-6.062500,14.750000,-172.187500
39295.122300,-5.687500,14.500000,-171.812500
39295.215012,-6.187500,14.187500,-171.187500
39295.315080,-6.000000,14.250000,-170.812500
39295.414903,-6.500000,14.562500,-170.625000
39295.514970,-6.375000,15.000000,-170.750000
39295.630601,-5.625000,15.000000,-170.750000
39295.715287,-5.937500,14.750000,-170.875000
39295.815720,-5.812500,14.875000,-170.562500
39295.915574,-6.250000,14.812500,-169.937500
39296.022691,-6.750000,15.187500,-169.687500
39296.116074,-6.437500,15.375000,-169.937500
39296.216172,-6.187500,15.187500,-170.000000
39296.316361,-5.875000,15.375000,-170.812500
39296.416856,-5.500000,15.000000,-171.437500
39296.521714,-5.625000,15.000000,-171.312500
39296.619737,-5.500000,15.312500,-171.187500
39296.719621,-5.437500,15.187500,-170.812500
39296.819993,-5.687500,15.500000,-170.500000
39296.919694,-5.812500,15.437500,-171.000000
39297.022508,-5.812500,15.000000,-171.187500
39297.120500,-6.500000,15.000000,-171.625000
39297.221055,-6.500000,14.625000,-171.437500
39297.321336,-6.562500,14.500000,-171.375000
39297.422410,-6.687500,14.937500,-171.500000
39297.522538,-5.500000,15.000000,-171.187500
39297.622575,-5.437500,14.937500,-171.062500
39297.722642,-5.687500,14.625000,-170.812500
39297.826554,-6.000000,14.500000,-170.687500
39297.932755,-6.625000,14.437500,-170.312500
39298.023881,-6.500000,14.562500,-170.312500
39298.123948,-6.062500,15.312500,-170.437500
39298.224076,-6.500000,15.687500,-170.875000
39298.329484,-6.375000,15.000000,-171.437500
39298.440965,-6.187500,15.000000,-171.875000
39298.529862,-6.437500,14.500000,-172.250000
39298.629899,-6.125000,14.375000,-171.812500
39298.730302,-6.187500,15.312500,-171.437500
39298.831712,-6.812500,15.625000,-170.937500
39298.930741,-6.875000,15.812500,-169.875000
39299.031236,-6.562500,15.750000,-169.937500
39299.132584,-6.812500,16.062500,-170.375000
39299.231828,-6.687500,15.937500,-170.500000
39299.340592,-6.625000,16.000000,-171.437500
39299.432572,-6.750000,16.000000,-171.187500
39299.535722,-6.562500,15.500000,-171.125000
39299.633134,-5.937500,15.812500,-170.750000
39299.733231,-5.875000,16.062500,-170.812500
39299.833329,-5.812500,16.000000,-171.062500
39299.933762,-5.687500,15.750000,-170.687500
39300.033524,-6.000000,15.625000,-170.687500
39300.133561,-5.937500,15.812500,-170.125000
39300.233598,-5.937500,15.437500,-170.000000
39300.333726,-6.125000,15.375000,-170.062500
39300.433762,-6.250000,15.062500,-170.937500
39300.534898,-6.812500,14.375000,-170.375000
39300.635087,-7.000000,14.937500,-170.375000
39300.749711,-6.875000,15.312500,-170.312500
39300.836228,-7.062500,15.000000,-169.687500
39300.936082,-6.375000,14.937500,-170.625000
39301.036759,-6.312500,14.750000,-170.125000
39301.141770,-6.000000,14.500000,-169.750000
39301.240281,-6.375000,14.937500,-169.937500
39301.340531,-6.375000,15.062500,-169.062500
39301.440690,-6.500000,15.312500,-169.125000
39301.541398,-6.625000,15.312500,-170.000000
39301.652024,-6.000000,15.375000,-169.687500
39301.749375,-6.187500,15.687500,-170.187500
39301.849809,-5.812500,15.562500,-170.437500
39301.949906,-5.937500,15.437500,-170.187500
39302.049760,-5.812500,15.687500,-170.000000
39302.149857,-6.250000,15.750000,-170.062500
39302.249894,-6.250000,16.312500,-170.062500
39302.350388,-6.500000,16.812500,-170.312500
39302.450883,-6.625000,16.250000,-171.187500
39302.550675,-6.062500,16.125000,-171.750000
39302.650834,-6.312500,15.687500,-172.187500
39302.751115,-6.437500,15.625000,-171.937500
39302.857377,-6.437500,15.062500,-171.937500
39302.960252,-6.000000,14.937500,-171.937500
39303.061662,-5.937500,14.875000,-171.875000
39303.159593,-5.812500,14.312500,-172.187500
39303.259721,-6.062500,14.875000,-171.875000
39303.359971,-6.875000,15.500000,-171.687500
39303.460160,-6.687500,15.250000,-171.937500
39303.561753,-5.937500,16.000000,-172.312500
39303.660691,-6.125000,16.062500,-172.375000
39303.764604,-5.812500,15.687500,-171.875000
39303.864060,-6.500000,16.000000,-171.625000
39303.962754,-7.375000,15.750000,-171.125000
39304.070603,-7.187500,16.000000,-171.312500
39304.162614,-6.812500,15.875000,-171.375000
39304.262620,-6.375000,15.687500,-171.312500
39304.362657,-5.625000,15.312500,-171.312500
39304.473527,-6.062500,14.875000,-171.187500
39304.564073,-6.250000,14.375000,-171.375000
39304.664323,-6.250000,14.687500,-171.375000
39304.767167,-6.750000,14.875000,-171.750000
39304.863938,-5.875000,14.812500,-172.000000
39304.970292,-6.187500,15.437500,-172.500000
39305.064103,-6.250000,15.187500,-172.875000
39305.164506,-5.937500,15.250000,-172.750000
39305.264237,-6.187500,15.687500,-172.625000
39305.364304,-5.750000,15.562500,-172.000000
39305.464402,-5.375000,15.812500,-172.312500
39305.564469,-6.125000,15.625000,-172.375000
39305.664872,-5.812500,15.437500,-172.937500
39305.764756,-5.812500,15.562500,-173.375000
39305.864793,-6.187500,15.125000,-173.187500
39305.965074,-5.625000,15.312500,-172.625000
39306.064958,-5.687500,15.187500,-172.437500
39306.165391,-5.937500,15.125000,-172.812500
39306.265428,-5.937500,15.437500,-172.937500
39306.369737,-6.062500,15.125000,-173.187500
39306.466477,-6.312500,15.687500,-173.187500
39306.565843,-6.250000,15.500000,-172.125000
39306.666001,-6.562500,15.062500,-171.687500
39306.771562,-6.687500,15.500000,-171.562500
39306.870530,-6.750000,15.125000,-171.312500
39306.970902,-6.562500,15.187500,-171.562500
39307.071092,-6.500000,15.562500,-171.437500
39307.172471,-6.375000,15.562500,-171.312500
39307.282304,-6.500000,15.562500,-171.000000
39307.380204,-6.812500,15.062500,-171.687500
39307.479752,-7.000000,14.687500,-171.812500
39307.579942,-7.187500,14.187500,-171.750000
39307.680131,-7.000000,14.125000,-171.812500
39307.780259,-7.187500,14.437500,-171.750000
39307.880601,-7.187500,14.625000,-172.062500
39307.981278,-7.312500,14.625000,-172.500000
39308.084519,-7.562500,14.375000,-172.125000
39308.189347,-7.312500,14.187500,-171.750000
39308.292588,-7.250000,14.250000,-171.125000
39308.390153,-7.062500,14.875000,-171.000000
39308.494309,-7.375000,15.250000,-171.500000
39308.593705,-6.812500,15.250000,-171.812500
39308.698472,-6.875000,15.187500,-171.750000
39308.810655,-6.812500,14.937500,-171.687500
39308.898911,-6.187500,14.875000,-171.312500
39308.998856,-6.562500,15.187500,-170.937500
39309.099015,-6.062500,15.562500,-171.187500
39309.203660,-5.937500,15.687500,-170.875000
39309.299241,-5.812500,15.437500,-170.750000
39309.399522,-6.125000,15.375000,-170.375000
39309.499680,-6.437500,15.062500,-170.500000
39309.600663,-6.750000,14.562500,-170.750000
39309.733567,-6.687500,14.812500,-171.250000
39309.800797,-6.250000,14.375000,-171.500000
39309.900651,-6.437500,14.500000,-171.500000
39310.002793,-6.187500,14.750000,-171.625000
39310.101670,-6.562500,14.687500,-171.687500
39310.203324,-6.375000,14.625000,-171.750000
39310.301377,-5.937500,14.750000,-172.062500
39310.401658,-5.687500,14.437500,-172.187500
39310.501450,-6.125000,14.375000,-172.562500
39310.601975,-6.562500,14.375000,-173.000000
39310.703599,-6.937500,13.937500,-173.250000
39310.802537,-7.562500,13.187500,-173.625000
39310.901994,-7.687500,12.812500,-173.437500
39311.002488,-7.812500,13.000000,-173.250000
39311.105149,-7.750000,12.187500,-173.375000
39311.202592,-7.250000,12.875000,-173.312500
39311.302842,-6.500000,12.625000,-173.375000
39311.402482,-6.687500,12.312500,-173.875000
39311.502793,-6.562500,12.562500,-174.187500
39311.602891,-6.250000,12.500000,-174.250000
39311.703446,-6.250000,12.500000,-174.375000
39311.803330,-5.812500,12.750000,-174.250000
39311.902757,-5.875000,13.000000,-174.312500
39312.020585,-6.437500,13.000000,-174.000000
39312.104722,-6.687500,13.125000,-174.187500
39312.203782,-6.625000,12.875000,-174.062500
39312.304551,-6.562500,13.125000,-174.000000
39312.409379,-6.312500,13.750000,-174.375000
39312.520585,-6.750000,13.625000,-174.500000
39312.610764,-7.062500,13.750000,-174.375000
39312.710557,-7.812500,13.812500,-174.000000
39312.810960,-8.437500,13.187500,-173.812500
39312.911118,-8.562500,13.625000,-174.062500
39313.014115,-9.000000,13.437500,-173.750000
39313.113786,-8.562500,12.750000,-173.500000
39313.214890,-7.625000,12.312500,-173.812500
39313.315049,-7.375000,12.125000,-173.562500
39313.421678,-7.250000,12.562500,-173.750000
39313.519792,-7.562500,12.687500,-174.312500
39313.620438,-8.500000,13.125000,-174.312500
39313.720475,-8.437500,12.500000,-173.812500
39313.820603,-8.125000,11.625000,-173.937500
39313.921647,-7.687500,12.000000,-174.187500
39314.022508,-6.750000,12.187500,-174.812500
39314.122453,-6.062500,12.500000,-175.500000
39314.222459,-5.187500,13.000000,-176.312500
39314.329362,-4.937500,12.625000,-176.562500
39314.440598,-5.250000,11.812500,-176.562500
39314.529771,-4.500000,12.062500,-177.000000
39314.629899,-4.687500,12.375000,-177.125000
39314.729997,-4.250000,12.937500,-177.125000
39314.832688,-3.187500,13.687500,-176.625000
39314.931291,-3.375000,14.500000,-175.750000
39315.032456,-2.750000,14.437500,-175.250000
39315.131852,-2.562500,14.562500,-174.250000
39315.231553,-3.000000,15.000000,-173.937500
39315.331620,-3.562500,14.312500,-173.500000
39315.431992,-4.687500,14.562500,-173.187500
39315.531724,-4.812500,15.000000,-173.375000
39315.631425,-5.187500,15.187500,-173.000000
39315.733476,-5.187500,15.500000,-173.000000
39315.831681,-5.312500,15.750000,-173.125000
39315.931962,-5.875000,15.375000,-172.687500
39316.032243,-5.562500,14.937500,-173.000000
39316.133561,-6.187500,15.312500,-172.812500
39316.242783,-6.125000,15.375000,-172.437500
39316.339890,-6.062500,15.437500,-172.750000
39316.439897,-6.812500,15.937500,-172.812500
39316.540421,-6.500000,16.000000,-173.187500
39316.639939,-6.750000,15.875000,-173.375000
39316.741654,-6.812500,16.062500,-173.562500
39316.840562,-6.687500,16.312500,-173.000000
39316.940537,-6.875000,16.250000,-173.375000
39317.040727,-7.125000,16.312500,-173.125000
39317.141648,-7.250000,16.750000,-173.312500
39317.241319,-7.500000,16.187500,-173.875000
39317.342393,-8.375000,16.062500,-173.562500
39317.442491,-8.062500,15.625000,-173.875000
39317.542436,-7.750000,15.687500,-172.937500
39317.651536,-7.312500,15.250000,-172.750000
39317.749284,-6.500000,15.437500,-172.750000
39317.849809,-6.312500,15.562500,-172.187500
39317.950578,-6.625000,15.000000,-172.625000
39318.050645,-6.687500,15.375000,-172.687500
39318.162339,-6.437500,15.500000,-172.250000
39318.259660,-6.625000,15.437500,-172.187500
39318.359757,-6.375000,15.437500,-172.062500
39318.460130,-6.812500,15.500000,-171.562500
39318.560227,-6.875000,14.750000,-171.875000
39318.661637,-6.625000,15.000000,-172.312500
39318.761338,-6.875000,14.437500,-172.187500
39318.867051,-6.562500,14.812500,-172.562500
39318.966081,-6.812500,15.375000,-173.000000
39319.066087,-6.875000,15.125000,-172.937500
39319.180558,-7.125000,15.500000,-173.562500
39319.266404,-6.687500,14.937500,-173.437500
39319.366410,-6.312500,14.875000,-172.750000
39319.466691,-6.562500,15.187500,-173.125000
39319.572678,-6.062500,15.562500,-172.500000
39319.666917,-6.125000,15.875000,-172.562500
39319.766984,-6.375000,15.562500,-172.625000
39319.867967,-6.125000,15.062500,-172.000000
39319.967362,-6.062500,15.125000,-171.937500
39320.080552,-6.312500,15.125000,-172.062500
39320.168015,-6.125000,15.500000,-172.125000
39320.268052,-6.125000,15.625000,-172.875000
39320.367783,-6.125000,15.500000,-172.687500
39320.468156,-6.187500,15.312500,-172.625000
39320.568528,-6.437500,15.375000,-172.562500
39320.668687,-6.125000,15.250000,-172.250000
39320.768449,-6.187500,15.437500,-172.625000
39320.869187,-5.875000,15.187500,-172.250000
39320.970231,-5.687500,15.437500,-172.187500
39321.070298,-6.312500,15.500000,-171.562500
39321.170396,-6.375000,15.125000,-171.875000
39321.270249,-6.562500,15.375000,-171.812500
39321.370316,-6.250000,15.062500,-171.937500
39321.474473,-6.062500,15.125000,-172.187500
39321.572129,-5.812500,15.312500,-171.875000
39321.672410,-5.187500,15.625000,-172.125000
39321.771867,-5.187500,15.625000,-172.375000
39321.871232,-4.125000,15.812500,-173.187500
39321.971665,-3.375000,15.625000,-173.875000
39322.071702,-2.500000,15.187500,-174.750000
39322.172044,-1.125000,14.687500,-175.437500
39322.271592,-0.875000,14.937500,-176.000000
39322.371903,-0.625000,14.750000,-177.000000
39322.472825,-0.625000,15.562500,-176.562500
39322.572709,-1.187500,15.875000,-176.375000
39322.673600,-0.187500,15.562500,-177.125000
39322.779557,0.562500,15.625000,-177.375000
39322.883744,0.250000,14.125000,-179.562500
39322.979295,-1.812500,12.000000,-179.812500
39323.079850,-4.250000,7.312500,-180.500000
39323.179887,-7.500000,1.375000,-181.000000
39323.279710,-6.250000,-7.875000,-181.250000
39323.379777,0.375000,-17.750000,-181.687500
39323.479875,10.500000,-24.812500,-180.312500
39323.583024,6.875000,-21.062500,-21.375000
39323.682908,15.437500,-18.375000,-22.250000
39323.791795,20.625000,-12.875000,-23.000000
39323.886338,22.750000,-7.687500,-23.437500
39323.984025,23.750000,-2.500000,-22.937500
39324.084184,23.062500,2.000000,-23.500000
39324.189347,21.562500,5.750000,-23.062500
39324.292619,19.687500,9.187500,-24.312500
39324.389787,17.937500,10.687500,-25.937500
39324.489884,17.500000,10.125000,-25.812500
39324.589982,16.875000,10.187500,-26.312500
39324.691728,16.937500,10.250000,-26.250000
39324.790818,16.875000,10.187500,-26.187500
39324.890824,16.875000,10.750000,-26.187500
39324.990891,17.000000,10.750000,-26.312500
