151090.050981,1.233892,-0.968011,0.595515
151090.068648,1.503997,-0.861555,0.585132
151090.077743,1.487231,-0.818330,0.671598
151090.095590,1.038180,-1.123645,0.826295
151090.113432,0.938353,-1.170758,0.891935
151090.131275,1.210875,-0.790642,0.778755
151090.149118,1.168833,-0.384664,0.581986
151090.166787,0.861433,0.034268,0.511797
151090.184809,0.774635,0.426864,0.597266
151090.202602,0.892205,0.465523,0.611864
151090.220325,0.974236,0.032303,0.601735
151090.238338,1.032065,-0.399092,0.558075
151090.256182,0.858086,-0.944627,0.459393
151090.273848,0.772243,-1.089389,0.221801
151090.291870,0.701058,-0.738802,0.136782
151090.309716,0.459491,-0.283897,0.289533
151090.327559,0.288834,0.076555,0.310228
151090.345226,0.295553,0.317152,0.253419
151090.363075,0.340418,0.277655,0.313169
151090.381097,0.834136,0.596397,-0.043423
151090.398940,0.450506,0.765096,-0.108398
151090.416776,-0.393328,0.260782,0.290037
151090.434587,0.024540,1.167687,0.173352
151090.452289,-0.240497,0.969051,-0.162670
151090.470157,-0.671231,0.811537,-0.454407
151090.487975,-0.713637,0.690820,-0.547493
151090.505822,-0.925788,0.348699,-0.349791
151090.523841,-0.890892,-0.026143,-0.147185
151090.541685,-1.019367,0.241478,-0.276057
151090.559350,-1.041147,0.741735,-0.616828
151090.577373,-0.629378,0.710735,-0.716699
151090.595217,-0.669096,0.495278,-0.810205
151090.613071,-1.107815,0.226257,-0.932403
151090.630904,-1.398169,-0.163330,-0.736860
151090.648748,-1.332478,-0.349500,-0.492327
151090.666553,-0.893300,-0.057016,-0.417608
151090.684436,-0.256623,0.465642,-0.337752
151090.702280,-0.097597,0.844728,-0.332083
151090.720146,-0.518850,0.683445,-0.365524
151090.737968,-0.878640,0.500462,-0.249527
151090.755958,-1.166558,0.688057,-0.167216
151090.773781,-0.927906,0.376883,0.109619
151090.791500,-0.436964,0.216541,0.299410
151090.809344,-0.528396,0.069061,0.086405
151090.827009,-0.260391,0.011689,-0.204670
151090.844855,1.032969,0.561199,-0.179931
151090.862710,0.690100,0.635886,0.022017
151090.880552,0.179625,-1.288701,0.319151
151090.898567,1.452050,0.144924,0.159553
151090.916409,1.318629,0.591918,0.233920
151090.934277,0.734810,-0.002267,0.269755
151090.952095,0.948299,0.487803,0.206401
151090.969939,0.633578,-0.332421,0.423082
151090.987760,0.246869,-1.059401,0.606147
151091.005576,0.170624,-1.301350,0.785895
151091.023470,0.274050,-1.440793,0.850507
151091.041143,0.641904,-1.138020,0.572642
151091.059159,0.861016,-0.472921,0.009193
151091.077007,0.759247,-0.337564,-0.022157
151091.094848,0.784243,-0.121564,0.123147
151091.112693,0.749964,-0.005653,0.248774
151091.130537,0.747555,-0.236306,0.362784
151091.148201,0.904126,-0.455844,0.388324
151091.166224,1.267294,-0.561943,0.361106
151091.184067,1.069089,-0.398217,0.314936
151091.201789,0.607514,-0.303638,0.433624
151091.219757,0.702055,0.027204,0.485438
151091.237602,0.815449,0.395168,0.449568
151091.255267,0.577709,0.448440,0.262449
151091.273290,0.447161,0.472052,0.008627
151091.291132,0.013325,-0.323119,0.200297
151091.308844,0.114546,-0.541539,0.170994
151091.326819,0.508106,0.200163,-0.288424
151091.344487,0.159789,0.275808,-0.484494
151091.362328,-0.539534,0.404596,-0.644978
151091.380358,-0.562938,0.554987,-0.670223
151091.398018,-0.624808,0.445397,-0.361435
151091.415865,-1.102683,0.028195,-0.085601
151091.433884,-1.236171,0.138354,-0.185991
151091.451730,-1.169668,0.464307,-0.449762
151091.469574,-0.568136,0.598504,-0.692414
151091.487419,-0.729090,0.750727,-0.621184
151091.505262,-1.010746,0.691849,-0.662589
151091.523132,-1.198049,0.085642,-0.622351
151091.540947,-1.308971,-0.612459,-0.227050
151091.558791,-0.861747,-0.287441,-0.250140
151091.576636,-1.075743,0.309394,-0.389419
151091.594480,-0.803327,0.942934,-0.447833
151091.612326,-0.595250,0.759589,-0.292173
151091.630169,-0.500978,0.643836,-0.370292
151091.648014,-0.686991,0.618361,-0.439480
151091.665858,-0.837670,0.143454,-0.205764
151091.683523,-1.148293,-0.177903,0.173393
151091.701548,-1.524413,-0.234386,0.254821
151091.719389,-1.878208,-0.017046,0.213858
151091.737407,-1.437157,0.087303,-0.054629
151091.755076,0.006042,0.351331,-0.252405
151091.772923,0.602543,0.652036,-0.648189
151091.790587,0.802665,-0.362395,-0.064559
151091.808609,1.083138,-0.837904,0.365803
151091.826454,1.752970,0.118613,0.113222
151091.844119,1.570952,0.561143,0.017685
151091.862002,0.809159,-0.063013,-0.123268
151091.879987,1.041294,-0.115495,0.261588
151091.897836,0.912972,-0.647830,0.727344
151091.915675,0.594958,-1.095517,1.055579
151091.933519,0.645712,-1.034681,1.223529
151091.951186,0.573144,-0.943121,0.973553
151091.969207,0.935825,-0.281268,0.492861
151091.987052,0.875022,0.186857,0.067939
151092.005000,0.530687,0.053987,0.111456
151092.022736,0.704877,0.237062,0.483268
151092.040584,0.919508,0.264618,0.562664
151092.058426,0.751358,-0.026286,0.432318
151092.076269,0.588707,-0.329910,0.267021
151092.094116,0.685270,-0.573490,0.238138
151092.111957,0.703167,-0.696812,0.301247
151092.129804,0.587584,-0.622808,0.372946
151092.147648,0.559075,-0.304684,0.276186
151092.165491,0.573517,-0.119774,0.336389
151092.183336,0.579925,0.006347,0.402129
151092.201328,0.344935,0.068720,0.331500
151092.219017,0.186578,0.057140,0.118372
151092.236868,0.493639,-0.016024,0.075598
151092.254710,0.587044,0.398557,-0.108572
151092.272377,0.255254,0.569879,-0.460996
151092.290397,-0.371444,0.303646,-0.615685
151092.308242,-0.607285,0.437459,-0.817613
151092.325910,-0.506496,0.415404,-0.743232
151092.343755,-0.844647,0.114811,-0.462563
151092.361598,-1.285956,0.034630,-0.206931
151092.379443,-1.379760,0.252792,-0.329599
151092.397469,-0.962716,0.355130,-0.531617
151092.415308,-0.776859,0.343823,-0.656381
151092.432978,-0.853046,0.447320,-0.734217
151092.450996,-1.052673,0.397371,-0.763491
151092.468839,-1.042879,-0.022589,-0.498224
151092.486676,-1.043144,-0.095292,-0.362030
151092.504528,-0.814464,0.050721,-0.354261
151092.522243,-0.550124,0.425880,-0.285972
151092.540215,-0.430691,0.557066,-0.285814
151092.558059,-0.246604,0.547528,-0.366043
151092.575903,-0.354733,0.383361,-0.328799
151092.593747,-0.676948,0.459911,-0.265044
151092.611591,-1.165881,0.240417,-0.141434
151092.629437,-1.770856,-0.015853,0.253168
151092.647282,-2.030036,-0.563487,0.085681
151092.665186,-0.452345,-0.515871,0.122231
151092.682969,1.030949,0.869307,-0.425086
151092.700816,0.938321,1.260633,-0.332292
151092.718545,0.147937,-0.894532,0.355719
151092.736500,1.135404,-0.244174,0.081717
151092.754345,1.504182,0.383682,0.211862
151092.772011,0.755106,-0.029993,0.271555
151092.790035,0.948489,-0.132580,0.153937
151092.807877,1.250623,-0.602460,0.433872
151092.825684,0.901037,-1.187817,0.676011
151092.843389,0.507772,-1.452889,0.927617
151092.861243,0.525933,-1.308744,0.902550
151092.879257,0.745113,-0.801583,0.565377
151092.897102,0.900456,-0.250050,0.170906
151092.914941,0.700291,-0.036514,0.080519
151092.932787,0.663816,0.213004,0.338784
151092.950459,0.810780,0.442909,0.467064
151092.968474,0.756931,0.371997,0.417433
151092.986321,0.628859,0.026132,0.340137
151093.004188,0.652093,-0.398899,0.285239
151093.022009,0.646515,-0.680033,0.241930
151093.039850,0.424776,-0.772224,0.407684
151093.057517,0.396412,-0.528430,0.476735
151093.075544,0.642919,0.065671,0.336535
151093.093383,0.667413,0.508265,0.067327
151093.111050,0.289404,0.386858,-0.005290
151093.129073,0.073729,0.079420,0.116815
151093.146922,0.170866,-0.088244,0.061844
151093.164582,0.321201,0.097915,-0.355039
151093.182608,0.233257,0.319751,-0.569008
151093.200447,-0.306621,0.437563,-0.615930
151093.218190,-0.555583,0.543897,-0.569145
151093.236136,-0.672783,0.562155,-0.455915
151093.253983,-1.119030,0.341256,-0.335675
151093.271849,-1.321662,0.193912,-0.261677
151093.289669,-1.294138,0.371595,-0.288099
151093.307514,-0.706391,0.626124,-0.554364
151093.325178,-0.400859,0.545058,-0.797629
151093.343024,-0.709321,0.559953,-0.871611
151093.360879,-0.916230,0.650015,-0.878100
151093.378714,-0.953227,0.140003,-0.585122
151093.396736,-1.099285,-0.085024,-0.385699
151093.414576,-1.144058,0.059477,-0.326031
151093.432421,-0.919432,0.263384,-0.340000
151093.450266,-0.701827,0.506612,-0.250233
151093.468111,-0.525432,0.572897,-0.179874
151093.485777,-0.378170,0.562464,-0.349452
151093.503798,-0.288430,0.637738,-0.451397
151093.521641,-0.628774,0.400488,-0.488927
151093.539311,-1.121808,-0.032345,-0.370682
151093.557329,-1.540233,-0.228865,-0.206184
151093.575175,-1.334702,-0.210035,-0.099946
151093.592841,-0.163555,-0.448637,0.079907
151093.610864,0.333769,0.222569,-0.273222
151093.628707,0.965376,0.251064,-0.599200
151093.646373,1.211810,-0.633475,0.105026
151093.664397,1.343774,-0.217530,0.310587
151093.682243,1.390699,-0.020176,0.492593
151093.699905,1.065103,-0.088277,0.360284
151093.717929,1.218846,-0.263114,0.363690
151093.735769,1.089817,-0.494602,0.504973
151093.753440,0.630771,-0.552044,0.771035
151093.771459,0.525170,-0.524109,1.040405
151093.789289,0.703958,-0.468563,1.022696
151093.806970,0.971947,-0.077748,0.667545
151093.824992,1.001610,0.529411,0.209393
151093.842658,0.649457,0.840753,0.051443
151093.860508,0.572083,1.145999,0.370387
151093.878527,0.665869,0.943295,0.669045
151093.896371,0.694373,0.790210,0.545931
151093.914038,0.489212,0.141247,0.398055
151093.932058,0.504152,-0.455858,0.388465
151093.949902,0.444689,-0.652532,0.331205
151093.967744,0.506822,-0.496714,0.226549
151093.985592,0.619417,-0.035906,0.155214
151094.003432,0.484899,0.497125,0.083897
151094.021101,0.322850,0.540622,-0.038576
151094.038950,0.168230,0.318443,-0.117245
151094.056967,-0.044480,0.232803,-0.244144
151094.074944,0.334424,0.374918,-0.361229
151094.092652,0.315514,0.843524,-0.586763
151094.110499,-0.149913,1.597040,-0.760543
151094.128337,-0.436382,2.235104,-1.068534
151094.146188,-1.178663,1.595709,-0.741332
151094.164030,-1.270140,1.261545,-0.396459
151094.181876,-1.310533,1.402725,-0.191003
151094.199719,-1.694962,1.447808,0.002246
151094.217562,-1.798661,1.500219,0.069678
151094.235406,-1.405469,1.783243,-0.096090
151094.253250,-0.859983,1.895346,-0.363407
151094.271096,-0.937632,1.730248,-0.440869
151094.288944,-1.079571,1.784400,-0.478785
151094.306784,-1.030698,1.616559,-0.418006
151094.324626,-1.575751,1.002109,-0.156257
151094.342294,-2.224978,0.971280,-0.077711
151094.360153,-2.201196,1.015349,-0.150304
151094.378160,-1.949149,1.270343,-0.142681
151094.396007,-1.593772,1.531723,0.045284
151094.413849,-1.602393,1.499840,0.014561
151094.431692,-1.669591,1.481889,-0.043447
151094.449537,-1.337019,1.360165,-0.055351
151094.467567,-0.778714,1.353957,-0.022134
151094.485229,-0.387645,1.452627,-0.041566
151094.503070,-0.432650,1.394198,0.037811
151094.520743,-0.796378,1.420830,0.004487
151094.538775,-0.890350,1.627220,-0.133378
151094.556600,-0.384989,1.742764,-0.122842
151094.574269,0.006315,1.725189,0.019777
151094.592291,-0.025691,1.925981,0.245681
151094.610134,-0.328821,1.631576,0.832150
151094.627801,0.192176,0.888943,0.559323
151094.645822,0.329479,0.337108,-0.732005
151094.663666,0.978280,0.080042,-0.218711
151094.681334,1.137325,0.176833,0.239305
151094.699356,0.400338,-0.171332,0.157744
151094.717201,0.113666,-0.509403,-0.145681
151094.735042,0.656323,-0.485560,0.139232
151094.752887,0.921342,-0.676479,0.464501
151094.770735,0.603403,-0.471467,0.265268
151094.788580,0.247526,-0.202993,0.171475
151094.806420,0.264427,-0.076784,0.310235
151094.824263,0.595497,0.059780,0.599203
151094.841936,0.648103,0.510772,0.651868
151094.859788,0.621556,0.976379,0.387857
151094.877798,0.542104,1.123844,0.255724
151094.895645,0.369310,1.382546,0.181804
151094.913612,0.230014,1.591734,0.201831
151094.931331,0.280634,1.509328,0.324584
151094.949172,0.150933,1.494865,0.383547
151094.967065,0.149251,1.575402,0.453992
151094.984863,0.047772,1.847909,0.391020
151095.002706,0.016348,1.884582,0.271975
151095.020374,0.026136,1.850856,0.111578
151095.038394,0.021502,1.859176,0.035160
151095.056237,-0.096838,1.697016,0.020462
151095.074081,-0.099762,1.533912,-0.059981
151095.091926,0.023826,1.344228,-0.095617
151095.109772,-0.062148,1.356036,-0.130629
151095.127612,-0.092977,1.138723,-0.182088
151095.145457,-0.162655,0.939279,-0.292673
151095.163302,-0.235889,0.749409,-0.400523
151095.181339,-0.180767,0.699541,-0.374373
151095.198992,-0.276243,1.086650,-0.404100
151095.216836,-0.824314,1.699157,-0.493964
151095.234502,-1.569501,1.378219,-0.213843
151095.252525,-1.308802,0.789898,0.565135
151095.270369,-0.721600,1.514299,0.895490
151095.288079,0.526586,2.877470,-0.359131
151095.306057,0.728167,3.264846,-0.363952
151095.323902,-0.156239,1.211885,0.677395
151095.341564,0.367630,2.335476,0.207407
151095.359421,0.124782,3.379937,-0.195221
151095.377438,-0.951633,3.962184,-0.045997
151095.395100,-1.767628,4.194752,-0.120279
151095.413122,-2.066811,2.966919,-0.082865
151095.430968,-1.754101,1.967808,-0.028011
151095.448808,-1.546499,2.080239,-0.094388
151095.466654,-1.471207,2.614690,-0.184802
151095.484322,-1.322323,3.237166,-0.339832
151095.502341,-1.280848,3.830980,-0.458385
151095.520186,-1.284123,3.952624,-0.494223
151095.538032,-1.566117,4.024294,-0.441384
151095.555697,-1.656937,4.303885,-0.417521
151095.573717,-1.621977,4.088035,-0.431268
151095.591565,-1.891298,3.278028,-0.276904
151095.609229,-1.968397,2.878015,-0.111916
151095.627251,-1.977684,2.558727,-0.001931
151095.645094,-1.964452,2.113878,0.074726
151095.663151,-1.619368,2.152713,0.149451
151095.680785,-1.359169,1.989524,0.215967
151095.698629,-1.217474,1.615310,0.330552
151095.716511,-0.877162,1.140359,0.363467
151095.734316,-0.621367,1.039017,0.383642
151095.752158,-0.604829,1.135832,0.315080
151095.770031,-0.473041,1.386019,0.206533
151095.787849,-0.359628,1.350001,0.245990
151095.805580,-0.362736,1.207309,0.330563
151095.823677,-0.443985,1.248938,0.387977
151095.841208,-0.142474,1.348660,0.415983
151095.859055,-0.363153,1.450259,0.446806
151095.877069,-0.347583,1.447820,0.109437
151095.894929,0.133844,1.326218,-0.473411
151095.912759,0.848754,0.806404,-0.311225
151095.930601,1.061825,-0.001330,0.402483
151095.948496,1.029472,-0.202795,0.417007
151095.966289,0.907264,0.309483,0.199311
151095.984136,0.787450,0.164360,0.167819
151096.002030,1.049227,-0.011197,0.259925
151096.019823,1.157294,-0.143388,0.318621
151096.037665,0.988364,-0.367894,0.407851
151096.055552,0.908341,-0.616763,0.570048
151096.073354,1.046715,-0.711610,0.771071
151096.091201,1.148907,-0.372859,0.603185
151096.109064,1.073611,-0.024015,0.390766
151096.126885,0.991127,0.173098,0.309575
151096.144731,0.817647,0.283021,0.409056
151096.162443,0.764687,0.080839,0.565516
151096.180419,0.978266,-0.005206,0.540052
151096.198265,0.898706,-0.079921,0.431982
151096.216300,0.791948,-0.305179,0.380837
151096.233952,0.846283,-0.673295,0.357632
151096.251798,0.821311,-0.830866,0.402001
151096.269640,0.663841,-0.635569,0.478295
151096.287486,0.582941,-0.263234,0.469256
151096.305329,0.641757,0.028611,0.329205
151096.322999,0.940839,0.050786,0.247269
151096.340844,0.950545,0.162825,0.290357
151096.358689,0.490590,0.257083,0.180385
151096.376532,0.477023,-0.195202,0.118141
151096.394603,0.370159,-0.247093,0.101994
151096.412394,-0.397501,-0.093189,-0.275865
151096.430237,-0.781428,-0.057956,-0.482148
151096.448082,-0.680706,0.450771,-0.628748
151096.465927,-0.994102,0.756195,-0.557871
151096.483771,-1.325603,0.754868,-0.411310
151096.501617,-1.443157,1.008936,-0.352627
151096.519461,-1.464141,1.167675,-0.459171
151096.537126,-0.741847,1.379133,-0.704548
151096.555148,-0.503785,1.267165,-0.855429
151096.572992,-0.790579,1.150129,-0.852936
151096.590658,-1.102920,0.897588,-0.755961
151096.608681,-1.171437,0.298746,-0.359700
151096.626382,-1.159777,0.081333,-0.255045
151096.644188,-1.134563,0.312780,-0.350287
151096.662061,-0.857216,0.630559,-0.299717
151096.679912,-0.615231,0.938734,-0.233689
151096.697756,-0.451509,0.939023,-0.238400
151096.715564,-0.223884,0.845932,-0.280023
151096.733444,0.016074,0.685273,-0.130797
151096.751289,-0.040180,0.247346,0.160519
151096.769096,-0.379059,0.224871,0.196358
151096.786975,-1.143555,-0.089549,0.281216
151096.804821,-0.735769,-1.020102,0.449034
151096.822660,0.989766,0.608411,0.057216
151096.840476,0.778286,1.416668,-0.192955
151096.858325,-0.386306,-0.975843,-0.022354
151096.876348,0.821878,-0.063978,-0.061384
151096.894265,1.575387,0.165800,0.157587
151096.912034,0.923900,-0.155487,0.172789
151096.929877,0.716385,-0.179446,0.007047
151096.947541,0.986999,-0.040116,0.128698
151096.965562,0.722781,-0.541055,0.385321
151096.983407,0.612055,-0.678828,0.673029
151097.001077,0.701425,-0.860251,0.827689
151097.019097,0.915840,-0.687746,0.666812
151097.036943,0.865449,-0.214669,0.310117
151097.054786,0.453839,-0.109660,0.266416
151097.072614,0.686091,-0.022372,0.520850
151097.090472,0.958717,0.211766,0.552735
151097.108139,0.991542,0.196464,0.519185
151097.126162,0.756537,-0.161836,0.517186
151097.144005,0.736330,-0.754386,0.455509
151097.161850,0.610067,-0.845116,0.313157
151097.179694,0.466370,-0.643387,0.269879
151097.197377,0.482932,-0.246733,0.363811
151097.215385,0.424708,0.220924,0.387572
151097.233233,0.376991,0.284837,0.298884
151097.251072,0.386022,0.389412,-0.056262
151097.268916,0.265072,-0.113119,0.001355
151097.286580,0.085695,-0.464513,0.163219
151097.304602,0.033648,0.282738,-0.246855
151097.322268,-0.088342,0.510455,-0.605559
151097.340119,-0.418721,0.401747,-0.663764
151097.357965,-0.648187,0.417821,-0.602279
151097.375982,-0.779031,0.249087,-0.404697
151097.393825,-0.943342,0.078408,-0.224776
151097.411667,-1.081720,0.259241,-0.318091
151097.429516,-0.678802,0.414163,-0.585361
151097.447356,-0.443559,0.307362,-0.593966
151097.465350,-0.707660,0.380122,-0.707796
151097.483045,-0.880519,-0.105747,-0.536416
151097.500889,-0.975063,-0.704476,-0.220725
151097.518859,-1.220876,-0.665885,-0.133972
151097.536579,-1.188514,-0.421412,-0.137283
151097.554423,-0.875704,0.047002,-0.320313
151097.572198,-0.531952,0.314311,-0.373293
151097.590112,-0.214630,0.423099,-0.315202
151097.607954,0.148494,0.348066,-0.251235
151097.625619,-0.009057,0.196842,-0.092904
151097.643640,-0.370314,0.049960,0.098352
151097.661491,-0.910907,0.126606,0.162634
151097.679153,-1.566570,-0.043458,0.170092
151097.697177,-1.443863,-0.700793,0.301751
151097.715020,0.056991,0.245733,0.148976
151097.732686,0.882712,1.373194,-0.465286
151097.750709,0.285241,-0.165756,-0.098967
151097.768553,0.607908,-0.890543,-0.029401
151097.786219,1.315904,-0.213134,0.183164
151097.804240,1.042494,-0.491899,0.169674
151097.822104,0.773968,-0.676300,-0.070767
151097.839755,1.016831,-0.722730,-0.028005
151097.857603,0.962516,-1.094543,0.334581
151097.875619,0.637829,-1.256991,0.592429
151097.893491,0.608556,-1.246576,0.797667
151097.911303,0.778755,-1.096291,0.782798
151097.929152,0.920313,-0.718457,0.465672
151097.946997,0.864509,-0.268643,0.228106
151097.964836,0.440199,-0.275149,0.356375
151097.982685,0.780275,-0.086702,0.535778
151098.000349,1.072087,0.255946,0.435212
151098.018372,0.859041,0.140787,0.276502
151098.036215,0.661039,-0.362579,0.340822
151098.053882,0.678031,-0.690515,0.374142
151098.071904,0.547032,-0.786055,0.318120
151098.089747,0.614999,-0.556086,0.224450
151098.107414,0.558033,-0.162545,0.148296
151098.125433,0.298598,-0.001402,0.223867
151098.143279,0.040543,-0.031650,0.266367
151098.160947,0.178945,-0.171741,0.111260
151098.178969,0.743127,-0.392999,0.087235
151098.196815,0.517167,0.133556,-0.163084
151098.214657,0.088543,0.491390,-0.520519
151098.232504,-0.327184,0.573109,-0.610706
151098.250344,-0.532120,0.511783,-0.597116
151098.268189,-0.578344,0.406794,-0.531543
151098.285943,-0.925733,0.152683,-0.394140
151098.303878,-1.145930,0.037408,-0.208069
151098.321722,-1.191539,0.299934,-0.267141
151098.339391,-0.903056,0.520578,-0.554422
151098.357238,-0.597498,0.342606,-0.646167
151098.375259,-0.672774,0.563530,-0.801957
151098.392923,-0.850883,0.283830,-0.789906
151098.410941,-1.031664,-0.368530,-0.544615
151098.428786,-0.995929,-0.383264,-0.452048
151098.446454,-0.702910,-0.082512,-0.474788
151098.464476,-0.666824,0.100827,-0.481184
151098.482321,-0.531524,0.227877,-0.450110
151098.499986,-0.154711,0.301553,-0.476618
151098.518009,-0.113341,0.307365,-0.314152
151098.535853,-0.219751,0.260923,-0.208997
151098.553518,-0.364259,0.010414,0.010667
151098.571541,-1.075554,0.279038,0.137428
151098.589383,-1.399988,0.165455,0.165646
151098.607055,-0.843983,-0.216052,0.198418
151098.625070,0.097058,0.841029,-0.072133
151098.642919,0.350091,1.233685,-0.131953
151098.660584,-0.190971,-0.398166,0.083688
151098.678606,0.559806,-0.486978,0.111135
151098.696449,1.096728,-0.409493,0.337084
151098.714130,0.844110,-0.228860,0.221732
151098.732138,0.592861,-0.227560,-0.098125
151098.749981,0.809535,-0.328717,-0.074585
151098.767886,0.819886,-0.886720,0.284083
151098.785669,0.541198,-1.236781,0.561289
151098.803516,0.464955,-1.254002,0.623115
151098.821360,0.472389,-1.193435,0.660890
151098.839028,0.642667,-0.733573,0.381153
151098.856876,0.801980,-0.304415,0.073181
151098.874897,0.477514,-0.431156,0.182572
151098.892558,0.583752,-0.320247,0.514478
151098.910581,0.963883,0.151601,0.481713
151098.928427,0.891750,0.242609,0.436902
151098.946091,0.594982,-0.275435,0.478876
151098.964115,0.779694,-0.617853,0.448974
151098.981958,0.714005,-0.474796,0.367505
151098.999623,0.446111,-0.370752,0.331237
151099.017644,0.273435,-0.365580,0.376825
151099.035491,0.263335,-0.282488,0.439857
151099.053157,0.367758,0.028868,0.341600
151099.071176,0.446197,0.297280,0.155270
151099.088910,0.140957,0.041180,0.163206
151099.106686,0.306548,0.152011,-0.024724
151099.124711,0.494520,0.409997,-0.448950
151099.142556,0.208648,0.298060,-0.551354
151099.160285,-0.066531,0.485960,-0.578926
151099.178243,-0.394336,0.376979,-0.535763
151099.196090,-0.521736,0.312348,-0.407871
151099.213955,-0.687633,0.041727,-0.281717
151099.231774,-0.787150,-0.178968,-0.236248
151099.249622,-0.765312,0.190956,-0.370519
151099.267669,-0.818912,0.566854,-0.638769
151099.285309,-0.782298,0.440168,-0.683129
151099.303153,-0.868116,0.565325,-0.678807
151099.321048,-1.132677,0.492652,-0.601826
151099.338670,-1.164119,0.079931,-0.572783
151099.356510,-1.185976,-0.145348,-0.490918
151099.374391,-0.959889,0.069018,-0.482304
151099.392194,-0.631195,0.122051,-0.387511
151099.410220,-0.550764,0.258030,-0.287436
151099.427886,-0.356596,0.474890,-0.355663
151099.445905,-0.259085,0.547000,-0.324146
151099.463753,-0.382665,0.675690,-0.216226
151099.481418,-0.488706,0.665948,-0.161851
151099.499440,-0.830719,0.756559,-0.066940
151099.517285,-1.498055,0.877810,0.200291
151099.535130,-1.633030,0.358407,0.269624
151099.552970,-0.360379,0.366127,0.121766
151099.570815,0.831573,1.503848,-0.440709
151099.588660,0.227731,0.267740,-0.118275
151099.606503,0.203241,-0.538146,0.148405
151099.624348,1.114554,0.019382,0.357858
151099.642305,1.155401,-0.376973,0.469626
151099.659857,0.824070,-0.151265,0.337655
151099.677884,0.709476,-0.116395,0.211632
151099.695727,0.644509,-0.553798,0.386702
151099.713392,0.599488,-0.798751,0.679114
151099.731412,0.453334,-0.876709,0.907783
151099.749257,0.294240,-0.986879,0.963539
151099.766925,0.725141,-0.695383,0.693304
151099.784947,0.999282,-0.136308,0.308778
151099.802792,0.575445,-0.052311,0.146900
151099.820636,0.479114,0.098924,0.343514
151099.838308,0.776492,0.246969,0.515113
151099.856149,0.799676,0.223513,0.468865
151099.874172,0.610548,-0.239777,0.410896
151099.892004,0.582451,-0.555462,0.361378
151099.909853,0.571580,-0.842014,0.363586
151099.927700,0.641006,-0.768960,0.424546
151099.945375,0.694092,-0.433132,0.397038
151099.963387,0.539492,-0.054266,0.381363
151099.981232,0.596757,0.246333,0.216846
151099.998910,0.696772,0.415219,0.021465
151100.016920,0.666788,0.457591,-0.077616
151100.034765,0.283309,0.234072,0.031978
151100.052431,0.047423,0.101429,-0.152194
151100.070453,0.366271,0.533805,-0.249757
151100.088298,0.258860,1.352544,-0.438113
151100.106019,-0.641058,1.036854,-0.709239
151100.123984,-0.752974,0.963899,-0.926313
151100.141830,-0.721727,1.178431,-0.931792
151100.159717,-1.185052,0.972312,-0.581351
151100.177521,-1.486022,0.862270,-0.225269
151100.195364,-1.596116,0.989235,-0.086382
151100.213034,-1.196985,1.461057,-0.292021
151100.231051,-0.917817,1.492729,-0.525871
151100.248896,-1.090242,1.357933,-0.669992
151100.266930,-1.342077,1.348999,-0.861623
151100.284582,-1.210577,0.520143,-0.563358
151100.302426,-1.464905,-0.086463,-0.217198
151100.320113,-1.831559,-0.178818,-0.146678
151100.337944,-1.556248,0.121891,-0.075639
151100.355785,-1.160990,0.564047,-0.051090
151100.373631,-0.677316,0.957410,-0.255917
151100.391651,-0.571257,0.962401,-0.396959
151100.409492,-0.441130,0.797138,-0.382344
151100.427160,-0.408816,1.040464,-0.389400
151100.445181,-0.363868,1.157455,-0.371803
151100.463027,-0.497341,1.302248,-0.462474
151100.480692,-0.875503,1.115142,-0.302271
151100.498713,-1.033700,1.013447,0.081297
151100.516560,-0.972394,0.743234,0.418377
151100.534438,-0.600620,0.510213,0.208107
151100.552247,0.145869,1.623267,0.045077
151100.570090,-0.208719,0.208732,0.497732
151100.587937,0.137871,-0.491252,0.500294
151100.605636,0.478436,-0.551756,0.480457
151100.623624,0.879074,-0.073063,0.213243
151100.641467,0.637333,0.380974,0.092806
151100.659245,0.289663,0.569448,-0.028096
151100.677159,0.310014,0.220007,0.332136
151100.695000,0.382259,-0.117357,0.497912
151100.712666,0.396072,-0.029812,0.574890
151100.730689,-0.014027,-0.097212,0.512302
151100.748535,0.056331,0.298812,0.460844
151100.766521,0.188619,0.684781,0.248948
151100.784221,0.471120,0.497822,0.291446
151100.802064,1.058982,0.709025,0.369934
151100.819731,0.927499,1.411160,0.128334
151100.837582,0.488204,1.669728,0.007536
151100.855590,0.265573,1.897553,0.100318
151100.873618,-0.077733,1.401411,0.389756
151100.891289,-0.107215,1.110941,0.505391
151100.909132,0.173460,1.009545,0.435557
151100.927001,0.459113,1.130219,0.263832
151100.944818,0.256782,1.355593,0.018053
151100.962662,-0.050564,1.286963,-0.168496
151100.980537,0.002084,0.950447,-0.220407
151100.998355,0.112625,0.751272,-0.257687
151101.016203,0.251723,0.965324,-0.274579
151101.033862,-0.140181,1.086193,-0.261995
151101.051886,-0.901092,0.662850,0.058094
151101.069731,-1.125849,0.568867,0.349842
151101.087393,-0.650032,1.303632,0.088706
151101.105434,-0.192588,1.584862,0.021100
151101.123263,0.549034,2.033440,0.205910
151101.141104,0.766236,3.411399,-0.147743
151101.158951,-0.661931,2.822600,0.114335
151101.176795,-0.006505,2.527778,0.582030
151101.194517,0.380935,3.231333,0.359934
151101.212482,-0.602197,3.431218,0.293044
151101.230324,-1.526149,3.249569,0.467087
151101.247992,-1.789335,2.904119,0.750752
151101.266015,-1.716974,2.293009,0.857428
151101.283859,-1.545402,2.516168,0.527158
151101.301726,-1.257058,2.922210,0.188725
151101.319550,-0.988977,3.181350,0.068074
151101.337220,-0.924873,3.415196,0.039997
151101.355064,-0.895441,3.734397,-0.072282
151101.372906,-0.823143,4.048418,-0.175687
151101.390749,-0.901107,4.341380,-0.336701
151101.408774,-1.114824,4.065430,-0.237094
151101.426613,-1.152296,3.741218,-0.106500
151101.444457,-1.079577,3.727307,-0.086503
151101.462126,-0.918379,3.634522,-0.038480
151101.480148,-0.716091,3.448718,0.040419
151101.497991,-0.434956,3.283511,-0.011598
151101.515666,-0.457887,3.119153,-0.079898
151101.533680,-0.635932,2.932586,-0.040259
151101.551526,-0.867009,2.873790,0.058460
151101.569367,-0.786483,2.217280,0.317078
151101.587209,-0.076916,2.022072,0.255598
151101.605053,-0.060053,2.019324,0.272968
151101.622900,0.079129,1.640490,0.376264
151101.640927,0.276025,1.454150,0.494652
151101.658588,0.034868,1.368497,0.630771
151101.676433,-0.380158,1.430359,0.586948
151101.694300,0.360271,1.602073,0.095778
151101.712120,0.560561,1.013170,0.189446
151101.729964,-0.507561,0.394352,0.388302
151101.747631,-0.108960,1.216825,0.230530
151101.765655,0.065076,2.270404,-0.061801
151101.783499,-0.025945,2.447495,-0.164697
151101.801164,0.280716,1.973086,0.011313
151101.819187,0.636482,1.795350,0.466343
151101.836858,0.307382,1.629040,0.660996
151101.855081,0.250147,1.217381,0.626804
151101.872544,0.290303,1.051263,0.571373
151101.890568,0.345220,0.829503,0.626839
151101.908407,0.403483,0.513505,0.730112
151101.926245,0.515225,0.280851,0.685631
151101.944098,0.541066,0.087413,0.618108
151101.961940,0.496278,-0.168303,0.491181
151101.979835,0.434825,-0.373684,0.373071
151101.997631,0.424260,-0.395203,0.289501
151102.015473,0.468434,-0.175786,0.189115
151102.033139,0.429502,-0.147077,0.126614
151102.051165,0.349282,-0.039524,0.102016
151102.069005,0.308694,0.239414,0.066977
151102.086851,0.292777,0.352336,0.059187
151102.104692,0.262000,0.203075,0.028362
151102.122627,0.269213,0.081060,0.004895
151102.140381,0.156725,-0.077513,0.071937
151102.158225,0.203990,-0.158825,0.036483
151102.176071,0.529808,-0.168481,-0.094397
151102.193737,0.951402,-0.020749,0.047399
151102.211692,0.349853,0.281246,0.309656
151102.229611,-0.102673,0.975199,-0.063606
151102.247270,-0.152302,0.891814,-0.415171
151102.265291,-0.698530,0.713723,-0.478673
151102.283136,-0.815415,0.896636,-0.475322
151102.300973,-0.512754,1.138484,-0.241460
151102.318823,-0.691981,1.131053,0.016276
151102.336495,-0.381078,0.720525,0.084284
151102.354339,-0.257455,0.916888,-0.113749
151102.372306,-0.654951,1.455969,-0.580279
151102.390202,-1.035038,1.672555,-0.808139
151102.407868,-1.076822,1.408945,-0.804264
151102.425888,-0.814711,1.298802,-0.758347
151102.443739,-0.987682,0.925368,-0.567440
151102.461402,-1.245828,0.650221,-0.505285
151102.479425,-1.188394,0.644616,-0.472808
151102.497273,-0.838726,0.960755,-0.254781
151102.515231,-0.546192,0.991787,-0.032442
151102.532955,-0.680054,1.084370,-0.077756
151102.550801,-0.905917,1.109983,-0.097522
151102.568644,-0.790773,1.041220,-0.199965
151102.586488,-0.426055,0.800908,-0.233772
151102.604333,-0.229898,0.587769,-0.002502
151102.622234,-0.446427,0.564460,0.040582
151102.640021,-0.641299,0.246730,0.119294
151102.657864,-0.440798,0.215845,-0.067742
151102.675704,-0.202396,0.733499,-0.558924
151102.693552,0.196228,0.786169,-0.384413
151102.711398,0.551339,-0.221500,0.164963
151102.729244,0.628611,-0.912962,0.437308
151102.746988,0.911305,-0.295741,0.258590
151102.764928,1.139516,-0.273595,0.375020
151102.782774,1.108569,-0.359349,0.347385
151102.800453,1.110736,-0.116540,0.305436
151102.818464,0.807164,-0.606247,0.464408
151102.836131,0.623479,-0.986754,0.651294
151102.854253,0.369264,-1.250409,0.830024
151102.871997,0.406386,-1.273630,0.761659
151102.889980,0.694780,-1.127022,0.536372
151102.907507,0.791112,-0.834820,0.189015
151102.925531,0.762869,-0.530024,-0.065128
151102.943372,0.629205,-0.472397,0.068942
151102.961043,0.658871,-0.352027,0.358432
151102.979058,0.647482,-0.350120,0.480754
151102.996904,0.676532,-0.503732,0.310659
151103.014572,0.642609,-0.791965,0.189009
151103.032593,0.721554,-0.960308,0.105427
151103.050436,0.641442,-0.930584,0.156304
151103.068103,0.358511,-0.819834,0.410573
151103.086124,0.105020,-0.583555,0.678855
151103.103971,0.379967,-0.094774,0.596232
151103.121847,0.416684,0.061758,0.369006
151103.139659,0.226805,-0.078082,0.249295
151103.157502,0.575124,0.014891,0.226835
151103.175346,0.131704,-0.086869,0.149295
151103.193191,0.378138,0.378309,-0.114767
151103.211035,0.461039,0.814369,-0.454108
151103.228878,-0.355753,0.853012,-0.634483
151103.246723,-0.582400,0.592589,-0.608675
151103.264568,-0.388613,0.396236,-0.459723
151103.282411,-0.576651,0.168286,-0.206380
151103.300259,-0.873363,0.020592,-0.068957
151103.318100,-0.925070,0.252259,-0.147574
151103.335770,-0.959817,0.680760,-0.412800
151103.353621,-0.817353,0.815082,-0.723816
151103.371636,-0.368335,0.792991,-0.874994
151103.389301,-0.397769,0.618419,-0.813884
151103.407519,-0.681479,0.583116,-0.826153
151103.425167,-1.125881,0.391389,-0.650614
151103.443010,-1.224362,0.293821,-0.412236
151103.460855,-1.099201,0.807690,-0.593068
151103.478698,-1.384580,1.270108,-0.777909
151103.496543,-1.333604,1.262650,-0.697343
151103.514392,-0.526293,0.753176,-0.458618
151103.532231,-0.468610,0.517798,-0.291069
151103.550075,-0.541474,0.200788,-0.229786
151103.567921,-0.738168,0.109564,-0.141646
151103.585590,-0.940698,-0.066564,-0.067296
151103.603607,-0.749626,0.198816,-0.089561
151103.621452,-0.015324,0.619063,-0.099743
151103.639448,1.013061,0.656815,-0.483698
151103.656962,1.046743,0.380130,-0.519105
151103.674984,0.485297,-0.731664,-0.103474
151103.692652,1.092798,-0.851183,0.201090
151103.710674,1.481183,-0.581402,0.374775
151103.728517,1.283160,-0.462079,0.330948
151103.746250,0.956429,-0.341438,0.248934
151103.764208,1.156235,-0.480562,0.418241
151103.782053,0.844737,-1.152289,0.646937
151103.799920,0.554334,-1.312362,0.808755
151103.817740,0.413673,-1.313325,0.850732
151103.835409,0.311646,-1.152556,0.720043
151103.853255,0.647647,-0.749379,0.394307
151103.871276,0.795843,-0.347278,0.221365
151103.888938,0.533463,-0.204638,0.250607
151103.906872,0.715225,-0.005255,0.485792
151103.924805,0.852376,0.023110,0.541037
151103.942649,0.762894,0.069583,0.431663
151103.960514,0.777433,-0.224751,0.380711
151103.978340,0.692260,-0.696559,0.371610
151103.996181,0.591467,-0.834660,0.344213
151104.013911,0.479634,-0.750122,0.432338
151104.031869,0.376367,-0.459145,0.503409
151104.049713,0.434529,0.018545,0.448176
151104.067655,0.562633,0.392047,0.187654
151104.085403,0.581617,0.540200,0.050240
151104.103248,0.396287,0.506837,0.029020
151104.121092,0.132085,0.421839,0.129110
151104.138910,0.132241,0.369101,0.127488
151104.156780,0.606803,0.879260,-0.107198
151104.174599,0.494055,0.923131,-0.443050
151104.192603,-0.343754,0.476374,-0.631135
151104.210312,-0.432814,0.462755,-0.898092
151104.227979,-0.499890,0.419536,-0.866648
151104.246003,-0.928856,0.356708,-0.572055
151104.263844,-1.243198,0.164632,-0.259406
151104.281511,-1.314128,0.370322,-0.274721
151104.299534,-1.158358,0.632153,-0.535961
151104.317380,-0.885276,0.392692,-0.674385
151104.335049,-0.825262,0.249492,-0.747473
151104.352894,-0.920811,0.242324,-0.793043
151104.370913,-1.055050,0.179875,-0.730653
151104.388775,-1.070265,0.000368,-0.498998
151104.406485,-1.059229,0.087158,-0.451732
151104.424447,-0.849681,0.474796,-0.394673
151104.442289,-0.717295,0.657344,-0.302589
151104.460143,-0.626898,0.498928,-0.414191
151104.477975,-0.244732,0.465596,-0.422932
151104.495820,-0.269481,0.496626,-0.402422
151104.513660,-0.416113,0.519635,-0.357289
151104.531507,-0.945850,0.421491,-0.149967
151104.549352,-1.433599,0.254567,-0.013605
151104.567404,-1.361098,0.004254,0.018891
151104.585041,-0.292657,0.035867,0.045461
151104.602885,0.895139,0.753500,-0.403905
151104.620728,0.988643,0.469889,-0.232577
151104.638574,0.117814,-1.098203,0.272549
151104.656372,0.876648,-0.430401,0.381446
151104.674287,1.374670,-0.497590,0.677993
151104.692107,1.097391,-0.391216,0.650365
151104.709954,0.716979,-0.144416,0.406128
151104.727615,0.820640,-0.431027,0.364860
151104.745639,0.637124,-0.914470,0.538691
151104.763487,0.462041,-1.106498,0.706734
151104.781149,0.354778,-1.277551,0.805575
151104.799172,0.403761,-1.107217,0.697540
151104.817017,0.690192,-0.731518,0.385349
151104.834687,0.799705,-0.419260,0.138843
151104.852748,0.626214,-0.337907,0.056987
151104.870554,0.488407,-0.394448,0.293805
151104.888394,0.808812,-0.309171,0.484690
151104.906058,0.898731,-0.197044,0.404893
151104.924081,0.750136,-0.316547,0.271344
151104.941924,0.694729,-0.566338,0.237206
151104.959833,0.764799,-0.710185,0.204976
151104.977616,0.694744,-0.657163,0.215871
151104.995458,0.601144,-0.603057,0.327943
151105.013216,0.632028,-0.363050,0.302232
151105.031146,0.744255,0.085003,0.200837
151105.048991,0.580999,0.167909,0.173503
151105.066953,0.459979,0.010816,0.224446
151105.084679,0.424250,0.056562,0.226771
151105.102527,0.679156,0.471287,0.048989
151105.120193,0.472221,0.574710,-0.303174
151105.138212,-0.242111,0.411600,-0.504912
151105.156057,-0.431687,0.676645,-0.762954
151105.173907,-0.375189,0.810674,-0.851026
151105.191746,-0.520361,0.826173,-0.701050
151105.209593,-0.935216,0.585364,-0.460013
151105.227457,-1.058102,0.513781,-0.350835
151105.245276,-1.211067,0.563579,-0.414940
151105.263132,-1.000814,0.514444,-0.587619
151105.281139,-0.556996,0.443820,-0.697075
151105.298811,-0.686024,0.335545,-0.785607
151105.316794,-1.039446,0.422300,-0.918343
151105.334322,-1.247798,0.345263,-0.811331
151105.352173,-1.296980,0.120080,-0.557901
151105.370195,-1.148889,0.205510,-0.556423
151105.387855,-0.956418,0.347589,-0.593594
151105.406013,-0.661560,0.367953,-0.464263
151105.423723,-0.437585,0.519828,-0.278370
151105.441565,-0.304105,0.585371,-0.222013
151105.459246,-0.384415,0.412130,-0.148956
151105.477252,-0.507947,0.300554,-0.010113
151105.495098,-0.781326,0.255902,0.123272
151105.512807,-1.515348,-0.207655,0.143247
151105.530789,-1.022169,-0.333217,0.331657
151105.548632,0.845711,1.239711,-0.339942
151105.566621,1.599898,1.287205,-0.203208
151105.584321,0.364244,-0.839828,0.130669
151105.602164,0.942267,-0.309034,0.002601
151105.619828,1.087578,-0.814954,0.435766
151105.637850,0.875729,-0.382834,0.326045
151105.655580,0.839080,-0.573850,0.115897
151105.673590,0.930573,-0.974926,0.284828
151105.691384,0.673061,-1.001013,0.454771
151105.709229,0.381870,-1.119726,0.742693
151105.727100,0.440939,-1.129444,0.893714
151105.744918,0.779210,-0.780083,0.807366
151105.762760,0.897926,-0.406541,0.381134
151105.780700,0.761016,-0.059781,0.088997
151105.798450,0.659967,0.098621,0.289497
151105.816294,0.713718,0.383420,0.558305
151105.833963,0.767432,0.629067,0.380941
151105.851811,0.708023,0.467035,0.249351
151105.869830,0.594042,-0.382032,0.470643
151105.887494,0.581180,-0.832671,0.460368
151105.905537,0.503707,-0.960961,0.491573
151105.923362,0.286684,-0.863069,0.528495
151105.941203,0.395302,-0.410164,0.424744
151105.959047,0.386721,0.179480,0.116506
151105.976893,0.292602,0.472150,-0.184330
151105.994735,0.134379,0.347921,-0.068435
151106.012429,-0.111810,-0.171283,0.200146
151106.030427,0.198766,0.093822,0.063989
151106.048271,0.345609,0.627589,-0.175366
151106.065935,-0.128121,0.680957,-0.521562
151106.083958,-0.739808,0.572746,-0.581025
151106.101803,-0.657660,0.501495,-0.580013
151106.119469,-0.672969,0.446400,-0.411275
151106.137494,-0.891728,0.251993,-0.226390
151106.155334,-1.054510,0.219647,-0.160857
151106.173004,-1.017522,0.617303,-0.395492
151106.191022,-0.975656,1.005235,-0.622967
151106.208868,-0.591242,0.913568,-0.828774
151106.226738,-0.551694,0.866334,-0.812571
151106.244558,-0.918869,0.871359,-0.842884
151106.262401,-1.078938,0.517175,-0.745206
151106.280431,-1.208615,0.206265,-0.584125
151106.298090,-1.065419,0.170003,-0.623516
151106.315931,-0.530701,0.497241,-0.670476
151106.333599,-0.391622,0.717286,-0.687184
151106.351487,-0.176617,0.837742,-0.731000
151106.369471,-0.106823,0.781410,-0.761776
151106.387134,-0.214713,0.643184,-0.527205
151106.405159,-0.622758,0.515026,-0.367926
151106.422998,-1.146010,0.327845,-0.142274
151106.440665,-1.802255,0.191753,0.004658
151106.458687,-1.866924,-0.076244,0.156516
151106.476532,-0.314062,0.413805,-0.211314
151106.494198,0.739382,0.720302,-0.866114
151106.512220,0.299157,-0.654389,0.103658
151106.530063,0.679847,-0.995923,0.431504
151106.547731,1.244123,-0.342542,0.456645
151106.565874,1.170137,-0.370360,0.420520
151106.583595,1.190919,-0.016100,0.291938
151106.601612,1.012230,-0.213939,0.281784
151106.619284,0.733212,-0.715400,0.497470
151106.637130,0.837243,-0.787469,0.796532
151106.654974,0.664307,-0.899311,1.141341
151106.672640,0.532693,-0.745624,1.015114
151106.690664,0.868622,-0.115251,0.566588
151106.708504,0.860148,-0.107715,0.296057
151106.726392,0.661996,0.202876,0.376773
151106.744194,0.708255,0.571701,0.725969
151106.762039,0.851246,0.653851,0.874386
151106.779736,0.865282,0.559637,0.749246
151106.797730,0.780357,0.183252,0.608359
151106.815577,0.717977,-0.151489,0.564129
151106.833238,0.601445,-0.340597,0.588170
151106.851088,0.582221,-0.203976,0.518042
151106.869108,0.642366,0.305273,0.268507
151106.886771,0.630999,0.480556,0.174919
151106.904792,0.224529,0.279142,0.257797
151106.922618,-0.315607,0.070978,0.198368
151106.940303,-0.263411,0.197398,0.140923
151106.958325,0.311011,0.501230,-0.046074
151106.976170,1.127889,0.528357,-0.103462
151106.993836,0.889392,0.137601,0.151837
151107.011857,-0.018267,0.539478,0.099252
151107.029709,-0.084517,1.176892,-0.421861
151107.047371,-0.131411,0.753770,-0.830827
151107.065392,-0.641713,1.032907,-1.018370
151107.083238,-0.606436,0.962544,-1.059774
151107.101101,-0.774949,1.485679,-0.928992
151107.118926,-1.038392,2.107338,-0.772540
151107.136770,-0.861281,1.963673,-0.528178
151107.154638,-0.861364,1.978003,-0.357167
151107.172279,-1.042882,2.168990,-0.304704
151107.190352,-1.027839,2.208735,-0.323123
151107.207968,-0.576760,2.136727,-0.422669
151107.225990,-0.547704,2.072723,-0.570230
151107.243838,-1.073249,2.073209,-0.552654
151107.261680,-1.369290,1.842410,-0.473404
151107.279521,-1.222554,1.702099,-0.366408
151107.297366,-1.155734,1.859052,-0.301653
151107.315208,-0.970973,2.069949,-0.451725
151107.332877,-1.086300,2.000300,-0.396804
151107.350723,-1.192645,2.006364,-0.273964
151107.368748,-1.286367,2.010415,-0.183210
151107.386418,-1.310982,1.875171,-0.107251
151107.404432,-1.157313,1.936995,-0.050829
151107.422247,-0.984971,1.848440,0.032033
151107.439951,-0.655732,1.728841,0.123989
151107.457967,-0.402571,1.882340,0.101307
151107.475809,-0.369969,2.079960,0.103972
151107.493579,-0.447227,2.315973,0.067285
151107.511496,-0.852079,2.487039,0.013318
151107.529343,-1.245691,2.202020,0.234643
151107.547257,-1.133190,1.772466,0.457270
151107.565031,-0.178390,2.161708,0.593951
151107.582876,0.003240,1.760259,0.584452
151107.600742,0.330902,0.865751,0.196457
151107.618565,0.913043,0.885917,-0.363826
151107.636408,0.161666,0.289460,-0.517430
151107.654226,-0.381717,-0.599225,-0.114548
151107.672116,-0.870961,0.143666,-0.123241
151107.689940,-0.635868,-0.079164,0.349101
151107.707809,0.800959,0.947542,0.567792
151107.725629,1.052184,1.932508,0.261676
151107.743478,0.374043,1.938194,0.231082
151107.761137,0.496844,2.336065,0.196218
151107.779165,0.516613,2.341058,0.341162
151107.797008,0.352772,2.310974,0.416644
151107.814873,0.250026,2.363671,0.380269
151107.832517,0.292481,2.361362,0.273042
151107.850588,0.245494,2.419774,0.149583
151107.868386,0.124333,2.461273,0.065731
151107.886227,0.069687,2.361281,0.037446
151107.904077,-0.015005,2.031203,0.011700
151107.921920,-0.082491,2.013556,-0.067314
151107.939659,-0.015371,1.944411,-0.123228
151107.957602,0.057861,1.872654,-0.166808
151107.975449,0.141629,1.891844,-0.285364
151107.993350,0.162854,1.802248,-0.317596
151108.011138,0.092272,1.753066,-0.370416
151108.028982,0.026524,1.640437,-0.432562
151108.046874,-0.056071,1.461189,-0.441286
151108.064671,-0.328197,1.562329,-0.440601
151108.082515,-0.852216,1.487127,-0.330168
151108.100565,-0.892431,1.025717,0.086643
151108.118202,-0.322316,0.810114,0.584444
151108.136047,-0.009278,1.482657,0.381742
151108.153712,0.257980,2.115890,-0.487554
151108.171736,-0.240131,2.131462,-0.196110
151108.189580,-0.538230,1.688519,0.461229
151108.207247,0.023280,3.018906,0.104239
151108.225270,-0.201130,4.060156,-0.166070
151108.243111,-0.744328,4.062835,0.123340
151108.260985,-1.329736,3.655434,0.262554
151108.278801,-1.618392,2.869801,0.397720
151108.296645,-1.528003,2.150904,0.320781
151108.314605,-1.369454,1.894775,0.221611
151108.332334,-1.023794,2.574933,-0.023825
151108.350000,-0.853013,3.400038,-0.436931
151108.367849,-0.778790,3.728856,-0.569527
151108.385868,-0.825513,3.736758,-0.599365
151108.403712,-1.055573,3.351935,-0.593484
151108.421555,-1.314207,2.908778,-0.521672
151108.439321,-1.744665,2.407858,-0.531039
151108.457243,-1.794091,2.687356,-0.517934
151108.475088,-1.784475,2.385923,-0.323183
151108.492959,-1.642517,2.163179,-0.152021
151108.510777,-1.409992,2.102065,-0.001034
151108.528624,-1.087724,1.798292,0.143286
151108.546673,-0.907787,1.135564,0.292594
151108.564310,-0.849687,0.869971,0.309659
151108.582154,-0.304153,0.928111,0.292829
151108.599997,0.025518,0.979017,0.284976
151108.617842,-0.196954,1.086087,0.186170
151108.635687,-0.325187,0.996140,0.073488
151108.653528,-0.219022,1.054694,0.126914
151108.671377,-0.590341,1.311135,0.376225
151108.689287,-0.706657,0.655895,0.127595
151108.707223,0.240188,0.838292,-0.108021
151108.724907,0.982503,1.818330,-0.608907
151108.742752,0.698910,1.743235,-0.188557
151108.760648,0.694797,-0.305786,0.046227
151108.778443,1.297239,-0.093829,0.149588
151108.796287,1.192110,0.110640,0.149999
151108.814151,1.005474,-0.262027,0.209791
151108.831971,1.043749,-0.441842,0.273815
151108.849638,0.884185,-0.827530,0.227150
151108.867664,0.890043,-1.205205,0.388621
151108.885506,0.785177,-1.365494,0.405002
151108.903350,0.884011,-1.242155,0.459119
151108.921193,0.944755,-1.230744,0.390795
151108.938911,0.726444,-1.108792,0.339453
151108.956884,0.673068,-0.542048,0.308214
151108.974729,0.421844,-0.353371,0.383469
151108.992392,0.425398,-0.462215,0.529708
151109.010415,0.405708,-0.656174,0.517383
151109.028260,0.641508,-0.687043,0.481457
151109.045927,0.668402,-0.789538,0.426629
151109.063948,1.059320,-1.408920,0.392514
151109.081795,1.147254,-1.339103,0.504217
151109.099458,0.601258,-0.914989,0.172494
151109.117481,0.415796,-0.817973,0.173826
151109.135324,0.490099,-0.926750,0.286090
151109.152990,0.367360,-0.956667,0.416329
151109.171014,0.202894,-0.843905,0.481369
151109.188877,0.022852,-0.692613,0.458463
151109.206763,0.484443,-0.316384,0.370333
151109.224545,1.194650,-0.362954,0.479060
151109.242392,0.581054,-0.640117,0.411908
151109.260284,-0.143423,-0.418743,-0.089563
151109.278079,-0.034577,-0.495404,-0.307255
151109.295922,-0.173524,-0.016353,-0.542191
151109.313913,-0.341717,0.217381,-0.632907
151109.331618,-0.482820,0.102130,-0.564787
151109.349278,-0.434465,-0.050827,-0.538163
151109.367126,-0.494817,-0.292066,-0.497921
151109.385147,-0.678590,-0.405929,-0.425195
151109.402994,-0.704714,-0.385447,-0.421089
151109.421007,-0.786355,-0.226214,-0.536811
151109.438680,-0.648466,0.175604,-0.769183
151109.456522,-0.634320,0.283159,-0.749678
151109.474365,-0.895867,0.470327,-0.648605
151109.492208,-1.183688,0.378175,-0.541531
151109.510057,-1.087723,0.070560,-0.369684
151109.527900,-0.920121,0.325048,-0.375189
151109.545742,-0.877043,0.524015,-0.387222
151109.563588,-0.726516,0.328476,-0.276947
151109.581254,-0.491890,0.498292,-0.175691
151109.599275,-0.298385,0.590388,-0.323161
151109.617121,-0.297386,0.399258,-0.123856
151109.634965,-0.663280,0.387354,0.022072
151109.652831,-0.900449,0.491308,0.062709
151109.670719,-0.475832,0.331166,0.349560
151109.688319,-0.346760,0.520598,0.548124
151109.706163,-0.055612,0.798322,0.209475
151109.724196,0.362769,1.657130,-0.315335
151109.742087,0.133699,1.003519,-0.129842
151109.759879,0.584344,0.029511,0.123541
151109.777720,0.997279,0.175272,0.239244
151109.795562,1.117491,0.394153,0.144463
151109.813228,1.052904,0.463211,0.038478
151109.831253,0.923767,0.437496,-0.037626
