1355123744.747000,0.000000,0.000000,0.000000
1355123744.757000,0.000000,0.000000,0.000000
1355123744.768000,0.000000,0.000000,0.000000
1355123744.778000,0.000000,0.000000,0.000000
1355123744.792000,0.000000,0.000000,0.000000
1355123744.797000,0.000000,0.000000,0.000000
1355123744.807000,0.000000,0.000000,0.000000
1355123744.825000,0.000000,0.000000,0.000000
1355123744.829000,0.000000,0.000000,0.000000
1355123744.841000,0.000000,0.000000,0.000000
1355123744.847000,0.000000,0.000000,0.000000
1355123744.860000,0.000000,0.000000,0.000000
1355123744.867000,0.000000,0.000000,0.000000
1355123744.877000,0.000000,0.000000,0.000000
1355123744.888000,0.000000,0.000000,0.000000
1355123744.897000,0.000000,0.000000,0.000000
1355123744.907000,0.000000,0.000000,0.000000
1355123744.917000,0.000000,0.000000,0.000000
1355123744.927000,-0.292969,1.519531,-0.851563
1355123744.937000,-0.292969,1.519531,-0.851563
1355123744.951000,-0.292969,1.519531,-0.851563
1355123744.958000,-0.292969,1.519531,-0.851563
1355123744.973000,-0.292969,1.519531,-0.851563
1355123744.990000,-0.292969,1.519531,-0.851563
1355123744.994000,-0.292969,1.519531,-0.851563
1355123745.005000,-0.292969,1.519531,-0.851563
1355123745.022000,-0.488281,1.994141,-0.044922
1355123745.027000,-0.488281,1.994141,-0.044922
1355123745.035000,-0.488281,1.994141,-0.044922
1355123745.042000,-0.488281,1.994141,-0.044922
1355123745.052000,-0.488281,1.994141,-0.044922
1355123745.062000,-0.488281,1.994141,-0.044922
1355123745.072000,-0.488281,1.994141,-0.044922
1355123745.085000,-0.488281,1.994141,-0.044922
1355123745.092000,-0.488281,1.994141,-0.044922
1355123745.107000,-0.488281,1.994141,-0.044922
1355123745.113000,-0.488281,1.994141,-0.044922
1355123745.129000,-0.136719,0.587891,-0.082031
1355123745.134000,-0.136719,0.587891,-0.082031
1355123745.142000,-0.019531,0.513672,-0.142578
1355123745.152000,0.027344,0.425781,-0.128906
1355123745.168000,0.027344,0.425781,-0.128906
1355123745.172000,0.027344,0.425781,-0.128906
1355123745.182000,0.027344,0.425781,-0.128906
1355123745.198000,0.027344,0.425781,-0.128906
1355123745.202000,0.027344,0.425781,-0.128906
1355123745.212000,0.027344,0.425781,-0.128906
1355123745.222000,0.027344,0.425781,-0.128906
1355123745.232000,0.027344,0.425781,-0.128906
1355123745.242000,0.027344,0.425781,-0.128906
1355123745.252000,0.027344,0.425781,-0.128906
1355123745.265000,0.027344,0.425781,-0.128906
1355123745.272000,0.027344,0.425781,-0.128906
1355123745.286000,0.027344,0.425781,-0.128906
1355123745.292000,-0.042969,0.369141,-0.025391
1355123745.302000,0.068359,0.769531,-0.003906
1355123745.312000,0.009766,0.910156,-0.259766
1355123745.322000,0.009766,0.910156,-0.259766
1355123745.333000,-0.218750,1.162109,-0.205078
1355123745.345000,-0.218750,1.162109,-0.205078
1355123745.360000,-0.218750,1.162109,-0.205078
1355123745.363000,-0.218750,1.162109,-0.205078
1355123745.379000,-0.218750,1.162109,-0.205078
1355123745.383000,-0.218750,1.162109,-0.205078
1355123745.397000,-0.218750,1.162109,-0.205078
1355123745.402000,-0.218750,1.162109,-0.205078
1355123745.412000,-0.218750,1.162109,-0.205078
1355123745.429000,-0.218750,1.162109,-0.205078
1355123745.432000,-0.218750,1.162109,-0.205078
1355123745.453000,-0.523438,1.542969,-0.353516
1355123745.456000,-0.523438,1.542969,-0.353516
1355123745.467000,-0.523438,1.542969,-0.353516
1355123745.475000,-0.523438,1.542969,-0.353516
1355123745.482000,-0.523438,1.542969,-0.353516
1355123745.492000,-0.523438,1.542969,-0.353516
1355123745.502000,-0.523438,1.542969,-0.353516
1355123745.513000,-0.375000,1.187500,-0.183594
1355123745.522000,-0.224609,0.759766,0.058594
1355123745.532000,-0.152344,0.744141,0.054688
1355123745.542000,-0.148438,0.693359,-0.050781
1355123745.552000,-0.148438,0.693359,-0.050781
1355123745.562000,-0.142578,0.550781,0.017578
1355123745.572000,-0.142578,0.550781,0.017578
1355123745.582000,-0.095703,0.392578,0.173828
1355123745.592000,-0.095703,0.392578,0.173828
1355123745.603000,-0.087891,0.337891,0.195312
1355123745.612000,-0.087891,0.337891,0.195312
1355123745.622000,-0.087891,0.337891,0.195312
1355123745.632000,-0.074219,0.402344,0.193359
1355123745.642000,-0.039062,0.468750,0.099609
1355123745.652000,-0.039062,0.468750,0.099609
1355123745.662000,-0.050781,0.429688,-0.078125
1355123745.672000,-0.050781,0.429688,-0.078125
1355123745.682000,-0.015625,0.359375,-0.054688
1355123745.692000,-0.015625,0.359375,-0.054688
1355123745.702000,-0.009766,0.435547,0.046875
1355123745.715000,-0.009766,0.435547,0.046875
1355123745.722000,-0.009766,0.435547,0.046875
1355123745.732000,-0.146484,0.757812,0.146484
1355123745.742000,-0.361328,0.908203,0.054688
1355123745.752000,-0.361328,0.908203,0.054688
1355123745.762000,-0.423828,0.609375,-0.144531
1355123745.772000,-0.414062,0.476563,0.132812
1355123745.782000,-0.414062,0.476563,0.132812
1355123745.792000,-0.283203,0.767578,0.031250
1355123745.802000,-0.283203,0.767578,0.031250
1355123745.812000,-0.130859,1.113281,-0.695312
1355123745.822000,-0.130859,1.113281,-0.695312
1355123745.832000,-0.199219,1.708984,-0.597656
1355123745.842000,-0.199219,1.708984,-0.597656
1355123745.852000,-0.199219,1.708984,-0.597656
1355123745.863000,-0.199219,1.708984,-0.597656
1355123745.872000,-0.388672,2.000000,0.021484
1355123745.882000,-0.273438,2.000000,-0.283203
1355123745.892000,-0.269531,1.964844,-0.611328
1355123745.902000,-0.269531,1.964844,-0.611328
1355123745.912000,-0.279297,1.603516,-0.226562
1355123745.922000,-0.279297,1.603516,-0.226562
1355123745.932000,-0.082031,1.107422,-0.250000
1355123745.942000,-0.082031,1.107422,-0.250000
1355123745.953000,0.009766,0.833984,-0.283203
1355123745.962000,0.009766,0.833984,-0.283203
1355123745.972000,0.015625,0.800781,0.015625
1355123745.982000,0.015625,0.800781,0.015625
1355123745.992000,-0.048828,0.828125,0.285156
1355123746.002000,-0.048828,0.828125,0.285156
1355123746.012000,-0.132812,0.748047,0.158203
1355123746.022000,-0.132812,0.748047,0.158203
1355123746.033000,-0.107422,0.654297,0.017578
1355123746.042000,-0.107422,0.654297,0.017578
1355123746.053000,-0.101562,0.501953,-0.183594
1355123746.062000,-0.101562,0.501953,-0.183594
1355123746.072000,-0.048828,0.312500,-0.265625
1355123746.082000,-0.048828,0.312500,-0.265625
1355123746.092000,-0.041016,0.246094,-0.037109
1355123746.102000,-0.041016,0.246094,-0.037109
1355123746.113000,-0.041016,0.246094,-0.037109
1355123746.122000,-0.041016,0.246094,-0.037109
1355123746.132000,-0.058594,0.519531,0.228516
1355123746.142000,-0.058594,0.519531,0.228516
1355123746.154000,-0.011719,0.580078,0.246094
1355123746.162000,-0.011719,0.580078,0.246094
1355123746.172000,0.128906,0.613281,0.060547
1355123746.182000,0.128906,0.613281,0.060547
1355123746.192000,0.126953,0.638672,-0.324219
1355123746.202000,0.126953,0.638672,-0.324219
1355123746.212000,-0.015625,0.808594,-0.380859
1355123746.222000,-0.320312,1.066406,-0.187500
1355123746.232000,-0.320312,1.066406,-0.187500
1355123746.242000,-0.367188,1.292969,-0.396484
1355123746.252000,-0.367188,1.292969,-0.396484
1355123746.262000,-0.449219,1.617188,-0.658203
1355123746.272000,-0.449219,1.617188,-0.658203
1355123746.282000,-0.888672,1.947266,-0.568359
1355123746.292000,-0.888672,1.947266,-0.568359
1355123746.302000,-1.027344,2.000000,-0.378906
1355123746.312000,-1.027344,2.000000,-0.378906
1355123746.322000,-0.759766,1.966797,-0.537109
1355123746.332000,-0.759766,1.966797,-0.537109
1355123746.342000,-0.390625,1.552734,-0.554688
1355123746.352000,-0.390625,1.552734,-0.554688
1355123746.362000,-0.390625,1.552734,-0.554688
1355123746.372000,-0.390625,1.552734,-0.554688
1355123746.389000,0.066406,0.583984,0.113281
1355123746.392000,0.066406,0.583984,0.113281
1355123746.403000,0.066406,0.583984,0.113281
1355123746.412000,0.060547,0.501953,0.201172
1355123746.422000,-0.041016,0.550781,0.146484
1355123746.432000,-0.041016,0.550781,0.146484
1355123746.442000,-0.166016,0.560547,0.156250
1355123746.453000,-0.166016,0.560547,0.156250
1355123746.462000,-0.271484,0.466797,0.201172
1355123746.472000,-0.271484,0.466797,0.201172
1355123746.483000,-0.240234,0.375000,0.275391
1355123746.492000,-0.240234,0.375000,0.275391
1355123746.502000,-0.150391,0.353516,0.363281
1355123746.512000,-0.150391,0.353516,0.363281
1355123746.522000,-0.156250,0.462891,0.302734
1355123746.533000,-0.156250,0.462891,0.302734
1355123746.542000,-0.269531,0.560547,0.029297
1355123746.552000,-0.269531,0.560547,0.029297
1355123746.562000,-0.341797,0.617188,-0.039062
1355123746.572000,-0.341797,0.617188,-0.039062
1355123746.582000,-0.380859,0.695312,-0.013672
1355123746.593000,-0.380859,0.695312,-0.013672
1355123746.602000,-0.437500,0.912109,0.128906
1355123746.612000,-0.437500,0.912109,0.128906
1355123746.622000,-0.376953,1.175781,0.072266
1355123746.632000,-0.376953,1.175781,0.072266
1355123746.643000,-0.212891,1.201172,-0.101562
1355123746.652000,-0.212891,1.201172,-0.101562
1355123746.662000,-0.212891,1.201172,-0.101562
1355123746.672000,-0.187500,1.064453,-0.083984
1355123746.682000,-0.162109,1.210938,-0.009766
1355123746.692000,-0.162109,1.210938,-0.009766
1355123746.702000,-0.128906,1.496094,-0.162109
1355123746.712000,-0.128906,1.496094,-0.162109
1355123746.722000,-0.101562,1.623047,-0.492188
1355123746.733000,-0.095703,1.837891,-1.156250
1355123746.743000,-0.095703,1.837891,-1.156250
1355123746.752000,-0.449219,1.935547,-1.275391
1355123746.762000,-0.449219,1.935547,-1.275391
1355123746.772000,-0.449219,1.935547,-1.275391
1355123746.782000,-0.666016,1.552734,-0.789062
1355123746.792000,-0.718750,1.060547,-0.123047
1355123746.802000,-0.718750,1.060547,-0.123047
1355123746.812000,-0.601562,0.839844,0.195312
1355123746.823000,-0.601562,0.839844,0.195312
1355123746.832000,-0.347656,0.949219,0.251953
1355123746.842000,-0.347656,0.949219,0.251953
1355123746.853000,-0.238281,1.068359,-0.222656
1355123746.862000,-0.238281,1.068359,-0.222656
1355123746.873000,-0.238281,1.068359,-0.222656
1355123746.882000,-0.238281,1.068359,-0.222656
1355123746.892000,-0.160156,1.031250,-0.591797
1355123746.903000,-0.181641,0.818359,-0.445312
1355123746.912000,-0.181641,0.818359,-0.445312
1355123746.922000,-0.138672,0.619141,-0.152344
1355123746.932000,-0.042969,0.466797,0.138672
1355123746.942000,-0.042969,0.466797,0.138672
1355123746.952000,0.160156,0.515625,0.152344
1355123746.962000,0.160156,0.515625,0.152344
1355123746.972000,0.306641,0.638672,-0.015625
1355123746.983000,0.306641,0.638672,-0.015625
1355123746.992000,0.291016,0.720703,-0.033203
1355123747.002000,0.291016,0.720703,-0.033203
1355123747.012000,0.208984,0.816406,0.054688
1355123747.022000,0.208984,0.816406,0.054688
1355123747.032000,0.126953,0.919922,-0.001953
1355123747.042000,0.126953,0.919922,-0.001953
1355123747.053000,0.029297,1.041016,0.023438
1355123747.062000,0.029297,1.041016,0.023438
1355123747.083000,0.029297,1.041016,0.023438
1355123747.088000,0.029297,1.041016,0.023438
1355123747.096000,-0.273438,1.095703,0.298828
1355123747.103000,-0.273438,1.095703,0.298828
1355123747.113000,-0.273438,1.095703,0.298828
1355123747.123000,-0.273438,1.095703,0.298828
1355123747.134000,-0.226562,0.921875,0.179688
1355123747.143000,-0.226562,0.921875,0.179688
1355123747.153000,-0.226562,0.921875,0.179688
1355123747.166000,-0.226562,0.921875,0.179688
1355123747.173000,-0.066406,1.000000,0.375000
1355123747.184000,0.027344,1.101562,0.261719
1355123747.193000,0.027344,1.101562,0.261719
1355123747.203000,-0.044922,1.054688,0.138672
1355123747.213000,-0.044922,1.054688,0.138672
1355123747.223000,-0.169922,1.029297,0.037109
1355123747.233000,-0.169922,1.029297,0.037109
1355123747.243000,-0.357422,1.166016,-0.164062
1355123747.253000,-0.357422,1.166016,-0.164062
1355123747.263000,-0.566406,1.421875,-0.472656
1355123747.273000,-0.566406,1.421875,-0.472656
1355123747.283000,-0.492188,1.523438,-0.849609
1355123747.293000,-0.492188,1.523438,-0.849609
1355123747.303000,-0.400391,1.275391,-1.083984
1355123747.313000,-0.400391,1.275391,-1.083984
1355123747.323000,-0.376953,0.873047,-1.015625
1355123747.333000,-0.376953,0.873047,-1.015625
1355123747.344000,-0.455078,0.582031,-0.726562
1355123747.353000,-0.455078,0.582031,-0.726562
1355123747.363000,-0.431641,0.500000,-0.187500
1355123747.373000,-0.431641,0.500000,-0.187500
1355123747.383000,-0.431641,0.500000,-0.187500
1355123747.393000,-0.365234,0.765625,0.080078
1355123747.404000,-0.271484,1.001953,-0.097656
1355123747.413000,-0.271484,1.001953,-0.097656
1355123747.423000,-0.142578,1.208984,-0.431641
1355123747.433000,-0.142578,1.208984,-0.431641
1355123747.443000,0.076172,1.029297,-0.587891
1355123747.453000,0.076172,1.029297,-0.587891
1355123747.463000,0.171875,0.783203,-0.416016
1355123747.474000,0.171875,0.783203,-0.416016
1355123747.484000,0.093750,0.662109,-0.027344
1355123747.493000,0.093750,0.662109,-0.027344
1355123747.503000,-0.115234,0.601562,0.105469
1355123747.513000,-0.267578,0.666016,0.119141
1355123747.524000,-0.267578,0.666016,0.119141
1355123747.533000,-0.277344,0.863281,-0.052734
1355123747.543000,-0.277344,0.863281,-0.052734
1355123747.553000,-0.312500,1.001953,-0.144531
1355123747.563000,-0.312500,1.001953,-0.144531
1355123747.573000,-0.388672,0.890625,-0.191406
1355123747.584000,-0.388672,0.890625,-0.191406
1355123747.593000,-0.525391,0.828125,0.009766
1355123747.603000,-0.525391,0.828125,0.009766
1355123747.613000,-0.677734,0.833984,0.220703
1355123747.624000,-0.677734,0.833984,0.220703
1355123747.633000,-0.677734,0.833984,0.220703
1355123747.643000,-0.587891,0.869141,0.019531
1355123747.655000,-0.587891,0.869141,0.019531
1355123747.663000,-0.326172,0.912109,-0.062500
1355123747.673000,-0.099609,0.894531,-0.080078
1355123747.683000,-0.099609,0.894531,-0.080078
1355123747.693000,-0.039062,0.802734,0.011719
1355123747.703000,-0.039062,0.802734,0.011719
1355123747.713000,-0.060547,0.781250,0.261719
1355123747.723000,-0.060547,0.781250,0.261719
1355123747.733000,-0.072266,0.896484,0.486328
1355123747.743000,-0.072266,0.896484,0.486328
1355123747.753000,-0.013672,0.978516,0.490234
1355123747.763000,-0.013672,0.978516,0.490234
1355123747.773000,-0.013672,0.978516,0.490234
1355123747.783000,-0.072266,0.894531,0.029297
1355123747.793000,-0.568359,0.964844,-0.636719
1355123747.803000,-0.568359,0.964844,-0.636719
1355123747.814000,-0.882812,1.218750,-1.017578
1355123747.823000,-0.882812,1.218750,-1.017578
1355123747.838000,-1.054688,1.839844,-0.791016
1355123747.843000,-1.054688,1.839844,-0.791016
1355123747.853000,-0.816406,1.648438,-1.132812
1355123747.863000,-0.816406,1.648438,-1.132812
1355123747.873000,-0.816406,1.648438,-1.132812
1355123747.883000,-0.816406,1.648438,-1.132812
1355123747.893000,-0.109375,0.601562,-0.386719
1355123747.904000,-0.109375,0.601562,-0.386719
1355123747.913000,0.050781,0.601562,0.121094
1355123747.923000,0.050781,0.601562,0.121094
1355123747.933000,0.119141,0.929688,0.097656
1355123747.943000,0.119141,0.929688,0.097656
1355123747.954000,0.068359,1.095703,-0.353516
1355123747.963000,0.017578,0.966797,-0.566406
1355123747.973000,0.017578,0.966797,-0.566406
1355123747.983000,-0.132812,0.798828,-0.490234
1355123747.993000,-0.132812,0.798828,-0.490234
1355123748.004000,-0.285156,0.707031,-0.289062
1355123748.013000,-0.285156,0.707031,-0.289062
1355123748.023000,-0.285156,0.707031,-0.289062
1355123748.034000,-0.304688,0.693359,-0.007812
1355123748.043000,-0.195312,0.693359,-0.105469
1355123748.053000,-0.195312,0.693359,-0.105469
1355123748.063000,-0.095703,0.664062,-0.242188
1355123748.073000,-0.095703,0.664062,-0.242188
1355123748.083000,-0.056641,0.683594,-0.300781
1355123748.093000,-0.056641,0.683594,-0.300781
1355123748.103000,-0.056641,0.683594,-0.300781
1355123748.113000,0.076172,0.794922,-0.289062
1355123748.123000,0.074219,0.855469,-0.164062
1355123748.133000,0.074219,0.855469,-0.164062
1355123748.143000,0.074219,0.855469,-0.164062
1355123748.154000,0.074219,0.855469,-0.164062
1355123748.164000,0.005859,0.611328,0.128906
1355123748.173000,0.005859,0.611328,0.128906
1355123748.183000,0.011719,0.683594,0.285156
1355123748.193000,0.011719,0.683594,0.285156
1355123748.203000,-0.007812,0.892578,0.234375
1355123748.213000,-0.007812,0.892578,0.234375
1355123748.223000,0.015625,0.794922,-0.095703
1355123748.233000,0.015625,0.794922,-0.095703
1355123748.243000,0.015625,0.794922,-0.095703
1355123748.253000,0.015625,0.794922,-0.095703
1355123748.263000,0.015625,0.544922,-0.105469
1355123748.273000,0.015625,0.544922,-0.105469
1355123748.283000,-0.060547,0.652344,0.234375
1355123748.293000,-0.060547,0.652344,0.234375
1355123748.303000,-0.050781,0.703125,0.250000
1355123748.313000,-0.050781,0.703125,0.250000
1355123748.323000,-0.017578,0.724609,-0.046875
1355123748.333000,-0.017578,0.724609,-0.046875
1355123748.343000,-0.029297,0.830078,-0.154297
1355123748.353000,-0.029297,0.830078,-0.154297
1355123748.363000,-0.109375,0.851563,-0.171875
1355123748.374000,-0.109375,0.851563,-0.171875
1355123748.383000,-0.109375,0.851563,-0.171875
1355123748.393000,-0.189453,0.808594,-0.273438
1355123748.403000,-0.273438,0.818359,-0.376953
1355123748.413000,-0.378906,0.939453,-0.492188
1355123748.423000,-0.378906,0.939453,-0.492188
1355123748.433000,-0.357422,1.169922,-0.523438
1355123748.444000,-0.357422,1.169922,-0.523438
1355123748.453000,-0.357422,1.169922,-0.523438
1355123748.463000,-0.298828,1.689453,-0.486328
1355123748.473000,-0.496094,2.000000,-0.570312
1355123748.483000,-0.496094,2.000000,-0.570312
1355123748.493000,-0.683594,2.000000,-0.458984
1355123748.506000,-0.683594,2.000000,-0.458984
1355123748.513000,-0.564453,1.828125,-0.207031
1355123748.523000,-0.564453,1.828125,-0.207031
1355123748.533000,-0.402344,1.248047,-0.251953
1355123748.543000,-0.402344,1.248047,-0.251953
1355123748.553000,-0.439453,0.904297,-0.015625
1355123748.563000,-0.439453,0.904297,-0.015625
1355123748.573000,-0.554688,0.884766,0.042969
1355123748.583000,-0.554688,0.884766,0.042969
1355123748.593000,-0.478516,1.048828,-0.048828
1355123748.604000,-0.478516,1.048828,-0.048828
1355123748.613000,-0.392578,1.068359,-0.121094
1355123748.623000,-0.392578,1.068359,-0.121094
1355123748.634000,-0.392578,1.068359,-0.121094
1355123748.643000,-0.392578,1.068359,-0.121094
1355123748.654000,-0.392578,1.068359,-0.121094
1355123748.663000,-0.115234,0.519531,-0.001953
1355123748.673000,0.042969,0.292969,0.058594
1355123748.684000,0.042969,0.292969,0.058594
1355123748.693000,0.105469,0.236328,0.179688
1355123748.703000,0.105469,0.236328,0.179688
1355123748.713000,0.144531,0.390625,0.224609
1355123748.723000,0.144531,0.390625,0.224609
1355123748.733000,0.144531,0.441406,0.003906
1355123748.743000,0.144531,0.441406,0.003906
1355123748.753000,-0.152344,0.406250,-0.136719
1355123748.763000,-0.152344,0.406250,-0.136719
1355123748.773000,-0.275391,0.353516,-0.132812
1355123748.783000,-0.275391,0.353516,-0.132812
1355123748.793000,-0.298828,0.380859,0.117187
1355123748.804000,-0.298828,0.380859,0.117187
1355123748.813000,-0.226562,0.533203,0.117187
1355123748.823000,-0.226562,0.533203,0.117187
1355123748.834000,-0.208984,0.703125,-0.083984
1355123748.843000,-0.275391,0.820312,-0.173828
1355123748.853000,-0.275391,0.820312,-0.173828
1355123748.864000,-0.275391,0.820312,-0.173828
1355123748.873000,-0.275391,0.820312,-0.173828
1355123748.883000,-0.275391,0.820312,-0.173828
1355123748.893000,-0.423828,0.662109,0.125000
1355123748.903000,-0.423828,0.662109,0.125000
1355123748.913000,-0.363281,0.851563,-0.015625
1355123748.923000,-0.308594,1.064453,-0.644531
1355123748.933000,-0.308594,1.064453,-0.644531
1355123748.943000,-0.390625,1.345703,-0.865234
1355123748.953000,-0.390625,1.345703,-0.865234
1355123748.963000,-0.435547,1.791016,-0.234375
1355123748.973000,-0.435547,1.791016,-0.234375
1355123748.983000,-0.119141,2.000000,-0.066406
1355123748.993000,-0.119141,2.000000,-0.066406
1355123749.003000,0.107422,2.000000,-0.509766
1355123749.013000,0.107422,2.000000,-0.509766
1355123749.023000,0.287109,2.000000,-0.560547
1355123749.033000,0.287109,2.000000,-0.560547
1355123749.043000,0.337891,1.650391,-0.351562
1355123749.053000,0.337891,1.650391,-0.351562
1355123749.063000,0.246094,0.992188,-0.087891
1355123749.073000,0.246094,0.992188,-0.087891
1355123749.083000,0.087891,0.751953,0.017578
1355123749.093000,0.087891,0.751953,0.017578
1355123749.114000,0.087891,0.751953,0.017578
1355123749.117000,0.087891,0.751953,0.017578
1355123749.123000,0.087891,0.751953,0.017578
1355123749.133000,0.087891,0.751953,0.017578
1355123749.143000,-0.164062,0.894531,0.144531
1355123749.153000,-0.164062,0.894531,0.144531
1355123749.164000,-0.164062,0.894531,0.144531
1355123749.174000,-0.164062,0.894531,0.144531
1355123749.183000,-0.164062,0.894531,0.144531
1355123749.193000,-0.164062,0.894531,0.144531
1355123749.203000,-0.177734,0.882812,-0.017578
1355123749.213000,-0.177734,0.882812,-0.017578
1355123749.223000,-0.033203,0.496094,-0.125000
1355123749.233000,-0.277344,0.365234,0.187500
1355123749.243000,-0.251953,0.388672,0.099609
1355123749.253000,-0.126953,0.412109,-0.142578
1355123749.263000,-0.126953,0.412109,-0.142578
1355123749.273000,-0.066406,0.523438,-0.046875
1355123749.283000,-0.066406,0.523438,-0.046875
1355123749.293000,-0.017578,0.773438,0.255859
1355123749.303000,-0.017578,0.773438,0.255859
1355123749.313000,-0.009766,0.869141,0.187500
1355123749.323000,-0.009766,0.869141,0.187500
1355123749.333000,0.031250,0.800781,-0.183594
1355123749.344000,0.031250,0.800781,-0.183594
1355123749.354000,0.031250,0.800781,-0.183594
1355123749.363000,0.052734,0.781250,-0.107422
1355123749.373000,0.052734,0.781250,-0.107422
1355123749.383000,0.052734,0.781250,-0.107422
1355123749.393000,0.027344,1.179688,-0.205078
1355123749.404000,0.027344,1.179688,-0.205078
1355123749.414000,-0.068359,1.281250,-0.699219
1355123749.423000,-0.068359,1.281250,-0.699219
1355123749.433000,-0.171875,1.396484,-0.695312
1355123749.443000,-0.171875,1.396484,-0.695312
1355123749.453000,-0.339844,1.568359,-0.486328
1355123749.463000,-0.339844,1.568359,-0.486328
1355123749.473000,-0.673828,1.683594,-0.343750
1355123749.483000,-0.673828,1.683594,-0.343750
1355123749.493000,-0.859375,1.917969,-0.533203
1355123749.503000,-0.859375,1.917969,-0.533203
1355123749.513000,-0.919922,2.000000,-0.449219
1355123749.524000,-0.919922,2.000000,-0.449219
1355123749.533000,-0.609375,1.621094,-0.419922
1355123749.543000,-0.609375,1.621094,-0.419922
1355123749.553000,-0.392578,0.957031,-0.185547
1355123749.563000,-0.392578,0.957031,-0.185547
1355123749.573000,-0.173828,0.511719,-0.042969
1355123749.583000,-0.173828,0.511719,-0.042969
1355123749.593000,-0.123047,0.339844,0.130859
1355123749.603000,-0.123047,0.339844,0.130859
1355123749.613000,-0.234375,0.445312,0.093750
1355123749.623000,-0.234375,0.445312,0.093750
1355123749.633000,-0.234375,0.445312,0.093750
1355123749.643000,-0.208984,0.628906,-0.062500
1355123749.653000,-0.208984,0.628906,-0.062500
1355123749.663000,-0.193359,0.644531,-0.166016
1355123749.674000,-0.080078,0.546875,-0.144531
1355123749.683000,-0.080078,0.546875,-0.144531
1355123749.693000,-0.007812,0.453125,0.025391
1355123749.703000,-0.007812,0.453125,0.025391
1355123749.714000,-0.001953,0.511719,0.171875
1355123749.723000,-0.001953,0.511719,0.171875
1355123749.733000,-0.001953,0.511719,0.171875
1355123749.743000,-0.056641,0.570312,0.082031
1355123749.753000,-0.125000,0.515625,0.033203
1355123749.764000,-0.125000,0.515625,0.033203
1355123749.773000,-0.191406,0.476563,0.093750
1355123749.784000,-0.250000,0.531250,0.070312
1355123749.793000,-0.250000,0.531250,0.070312
1355123749.803000,-0.281250,0.699219,0.019531
1355123749.813000,-0.281250,0.699219,0.019531
1355123749.823000,-0.375000,0.896484,-0.095703
1355123749.833000,-0.375000,0.896484,-0.095703
1355123749.857000,-0.375000,0.896484,-0.095703
1355123749.862000,-0.375000,0.896484,-0.095703
1355123749.869000,-0.496094,0.949219,-0.251953
1355123749.877000,-0.496094,0.949219,-0.251953
1355123749.884000,-0.496094,0.949219,-0.251953
1355123749.893000,-0.496094,0.949219,-0.251953
1355123749.905000,-0.539062,0.804688,-0.439453
1355123749.914000,-0.443359,0.718750,-0.320312
1355123749.923000,-0.443359,0.718750,-0.320312
1355123749.933000,-0.443359,0.718750,-0.320312
1355123749.946000,-0.443359,0.718750,-0.320312
1355123749.953000,-0.248047,1.412109,-0.578125
1355123749.963000,-0.230469,1.744141,-0.197266
1355123749.973000,-0.230469,1.744141,-0.197266
1355123749.983000,0.019531,1.927734,-0.490234
1355123749.993000,0.019531,1.927734,-0.490234
1355123750.003000,0.019531,2.000000,-0.539062
1355123750.013000,0.019531,2.000000,-0.539062
1355123750.023000,0.083984,1.761719,-0.404297
1355123750.033000,0.083984,1.761719,-0.404297
1355123750.043000,-0.013672,1.082031,-0.068359
1355123750.053000,-0.013672,1.082031,-0.068359
1355123750.063000,-0.171875,0.791016,0.230469
1355123750.073000,-0.171875,0.791016,0.230469
1355123750.083000,-0.212891,0.810547,0.212891
1355123750.093000,-0.212891,0.810547,0.212891
1355123750.103000,-0.113281,0.890625,-0.111328
1355123750.113000,-0.113281,0.890625,-0.111328
1355123750.124000,-0.158203,0.810547,-0.164062
1355123750.133000,-0.158203,0.810547,-0.164062
1355123750.143000,-0.158203,0.810547,-0.164062
1355123750.153000,-0.279297,0.656250,-0.156250
1355123750.165000,-0.166016,0.435547,-0.056641
1355123750.173000,-0.048828,0.414062,0.146484
1355123750.183000,-0.048828,0.414062,0.146484
1355123750.194000,-0.105469,0.615234,0.177734
1355123750.204000,-0.105469,0.615234,0.177734
1355123750.214000,-0.126953,0.667969,0.138672
1355123750.223000,-0.126953,0.667969,0.138672
1355123750.233000,-0.101562,0.527344,-0.050781
1355123750.243000,-0.101562,0.527344,-0.050781
1355123750.253000,-0.054688,0.380859,-0.132812
1355123750.263000,-0.054688,0.380859,-0.132812
1355123750.273000,-0.033203,0.365234,0.011719
1355123750.284000,-0.033203,0.365234,0.011719
1355123750.293000,-0.033203,0.365234,0.011719
1355123750.303000,-0.099609,0.708984,0.314453
1355123750.313000,0.005859,0.798828,0.078125
1355123750.323000,0.005859,0.798828,0.078125
1355123750.333000,0.097656,0.630859,-0.246094
1355123750.343000,0.097656,0.630859,-0.246094
1355123750.354000,0.201172,0.455078,-0.199219
1355123750.363000,0.201172,0.455078,-0.199219
1355123750.373000,0.181641,0.623047,0.023438
1355123750.383000,0.181641,0.623047,0.023438
1355123750.393000,0.181641,0.623047,0.023438
1355123750.403000,-0.023438,1.000000,0.005859
1355123750.415000,-0.185547,1.201172,-0.392578
1355123750.423000,-0.185547,1.201172,-0.392578
1355123750.433000,-0.259766,1.314453,-0.732422
1355123750.443000,-0.259766,1.314453,-0.732422
1355123750.453000,-0.419922,1.642578,-0.699219
1355123750.463000,-0.419922,1.642578,-0.699219
1355123750.473000,-0.806641,1.902344,-0.810547
1355123750.484000,-0.806641,1.902344,-0.810547
1355123750.494000,-1.058594,2.000000,-0.550781
1355123750.503000,-1.058594,2.000000,-0.550781
1355123750.513000,-0.933594,1.980469,-0.263672
1355123750.523000,-0.933594,1.980469,-0.263672
1355123750.534000,-0.654297,1.605469,-0.423828
1355123750.543000,-0.654297,1.605469,-0.423828
1355123750.558000,-0.654297,1.605469,-0.423828
1355123750.563000,-0.654297,1.605469,-0.423828
1355123750.574000,-0.347656,1.201172,-0.228516
1355123750.583000,-0.162109,0.949219,-0.091797
1355123750.593000,-0.134766,0.818359,0.052734
1355123750.603000,-0.134766,0.818359,0.052734
1355123750.613000,-0.134766,0.818359,0.052734
1355123750.623000,-0.197266,0.843750,-0.033203
1355123750.633000,-0.257812,0.761719,-0.115234
1355123750.643000,-0.257812,0.761719,-0.115234
1355123750.653000,-0.257812,0.761719,-0.115234
1355123750.663000,-0.121094,0.431641,0.125000
1355123750.673000,-0.121094,0.431641,0.125000
1355123750.683000,0.001953,0.439453,0.068359
1355123750.693000,0.001953,0.439453,0.068359
1355123750.703000,0.029297,0.488281,0.095703
1355123750.713000,0.029297,0.488281,0.095703
1355123750.723000,-0.023438,0.533203,0.156250
1355123750.733000,-0.023438,0.533203,0.156250
1355123750.743000,-0.111328,0.480469,0.052734
1355123750.753000,-0.111328,0.480469,0.052734
1355123750.763000,-0.171875,0.363281,-0.119141
1355123750.773000,-0.171875,0.363281,-0.119141
1355123750.783000,-0.212891,0.384766,0.035156
1355123750.793000,-0.212891,0.384766,0.035156
1355123750.804000,-0.171875,0.621094,0.041016
1355123750.813000,-0.171875,0.621094,0.041016
1355123750.823000,-0.216797,0.818359,-0.150391
1355123750.833000,-0.216797,0.818359,-0.150391
1355123750.844000,-0.275391,0.835937,-0.347656
1355123750.854000,-0.275391,0.835937,-0.347656
1355123750.864000,-0.275391,0.835937,-0.347656
1355123750.875000,-0.388672,0.667969,-0.191406
1355123750.883000,-0.388672,0.667969,-0.191406
1355123750.894000,-0.388672,0.667969,-0.191406
1355123750.903000,-0.388672,0.667969,-0.191406
1355123750.913000,-0.466797,0.636719,0.003906
1355123750.923000,-0.310547,0.869141,-0.466797
1355123750.933000,-0.310547,0.869141,-0.466797
1355123750.943000,-0.248047,1.138672,-0.701172
1355123750.953000,-0.248047,1.138672,-0.701172
1355123750.963000,-0.296875,1.582031,-0.396484
1355123750.973000,-0.296875,1.582031,-0.396484
1355123750.983000,-0.144531,1.947266,0.181641
1355123750.993000,-0.144531,1.947266,0.181641
1355123751.003000,0.244141,2.000000,-0.472656
1355123751.013000,0.244141,2.000000,-0.472656
1355123751.023000,0.251953,2.000000,-0.716797
1355123751.033000,0.251953,2.000000,-0.716797
1355123751.043000,0.087891,1.632812,-0.425781
1355123751.053000,0.087891,1.632812,-0.425781
1355123751.064000,-0.179688,0.972656,0.062500
1355123751.073000,-0.255859,0.750000,0.443359
1355123751.083000,-0.255859,0.750000,0.443359
1355123751.093000,-0.224609,0.880859,0.111328
1355123751.103000,-0.224609,0.880859,0.111328
1355123751.114000,-0.095703,0.998047,-0.218750
1355123751.123000,-0.095703,0.998047,-0.218750
1355123751.133000,-0.095703,0.998047,-0.218750
1355123751.143000,-0.095703,0.998047,-0.218750
1355123751.153000,0.005859,0.695312,-0.142578
1355123751.165000,0.005859,0.695312,-0.142578
1355123751.173000,-0.007812,0.490234,-0.037109
1355123751.183000,-0.007812,0.490234,-0.037109
1355123751.193000,-0.044922,0.341797,0.029297
1355123751.203000,-0.044922,0.341797,0.029297
1355123751.213000,-0.070312,0.345703,0.101562
1355123751.223000,-0.070312,0.345703,0.101562
1355123751.233000,-0.093750,0.554688,0.089844
1355123751.243000,-0.093750,0.554688,0.089844
1355123751.254000,-0.115234,0.699219,-0.035156
1355123751.263000,-0.115234,0.699219,-0.035156
1355123751.278000,-0.115234,0.699219,-0.035156
1355123751.285000,-0.115234,0.699219,-0.035156
1355123751.293000,-0.115234,0.699219,-0.035156
1355123751.304000,-0.013672,0.601562,-0.095703
1355123751.313000,0.023438,0.556641,-0.109375
1355123751.323000,0.023438,0.556641,-0.109375
1355123751.333000,-0.003906,0.630859,-0.021484
1355123751.343000,-0.003906,0.630859,-0.021484
1355123751.353000,-0.023438,0.835937,0.218750
1355123751.363000,-0.023438,0.835937,0.218750
1355123751.373000,0.021484,0.947266,0.062500
1355123751.383000,0.021484,0.947266,0.062500
1355123751.393000,0.070312,0.802734,-0.220703
1355123751.404000,0.070312,0.802734,-0.220703
1355123751.413000,0.070312,0.802734,-0.220703
1355123751.423000,0.115234,0.716797,-0.146484
1355123751.433000,-0.003906,0.769531,-0.136719
1355123751.443000,-0.003906,0.769531,-0.136719
1355123751.453000,-0.173828,0.943359,-0.140625
1355123751.463000,-0.173828,0.943359,-0.140625
1355123751.473000,-0.269531,1.158203,-0.398438
1355123751.484000,-0.269531,1.158203,-0.398438
1355123751.493000,-0.367188,1.498047,-0.408203
1355123751.504000,-0.367188,1.498047,-0.408203
1355123751.513000,-0.748047,1.843750,-0.609375
1355123751.523000,-0.748047,1.843750,-0.609375
1355123751.533000,-1.025391,2.000000,-0.693359
1355123751.544000,-0.904297,2.000000,-0.554688
1355123751.553000,-0.904297,2.000000,-0.554688
1355123751.563000,-0.904297,2.000000,-0.554688
1355123751.573000,-0.595703,1.833984,-0.722656
1355123751.583000,-0.246094,1.060547,-0.242188
1355123751.593000,-0.246094,1.060547,-0.242188
1355123751.604000,-0.044922,0.513672,0.203125
1355123751.613000,-0.044922,0.513672,0.203125
1355123751.623000,-0.082031,0.322266,0.285156
1355123751.633000,-0.082031,0.322266,0.285156
1355123751.643000,-0.082031,0.322266,0.285156
1355123751.653000,-0.175781,0.507812,0.083984
1355123751.663000,-0.175781,0.507812,0.083984
1355123751.673000,-0.160156,0.677734,-0.121094
1355123751.683000,-0.167969,0.570312,-0.111328
1355123751.693000,-0.167969,0.570312,-0.111328
1355123751.703000,-0.156250,0.388672,0.062500
1355123751.714000,-0.156250,0.388672,0.062500
1355123751.724000,-0.167969,0.335938,0.121094
1355123751.733000,-0.167969,0.335938,0.121094
1355123751.743000,-0.224609,0.468750,0.144531
1355123751.753000,-0.224609,0.468750,0.144531
1355123751.764000,-0.228516,0.658203,0.082031
1355123751.773000,-0.228516,0.658203,0.082031
1355123751.783000,-0.203125,0.701172,-0.003906
1355123751.793000,-0.203125,0.701172,-0.003906
1355123751.803000,-0.201172,0.503906,-0.105469
1355123751.813000,-0.201172,0.503906,-0.105469
1355123751.823000,-0.199219,0.322266,-0.029297
1355123751.833000,-0.199219,0.322266,-0.029297
1355123751.843000,-0.169922,0.363281,0.115234
1355123751.854000,-0.169922,0.363281,0.115234
1355123751.864000,-0.169922,0.363281,0.115234
1355123751.873000,-0.150391,0.587891,-0.001953
1355123751.883000,-0.150391,0.587891,-0.001953
1355123751.893000,-0.150391,0.587891,-0.001953
1355123751.903000,-0.357422,0.925781,-0.144531
1355123751.913000,-0.357422,0.925781,-0.144531
1355123751.923000,-0.445312,0.859375,-0.082031
1355123751.933000,-0.445312,0.859375,-0.082031
1355123751.944000,-0.392578,0.712891,-0.072266
1355123751.954000,-0.341797,0.781250,-0.115234
1355123751.971000,-0.341797,0.781250,-0.115234
1355123751.978000,-0.341797,0.781250,-0.115234
1355123751.984000,-0.341797,0.781250,-0.115234
1355123751.993000,-0.341797,0.781250,-0.115234
1355123752.003000,-0.318359,1.339844,-0.496094
1355123752.014000,-0.318359,1.339844,-0.496094
1355123752.024000,-0.355469,1.871094,-0.304688
1355123752.033000,-0.087891,1.992188,0.023438
1355123752.043000,-0.087891,1.992188,0.023438
1355123752.053000,0.162109,1.982422,-0.089844
1355123752.063000,0.162109,1.982422,-0.089844
1355123752.073000,0.121094,2.000000,-0.449219
1355123752.083000,0.121094,2.000000,-0.449219
1355123752.093000,0.021484,1.689453,-0.503906
1355123752.103000,0.021484,1.689453,-0.503906
1355123752.113000,0.021484,1.689453,-0.503906
1355123752.123000,-0.117187,1.011719,-0.273438
1355123752.133000,-0.117187,1.011719,-0.273438
1355123752.143000,-0.117187,1.011719,-0.273438
1355123752.153000,-0.214844,0.644531,0.109375
1355123752.163000,-0.214844,0.644531,0.109375
1355123752.173000,-0.228516,0.720703,-0.058594
1355123752.183000,-0.228516,0.720703,-0.058594
1355123752.193000,-0.123047,0.707031,-0.250000
1355123752.203000,-0.123047,0.707031,-0.250000
1355123752.213000,-0.042969,0.617188,-0.250000
1355123752.223000,-0.042969,0.617188,-0.250000
1355123752.233000,-0.015625,0.533203,-0.183594
1355123752.243000,-0.015625,0.533203,-0.183594
1355123752.253000,-0.070312,0.509766,-0.121094
1355123752.263000,-0.070312,0.509766,-0.121094
1355123752.274000,-0.185547,0.560547,-0.015625
1355123752.283000,-0.185547,0.560547,-0.015625
1355123752.293000,-0.248047,0.509766,0.146484
1355123752.303000,-0.248047,0.509766,0.146484
1355123752.313000,-0.230469,0.433594,0.228516
1355123752.323000,-0.230469,0.433594,0.228516
1355123752.333000,-0.148438,0.595703,0.085938
1355123752.343000,-0.148438,0.595703,0.085938
1355123752.353000,-0.089844,0.804688,-0.261719
1355123752.363000,-0.089844,0.804688,-0.261719
1355123752.373000,-0.046875,0.779297,-0.392578
1355123752.383000,-0.046875,0.779297,-0.392578
1355123752.393000,-0.046875,0.779297,-0.392578
1355123752.403000,0.005859,0.685547,-0.042969
1355123752.413000,0.048828,0.722656,0.472656
1355123752.424000,0.048828,0.722656,0.472656
1355123752.433000,0.123047,0.732422,0.183594
1355123752.443000,0.119141,0.767578,-0.203125
1355123752.453000,0.119141,0.767578,-0.203125
1355123752.463000,-0.044922,0.888672,-0.337891
1355123752.473000,-0.044922,0.888672,-0.337891
1355123752.484000,-0.044922,0.888672,-0.337891
1355123752.493000,-0.294922,1.019531,-0.529297
1355123752.503000,-0.294922,1.019531,-0.529297
1355123752.513000,-0.439453,1.275391,-0.697266
1355123752.523000,-0.656250,1.765625,-0.714844
1355123752.533000,-0.656250,1.765625,-0.714844
1355123752.543000,-0.988281,2.000000,-0.923828
1355123752.554000,-0.988281,2.000000,-0.923828
1355123752.563000,-1.087891,1.853516,-0.919922
1355123752.573000,-1.087891,1.853516,-0.919922
1355123752.583000,-0.703125,1.673828,-0.472656
1355123752.593000,-0.703125,1.673828,-0.472656
1355123752.603000,-0.367188,1.447266,-0.191406
1355123752.614000,-0.367188,1.447266,-0.191406
1355123752.623000,-0.234375,1.041016,-0.142578
1355123752.645000,-0.234375,1.041016,-0.142578
1355123752.649000,-0.234375,1.041016,-0.142578
1355123752.653000,-0.234375,1.041016,-0.142578
1355123752.664000,-0.234375,1.041016,-0.142578
1355123752.673000,-0.234375,1.041016,-0.142578
1355123752.683000,-0.234375,1.041016,-0.142578
1355123752.693000,-0.167969,0.765625,-0.111328
1355123752.703000,-0.203125,0.681641,-0.089844
1355123752.713000,-0.234375,0.734375,-0.216797
1355123752.723000,-0.169922,0.601562,-0.070312
1355123752.733000,-0.169922,0.601562,-0.070312
1355123752.743000,-0.111328,0.414062,-0.050781
1355123752.753000,-0.111328,0.414062,-0.050781
1355123752.763000,-0.072266,0.292969,0.009766
1355123752.773000,-0.072266,0.292969,0.009766
1355123752.783000,-0.068359,0.322266,0.185547
1355123752.793000,-0.068359,0.322266,0.185547
1355123752.803000,-0.076172,0.375000,0.068359
1355123752.813000,-0.076172,0.375000,0.068359
1355123752.824000,-0.125000,0.304688,-0.316406
1355123752.834000,-0.132812,0.230469,-0.414062
1355123752.843000,-0.132812,0.230469,-0.414062
1355123752.853000,-0.197266,0.396484,0.033203
1355123752.864000,-0.197266,0.396484,0.033203
1355123752.873000,-0.197266,0.396484,0.033203
1355123752.883000,-0.197266,0.396484,0.033203
1355123752.893000,-0.197266,0.396484,0.033203
1355123752.904000,-0.205078,0.863281,0.099609
1355123752.913000,-0.205078,0.863281,0.099609
1355123752.923000,-0.173828,0.896484,-0.076172
1355123752.933000,-0.191406,0.824219,-0.220703
1355123752.944000,-0.191406,0.824219,-0.220703
1355123752.953000,-0.248047,0.824219,-0.205078
1355123752.963000,-0.248047,0.824219,-0.205078
1355123752.974000,-0.271484,0.970703,-0.244141
1355123752.983000,-0.271484,0.970703,-0.244141
1355123752.993000,-0.328125,1.337891,-0.242188
1355123753.003000,-0.328125,1.337891,-0.242188
1355123753.015000,-0.337891,1.623047,-0.238281
1355123753.023000,-0.337891,1.623047,-0.238281
1355123753.033000,-0.113281,1.798828,-0.496094
1355123753.043000,-0.113281,1.798828,-0.496094
1355123753.053000,0.048828,2.000000,-0.560547
1355123753.063000,0.048828,2.000000,-0.560547
1355123753.073000,0.001953,1.988281,-0.796875
1355123753.083000,0.001953,1.988281,-0.796875
1355123753.093000,0.005859,1.300781,-0.648438
1355123753.104000,0.005859,1.300781,-0.648438
1355123753.113000,0.005859,1.300781,-0.648438
1355123753.124000,-0.187500,0.607422,-0.199219
1355123753.133000,-0.187500,0.607422,-0.199219
1355123753.143000,-0.505859,0.224609,0.306641
1355123753.155000,-0.707031,0.437500,0.449219
1355123753.163000,-0.707031,0.437500,0.449219
1355123753.173000,-0.736328,0.888672,0.060547
1355123753.183000,-0.736328,0.888672,0.060547
1355123753.193000,-0.326172,0.966797,-0.294922
1355123753.203000,-0.326172,0.966797,-0.294922
1355123753.213000,0.070312,0.796875,-0.507812
1355123753.223000,0.070312,0.796875,-0.507812
1355123753.233000,0.238281,0.570312,-0.494141
1355123753.243000,0.238281,0.570312,-0.494141
1355123753.253000,0.134766,0.488281,-0.070312
1355123753.263000,0.134766,0.488281,-0.070312
1355123753.274000,-0.156250,0.597656,0.333984
1355123753.284000,-0.214844,0.660156,0.121094
1355123753.294000,-0.214844,0.660156,0.121094
1355123753.304000,-0.119141,0.746094,-0.166016
1355123753.314000,-0.119141,0.746094,-0.166016
1355123753.324000,-0.078125,0.826172,-0.181641
1355123753.333000,-0.078125,0.826172,-0.181641
1355123753.343000,-0.078125,0.826172,-0.181641
1355123753.353000,-0.070312,0.794922,-0.076172
1355123753.363000,-0.070312,0.794922,-0.076172
1355123753.373000,-0.023438,0.759766,0.023438
1355123753.384000,0.154297,0.847656,0.035156
1355123753.394000,0.154297,0.847656,0.035156
1355123753.404000,0.154297,0.847656,0.035156
1355123753.414000,0.154297,0.847656,0.035156
1355123753.431000,0.154297,0.847656,0.035156
1355123753.433000,0.154297,0.847656,0.035156
1355123753.443000,0.214844,1.111328,0.156250
1355123753.453000,0.214844,1.111328,0.156250
1355123753.463000,-0.093750,1.033203,0.003906
1355123753.474000,-0.093750,1.033203,0.003906
1355123753.483000,-0.240234,1.027344,-0.373047
1355123753.493000,-0.240234,1.027344,-0.373047
1355123753.503000,-0.423828,1.404297,-0.443359
1355123753.513000,-0.423828,1.404297,-0.443359
1355123753.523000,-0.855469,1.849609,-0.693359
1355123753.533000,-0.855469,1.849609,-0.693359
1355123753.543000,-1.337891,2.000000,-0.808594
1355123753.553000,-1.337891,2.000000,-0.808594
1355123753.563000,-1.263672,1.900391,-0.900391
1355123753.573000,-1.263672,1.900391,-0.900391
1355123753.584000,-0.677734,1.449219,-0.681641
1355123753.593000,-0.677734,1.449219,-0.681641
1355123753.603000,-0.150391,1.099609,-0.210937
1355123753.614000,-0.150391,1.099609,-0.210937
1355123753.623000,-0.150391,1.099609,-0.210937
1355123753.633000,-0.150391,1.099609,-0.210937
1355123753.644000,-0.150391,1.099609,-0.210937
1355123753.653000,0.103516,0.755859,0.023438
1355123753.663000,0.119141,0.777344,-0.216797
1355123753.674000,0.119141,0.777344,-0.216797
1355123753.683000,0.044922,0.822266,-0.095703
1355123753.693000,0.044922,0.822266,-0.095703
1355123753.703000,-0.142578,0.689453,0.054688
1355123753.713000,-0.142578,0.689453,0.054688
1355123753.723000,-0.267578,0.468750,0.041016
1355123753.733000,-0.267578,0.468750,0.041016
1355123753.743000,-0.345703,0.337891,0.078125
1355123753.753000,-0.345703,0.337891,0.078125
1355123753.764000,-0.417969,0.392578,0.121094
1355123753.774000,-0.375000,0.593750,0.062500
1355123753.783000,-0.375000,0.593750,0.062500
1355123753.794000,-0.359375,0.777344,0.015625
1355123753.803000,-0.359375,0.777344,0.015625
1355123753.813000,-0.341797,0.697266,0.037109
1355123753.823000,-0.341797,0.697266,0.037109
1355123753.833000,-0.376953,0.644531,0.062500
1355123753.843000,-0.376953,0.644531,0.062500
1355123753.853000,-0.412109,0.716797,0.056641
1355123753.863000,-0.412109,0.716797,0.056641
1355123753.874000,-0.412109,0.716797,0.056641
1355123753.883000,-0.412109,0.716797,0.056641
1355123753.893000,-0.279297,0.990234,0.080078
1355123753.903000,-0.005859,1.408203,0.097656
1355123753.913000,0.236328,1.609375,-0.076172
1355123753.923000,0.236328,1.609375,-0.076172
1355123753.933000,0.251953,1.509766,0.007812
1355123753.943000,0.251953,1.509766,0.007812
1355123753.953000,-0.109375,1.144531,0.347656
1355123753.963000,-0.109375,1.144531,0.347656
1355123753.973000,-0.509766,1.048828,0.318359
1355123753.983000,-0.509766,1.048828,0.318359
1355123753.993000,-0.898438,1.226562,-0.361328
1355123754.003000,-0.898438,1.226562,-0.361328
1355123754.013000,-1.089844,1.486328,-0.669922
1355123754.024000,-1.089844,1.486328,-0.669922
1355123754.046000,-1.197266,1.396484,-0.416016
1355123754.050000,-1.197266,1.396484,-0.416016
1355123754.055000,-1.197266,1.396484,-0.416016
1355123754.063000,-1.197266,1.396484,-0.416016
1355123754.073000,-0.248047,0.482422,-0.601562
1355123754.083000,-0.248047,0.482422,-0.601562
1355123754.093000,0.003906,0.402344,-0.439453
1355123754.103000,0.003906,0.402344,-0.439453
1355123754.117000,0.158203,0.701172,-0.146484
1355123754.123000,0.158203,0.701172,-0.146484
1355123754.134000,0.158203,0.701172,-0.146484
1355123754.147000,0.158203,0.701172,-0.146484
1355123754.153000,0.158203,0.701172,-0.146484
1355123754.164000,-0.388672,1.291016,-0.644531
1355123754.179000,-0.529297,0.998047,-0.734375
1355123754.183000,-0.529297,0.998047,-0.734375
1355123754.193000,-0.503906,0.707031,-0.388672
1355123754.203000,-0.503906,0.707031,-0.388672
1355123754.213000,-0.421875,0.597656,-0.193359
1355123754.223000,-0.261719,0.642578,-0.285156
1355123754.233000,-0.261719,0.642578,-0.285156
1355123754.243000,-0.111328,0.705078,-0.429688
1355123754.253000,-0.111328,0.705078,-0.429688
1355123754.263000,-0.111328,0.705078,-0.429688
1355123754.273000,-0.111328,0.701172,-0.470703
1355123754.283000,-0.029297,0.732422,-0.376953
1355123754.293000,-0.029297,0.732422,-0.376953
1355123754.303000,-0.099609,0.820312,-0.306641
1355123754.313000,-0.099609,0.820312,-0.306641
1355123754.323000,-0.146484,0.894531,-0.359375
1355123754.333000,-0.146484,0.894531,-0.359375
1355123754.343000,-0.119141,0.984375,-0.343750
1355123754.353000,-0.119141,0.984375,-0.343750
1355123754.364000,-0.052734,1.007812,-0.265625
1355123754.373000,-0.052734,1.007812,-0.265625
1355123754.383000,-0.052734,1.007812,-0.265625
1355123754.393000,0.037109,0.937500,-0.251953
1355123754.404000,0.054688,0.933594,-0.242188
1355123754.413000,0.054688,0.933594,-0.242188
1355123754.423000,0.031250,0.955078,-0.201172
1355123754.433000,0.031250,0.955078,-0.201172
1355123754.443000,0.048828,0.970703,-0.136719
1355123754.453000,0.048828,0.970703,-0.136719
1355123754.463000,0.083984,1.013672,-0.076172
1355123754.473000,0.083984,1.013672,-0.076172
1355123754.483000,0.162109,1.033203,-0.082031
1355123754.493000,0.162109,1.033203,-0.082031
1355123754.503000,0.134766,0.994141,-0.107422
1355123754.513000,0.134766,0.994141,-0.107422
1355123754.523000,0.085938,0.955078,-0.005859
1355123754.533000,0.085938,0.955078,-0.005859
1355123754.543000,0.042969,0.923828,-0.101562
1355123754.553000,0.042969,0.923828,-0.101562
1355123754.563000,-0.082031,0.960938,-0.050781
1355123754.573000,-0.082031,0.960938,-0.050781
1355123754.583000,-0.181641,0.935547,0.082031
1355123754.593000,-0.181641,0.935547,0.082031
1355123754.603000,-0.224609,0.986328,-0.064453
1355123754.614000,-0.224609,0.986328,-0.064453
1355123754.624000,-0.224609,0.986328,-0.064453
1355123754.633000,-0.224609,0.986328,-0.064453
1355123754.643000,-0.404297,1.220703,-0.873047
1355123754.656000,-0.404297,1.220703,-0.873047
1355123754.663000,-0.492188,1.566406,-0.863281
1355123754.673000,-0.623047,1.367188,-0.849609
1355123754.684000,-0.623047,1.367188,-0.849609
1355123754.694000,-0.603516,0.876953,-0.681641
1355123754.703000,-0.603516,0.876953,-0.681641
1355123754.713000,-0.406250,0.636719,-0.257812
1355123754.723000,-0.406250,0.636719,-0.257812
1355123754.733000,-0.406250,0.636719,-0.257812
1355123754.743000,-0.119141,0.742188,0.070312
1355123754.753000,0.162109,1.023438,-0.201172
1355123754.770000,0.162109,1.023438,-0.201172
1355123754.774000,0.162109,1.023438,-0.201172
1355123754.783000,0.162109,1.023438,-0.201172
1355123754.793000,0.023438,1.048828,-0.271484
1355123754.803000,0.023438,1.048828,-0.271484
1355123754.813000,-0.134766,0.871094,-0.148438
1355123754.823000,-0.134766,0.871094,-0.148438
1355123754.833000,-0.271484,0.656250,-0.064453
1355123754.843000,-0.271484,0.656250,-0.064453
1355123754.853000,-0.400391,0.482422,-0.031250
1355123754.864000,-0.400391,0.482422,-0.031250
1355123754.873000,-0.400391,0.482422,-0.031250
1355123754.883000,-0.478516,0.492188,-0.013672
1355123754.893000,-0.476563,0.742188,0.089844
1355123754.903000,-0.476563,0.742188,0.089844
1355123754.913000,-0.460938,0.849609,-0.050781
1355123754.923000,-0.460938,0.849609,-0.050781
1355123754.933000,-0.406250,0.828125,-0.171875
1355123754.944000,-0.406250,0.828125,-0.171875
1355123754.954000,-0.343750,0.746094,-0.183594
1355123754.963000,-0.343750,0.746094,-0.183594
1355123754.973000,-0.273438,0.654297,-0.085938
1355123754.983000,-0.273438,0.654297,-0.085938
1355123754.993000,-0.208984,0.623047,-0.027344
1355123755.003000,-0.208984,0.623047,-0.027344
1355123755.013000,-0.119141,0.595703,-0.050781
1355123755.023000,-0.119141,0.595703,-0.050781
1355123755.033000,-0.021484,0.558594,-0.109375
1355123755.043000,-0.021484,0.558594,-0.109375
1355123755.053000,0.042969,0.501953,-0.089844
1355123755.063000,0.042969,0.501953,-0.089844
1355123755.073000,0.052734,0.513672,0.093750
1355123755.083000,0.052734,0.513672,0.093750
1355123755.093000,-0.097656,0.671875,0.181641
1355123755.103000,-0.097656,0.671875,0.181641
1355123755.113000,-0.246094,0.787109,0.068359
1355123755.123000,-0.246094,0.787109,0.068359
1355123755.133000,-0.246094,0.787109,0.068359
1355123755.143000,-0.337891,0.919922,0.166016
1355123755.153000,-0.408203,1.078125,0.017578
1355123755.163000,-0.408203,1.078125,0.017578
1355123755.173000,-0.417969,1.167969,-0.162109
1355123755.183000,-0.339844,1.080078,-0.009766
1355123755.193000,-0.339844,1.080078,-0.009766
1355123755.203000,-0.287109,0.794922,0.208984
1355123755.213000,-0.287109,0.794922,0.208984
1355123755.223000,-0.275391,0.591797,0.263672
1355123755.233000,-0.275391,0.591797,0.263672
1355123755.245000,-0.246094,0.703125,0.287109
1355123755.253000,-0.246094,0.703125,0.287109
1355123755.263000,-0.359375,0.919922,-0.023438
1355123755.273000,-0.359375,0.919922,-0.023438
1355123755.283000,-0.519531,1.041016,-0.548828
1355123755.294000,-0.519531,1.041016,-0.548828
1355123755.303000,-0.580078,1.222656,-0.781250
1355123755.313000,-0.580078,1.222656,-0.781250
1355123755.323000,-0.625000,1.468750,-0.826172
1355123755.333000,-0.625000,1.468750,-0.826172
1355123755.343000,-0.263672,1.658203,-0.537109
1355123755.353000,-0.263672,1.658203,-0.537109
1355123755.363000,-0.263672,1.658203,-0.537109
1355123755.373000,0.230469,1.728516,-0.513672
1355123755.384000,0.480469,1.996094,-0.996094
1355123755.394000,0.480469,1.996094,-0.996094
1355123755.404000,0.480469,1.996094,-0.996094
1355123755.413000,0.285156,1.445312,-0.757812
1355123755.423000,0.285156,1.445312,-0.757812
1355123755.433000,-0.146484,0.886719,-0.140625
1355123755.447000,-0.146484,0.886719,-0.140625
1355123755.454000,-0.146484,0.886719,-0.140625
1355123755.463000,-0.582031,1.115234,0.052734
1355123755.473000,-0.582031,1.115234,0.052734
1355123755.483000,-0.341797,1.318359,-0.332031
1355123755.493000,-0.341797,1.318359,-0.332031
1355123755.504000,-0.039062,1.158203,-0.414062
1355123755.513000,-0.039062,1.158203,-0.414062
1355123755.523000,0.076172,0.789062,-0.167969
1355123755.533000,0.056641,0.537109,-0.013672
1355123755.543000,0.056641,0.537109,-0.013672
1355123755.553000,-0.027344,0.373047,0.037109
1355123755.563000,-0.027344,0.373047,0.037109
1355123755.573000,-0.107422,0.375000,0.105469
1355123755.583000,-0.107422,0.375000,0.105469
1355123755.594000,-0.164062,0.585938,-0.021484
1355123755.603000,-0.164062,0.585938,-0.021484
1355123755.614000,-0.164062,0.585938,-0.021484
1355123755.623000,-0.164062,0.585938,-0.021484
1355123755.633000,-0.164062,0.585938,-0.021484
1355123755.644000,-0.119141,0.734375,-0.152344
1355123755.653000,-0.119141,0.734375,-0.152344
1355123755.663000,-0.156250,0.679688,-0.148438
1355123755.673000,-0.226562,0.576172,-0.039062
1355123755.684000,-0.226562,0.576172,-0.039062
1355123755.693000,-0.248047,0.552734,0.148438
1355123755.704000,-0.248047,0.552734,0.148438
1355123755.713000,-0.179688,0.535156,0.109375
1355123755.723000,-0.179688,0.535156,0.109375
1355123755.733000,-0.097656,0.474609,-0.035156
1355123755.743000,-0.097656,0.474609,-0.035156
1355123755.753000,-0.097656,0.410156,0.123047
1355123755.763000,-0.097656,0.410156,0.123047
1355123755.773000,0.039062,0.607422,0.287109
1355123755.783000,0.039062,0.607422,0.287109
1355123755.793000,0.068359,0.941406,-0.003906
1355123755.803000,0.068359,0.941406,-0.003906
1355123755.813000,0.152344,1.109375,-0.324219
1355123755.823000,0.152344,1.109375,-0.324219
1355123755.833000,0.240234,1.103516,-0.267578
1355123755.843000,0.240234,1.103516,-0.267578
1355123755.853000,0.091797,0.972656,-0.166016
1355123755.863000,0.091797,0.972656,-0.166016
1355123755.873000,-0.105469,1.087891,-0.302734
1355123755.883000,-0.105469,1.087891,-0.302734
1355123755.893000,-0.105469,1.087891,-0.302734
1355123755.903000,-0.105469,1.087891,-0.302734
1355123755.913000,-0.343750,1.511719,-0.664062
1355123755.923000,-0.343750,1.511719,-0.664062
1355123755.933000,-0.535156,1.701172,-0.916016
1355123755.943000,-0.535156,1.701172,-0.916016
1355123755.953000,-0.791016,1.960938,-0.794922
1355123755.963000,-0.791016,1.960938,-0.794922
1355123755.974000,-0.974609,2.000000,-0.068359
1355123755.984000,-0.652344,1.871094,-0.160156
1355123755.993000,-0.652344,1.871094,-0.160156
1355123756.003000,-0.652344,1.871094,-0.160156
1355123756.013000,-0.292969,1.289062,-0.208984
1355123756.023000,-0.292969,1.289062,-0.208984
1355123756.033000,-0.142578,0.908203,-0.134766
1355123756.043000,-0.107422,0.687500,0.005859
1355123756.053000,-0.107422,0.687500,0.005859
1355123756.063000,-0.187500,0.679688,0.068359
1355123756.074000,-0.187500,0.679688,0.068359
1355123756.084000,-0.271484,0.611328,-0.005859
1355123756.094000,-0.271484,0.611328,-0.005859
1355123756.104000,-0.271484,0.611328,-0.005859
1355123756.113000,-0.210937,0.457031,-0.025391
1355123756.123000,-0.210937,0.457031,-0.025391
1355123756.133000,-0.072266,0.253906,-0.037109
1355123756.143000,-0.072266,0.253906,-0.037109
1355123756.153000,-0.072266,0.253906,-0.037109
1355123756.163000,-0.072266,0.253906,-0.037109
1355123756.173000,0.011719,0.205078,0.011719
1355123756.183000,-0.005859,0.312500,0.082031
1355123756.193000,-0.076172,0.509766,0.058594
1355123756.203000,-0.125000,0.632812,0.027344
1355123756.213000,-0.125000,0.632812,0.027344
1355123756.223000,-0.166016,0.605469,-0.068359
1355123756.233000,-0.166016,0.605469,-0.068359
1355123756.243000,-0.199219,0.453125,-0.087891
1355123756.253000,-0.199219,0.453125,-0.087891
1355123756.264000,-0.207031,0.351562,0.042969
1355123756.273000,-0.207031,0.351562,0.042969
1355123756.283000,-0.125000,0.509766,-0.167969
1355123756.293000,-0.125000,0.509766,-0.167969
1355123756.303000,-0.156250,0.673828,-0.349609
1355123756.313000,-0.156250,0.673828,-0.349609
1355123756.323000,-0.396484,0.611328,-0.121094
1355123756.333000,-0.396484,0.611328,-0.121094
1355123756.343000,-0.644531,0.630859,0.175781
1355123756.353000,-0.644531,0.630859,0.175781
1355123756.363000,-0.656250,0.763672,-0.126953
1355123756.374000,-0.656250,0.763672,-0.126953
1355123756.383000,-0.476563,1.009766,-0.603516
1355123756.405000,-0.476563,1.009766,-0.603516
1355123756.409000,-0.476563,1.009766,-0.603516
1355123756.414000,-0.476563,1.009766,-0.603516
1355123756.423000,-0.476563,1.009766,-0.603516
1355123756.434000,-0.476563,1.009766,-0.603516
1355123756.443000,-0.033203,2.000000,0.216797
1355123756.453000,-0.033203,2.000000,0.216797
1355123756.463000,0.269531,2.000000,-0.503906
1355123756.473000,0.085938,1.976562,-0.697266
1355123756.483000,0.085938,1.976562,-0.697266
1355123756.493000,0.085938,1.976562,-0.697266
1355123756.503000,-0.160156,1.445312,-0.246094
1355123756.513000,-0.312500,1.025391,0.083984
1355123756.523000,-0.312500,1.025391,0.083984
1355123756.533000,-0.332031,1.005859,0.335938
1355123756.543000,-0.332031,1.005859,0.335938
1355123756.553000,-0.226562,1.078125,-0.031250
1355123756.563000,-0.226562,1.078125,-0.031250
1355123756.574000,-0.107422,1.003906,-0.302734
1355123756.583000,-0.107422,1.003906,-0.302734
1355123756.594000,0.021484,0.794922,-0.183594
1355123756.603000,0.021484,0.794922,-0.183594
1355123756.613000,0.021484,0.794922,-0.183594
1355123756.623000,0.054688,0.576172,-0.052734
1355123756.633000,0.054688,0.576172,-0.052734
1355123756.643000,0.054688,0.576172,-0.052734
1355123756.653000,0.054688,0.576172,-0.052734
1355123756.663000,-0.103516,0.365234,0.115234
1355123756.673000,-0.103516,0.365234,0.115234
1355123756.683000,-0.105469,0.382812,0.078125
1355123756.693000,-0.099609,0.478516,-0.126953
1355123756.703000,-0.099609,0.478516,-0.126953
1355123756.713000,-0.076172,0.548828,-0.218750
1355123756.723000,-0.076172,0.548828,-0.218750
1355123756.733000,-0.027344,0.476563,-0.271484
1355123756.743000,-0.027344,0.476563,-0.271484
1355123756.753000,0.003906,0.429688,-0.267578
1355123756.763000,0.003906,0.429688,-0.267578
1355123756.773000,-0.044922,0.628906,-0.011719
1355123756.795000,-0.044922,0.628906,-0.011719
1355123756.797000,-0.044922,0.628906,-0.011719
1355123756.805000,-0.044922,0.628906,-0.011719
1355123756.813000,-0.115234,0.755859,0.250000
1355123756.823000,-0.021484,0.611328,0.177734
1355123756.833000,0.167969,0.449219,-0.023438
1355123756.844000,0.167969,0.449219,-0.023438
1355123756.853000,0.228516,0.601562,-0.082031
1355123756.863000,0.228516,0.601562,-0.082031
1355123756.873000,0.115234,1.035156,-0.007812
1355123756.883000,0.115234,1.035156,-0.007812
1355123756.893000,0.115234,1.035156,-0.007812
1355123756.903000,-0.076172,1.451172,-0.201172
1355123756.916000,-0.296875,1.855469,-0.642578
1355123756.923000,-0.533203,2.000000,-0.855469
1355123756.933000,-0.533203,2.000000,-0.855469
1355123756.944000,-0.533203,2.000000,-0.855469
1355123756.956000,-1.011719,2.000000,-0.830078
1355123756.964000,-1.011719,2.000000,-0.830078
1355123756.974000,-0.845703,1.791016,-0.236328
1355123756.983000,-0.406250,1.421875,0.177734
1355123756.993000,-0.406250,1.421875,0.177734
1355123757.003000,-0.152344,1.193359,0.003906
1355123757.013000,-0.152344,1.193359,0.003906
1355123757.023000,-0.269531,1.060547,-0.130859
1355123757.033000,-0.269531,1.060547,-0.130859
1355123757.043000,-0.449219,0.994141,-0.132812
1355123757.053000,-0.449219,0.994141,-0.132812
1355123757.063000,-0.494141,0.894531,-0.097656
1355123757.073000,-0.494141,0.894531,-0.097656
1355123757.083000,-0.460938,0.787109,-0.082031
1355123757.093000,-0.460938,0.787109,-0.082031
1355123757.104000,-0.378906,0.638672,-0.144531
1355123757.113000,-0.378906,0.638672,-0.144531
1355123757.123000,-0.205078,0.449219,-0.148438
1355123757.133000,-0.205078,0.449219,-0.148438
1355123757.143000,-0.205078,0.449219,-0.148438
1355123757.153000,-0.054688,0.277344,-0.019531
1355123757.163000,0.044922,0.126953,0.195312
1355123757.173000,0.044922,0.126953,0.195312
1355123757.183000,0.023438,0.146484,0.171875
1355123757.193000,0.023438,0.146484,0.171875
1355123757.203000,-0.093750,0.316406,0.101562
1355123757.214000,-0.093750,0.316406,0.101562
1355123757.223000,-0.189453,0.451172,0.041016
1355123757.233000,-0.189453,0.451172,0.041016
1355123757.243000,-0.187500,0.439453,-0.181641
1355123757.253000,-0.187500,0.439453,-0.181641
1355123757.263000,-0.224609,0.468750,-0.166016
1355123757.273000,-0.224609,0.468750,-0.166016
1355123757.283000,-0.285156,0.597656,0.033203
1355123757.293000,-0.285156,0.597656,0.033203
1355123757.304000,-0.380859,0.787109,0.009766
1355123757.313000,-0.380859,0.787109,0.009766
1355123757.323000,-0.523438,0.812500,-0.109375
1355123757.333000,-0.523438,0.812500,-0.109375
1355123757.343000,-0.529297,0.677734,-0.105469
1355123757.353000,-0.371094,0.707031,-0.414062
1355123757.363000,-0.371094,0.707031,-0.414062
1355123757.373000,-0.371094,0.707031,-0.414062
1355123757.383000,-0.314453,0.882812,-0.746094
1355123757.393000,-0.314453,0.882812,-0.746094
1355123757.403000,-0.400391,1.562500,-0.240234
1355123757.416000,-0.400391,1.562500,-0.240234
1355123757.423000,-0.179688,2.000000,-0.033203
1355123757.433000,0.220703,2.000000,-0.732422
1355123757.443000,0.220703,2.000000,-0.732422
1355123757.453000,0.109375,2.000000,-1.185547
1355123757.463000,0.109375,2.000000,-1.185547
1355123757.473000,-0.164062,1.931641,-1.019531
1355123757.483000,-0.164062,1.931641,-1.019531
1355123757.506000,-0.261719,1.259766,-0.396484
1355123757.508000,-0.261719,1.259766,-0.396484
1355123757.515000,-0.261719,1.259766,-0.396484
1355123757.525000,-0.261719,1.259766,-0.396484
1355123757.533000,-0.261719,1.259766,-0.396484
1355123757.544000,-0.289062,0.660156,0.132812
1355123757.553000,-0.265625,0.435547,0.480469
1355123757.563000,-0.087891,0.517578,0.083984
1355123757.573000,-0.087891,0.597656,-0.292969
1355123757.583000,-0.087891,0.597656,-0.292969
1355123757.593000,0.031250,0.625000,-0.244141
1355123757.604000,0.031250,0.625000,-0.244141
1355123757.613000,0.056641,0.613281,-0.033203
1355123757.626000,0.056641,0.613281,-0.033203
1355123757.633000,0.056641,0.613281,-0.033203
1355123757.644000,0.056641,0.613281,-0.033203
1355123757.653000,-0.126953,0.583984,0.072266
1355123757.664000,-0.214844,0.556641,0.064453
1355123757.673000,-0.148438,0.484375,-0.171875
1355123757.683000,-0.148438,0.484375,-0.171875
1355123757.694000,-0.113281,0.369141,-0.158203
1355123757.703000,-0.113281,0.369141,-0.158203
1355123757.713000,0.017578,0.492188,0.234375
1355123757.723000,0.017578,0.492188,0.234375
1355123757.734000,0.115234,0.863281,0.365234
1355123757.743000,0.115234,0.863281,0.365234
1355123757.753000,0.162109,0.933594,-0.246094
1355123757.763000,0.162109,0.933594,-0.246094
1355123757.773000,0.214844,0.652344,-0.652344
1355123757.783000,0.179688,0.537109,-0.300781
1355123757.793000,0.179688,0.537109,-0.300781
1355123757.803000,0.179688,0.548828,0.236328
1355123757.813000,0.179688,0.548828,0.236328
1355123757.823000,-0.251953,0.605469,0.123047
1355123757.833000,-0.251953,0.605469,0.123047
1355123757.843000,-0.310547,0.750000,-0.128906
1355123757.853000,-0.310547,0.750000,-0.128906
1355123757.864000,-0.310547,0.750000,-0.128906
1355123757.873000,-0.279297,0.955078,-0.349609
1355123757.883000,-0.279297,0.955078,-0.349609
1355123757.893000,-0.279297,0.955078,-0.349609
1355123757.903000,-0.056641,1.908203,-0.878906
1355123757.915000,-0.056641,1.908203,-0.878906
1355123757.923000,-0.695312,1.966797,-1.099609
1355123757.933000,-0.695312,1.966797,-1.099609
1355123757.943000,-1.257812,1.996094,-0.673828
1355123757.954000,-1.257812,1.996094,-0.673828
1355123757.963000,-1.236328,1.929688,-0.056641
1355123757.974000,-1.236328,1.929688,-0.056641
1355123757.983000,-0.894531,1.437500,-0.267578
1355123757.994000,-0.894531,1.437500,-0.267578
1355123758.003000,-0.529297,1.070312,-0.189453
1355123758.013000,-0.529297,1.070312,-0.189453
1355123758.023000,-0.248047,0.841797,-0.095703
1355123758.033000,-0.248047,0.841797,-0.095703
1355123758.043000,-0.044922,0.722656,0.054688
1355123758.053000,-0.044922,0.722656,0.054688
1355123758.063000,-0.025391,0.646484,0.082031
1355123758.073000,-0.025391,0.646484,0.082031
1355123758.083000,-0.099609,0.580078,0.070312
1355123758.093000,-0.099609,0.580078,0.070312
1355123758.103000,-0.154297,0.529297,0.115234
1355123758.113000,-0.154297,0.529297,0.115234
1355123758.123000,-0.125000,0.542969,0.148438
1355123758.133000,-0.125000,0.542969,0.148438
1355123758.143000,-0.125000,0.542969,0.148438
1355123758.154000,-0.111328,0.558594,0.082031
1355123758.164000,-0.052734,0.521484,0.101562
1355123758.174000,-0.052734,0.521484,0.101562
1355123758.183000,-0.097656,0.423828,0.011719
1355123758.193000,-0.097656,0.423828,0.011719
1355123758.203000,-0.183594,0.287109,-0.052734
1355123758.213000,-0.183594,0.287109,-0.052734
1355123758.224000,-0.296875,0.300781,0.042969
1355123758.234000,-0.316406,0.615234,0.123047
1355123758.243000,-0.316406,0.615234,0.123047
1355123758.259000,-0.316406,0.615234,0.123047
1355123758.263000,-0.316406,0.615234,0.123047
1355123758.273000,-0.316406,0.615234,0.123047
1355123758.283000,-0.261719,0.859375,-0.386719
1355123758.293000,-0.240234,0.765625,-0.367188
1355123758.304000,-0.240234,0.765625,-0.367188
1355123758.313000,-0.296875,0.648438,-0.099609
1355123758.323000,-0.296875,0.648438,-0.099609
1355123758.333000,-0.371094,0.710938,-0.138672
1355123758.343000,-0.371094,0.710938,-0.138672
1355123758.353000,-0.449219,0.992188,-0.410156
1355123758.363000,-0.449219,0.992188,-0.410156
1355123758.373000,-0.455078,1.271484,-0.660156
1355123758.383000,-0.455078,1.271484,-0.660156
1355123758.394000,-0.455078,1.271484,-0.660156
1355123758.403000,-0.429688,1.669922,-0.525391
1355123758.413000,-0.136719,1.666016,-0.277344
1355123758.424000,-0.136719,1.666016,-0.277344
1355123758.433000,0.158203,1.605469,-0.601562
1355123758.443000,0.158203,1.605469,-0.601562
1355123758.453000,0.054688,1.945312,-0.783203
1355123758.463000,0.054688,1.945312,-0.783203
1355123758.473000,-0.294922,1.646484,-0.478516
1355123758.483000,-0.294922,1.646484,-0.478516
1355123758.493000,-0.423828,1.164062,-0.150391
1355123758.503000,-0.423828,1.164062,-0.150391
1355123758.513000,-0.396484,0.970703,-0.041016
1355123758.523000,-0.396484,0.970703,-0.041016
1355123758.533000,-0.250000,1.029297,-0.027344
1355123758.543000,-0.250000,1.029297,-0.027344
1355123758.553000,-0.101562,1.029297,-0.138672
1355123758.563000,-0.101562,1.029297,-0.138672
1355123758.573000,-0.003906,0.904297,-0.173828
1355123758.583000,-0.003906,0.904297,-0.173828
1355123758.593000,0.044922,0.794922,-0.066406
1355123758.604000,0.044922,0.794922,-0.066406
1355123758.613000,0.062500,0.675781,-0.105469
1355123758.623000,0.062500,0.675781,-0.105469
1355123758.633000,0.074219,0.539062,-0.089844
1355123758.644000,0.074219,0.539062,-0.089844
1355123758.653000,0.074219,0.539062,-0.089844
1355123758.663000,0.074219,0.539062,-0.089844
1355123758.673000,-0.060547,0.523438,0.064453
1355123758.683000,-0.060547,0.523438,0.064453
1355123758.694000,-0.181641,0.691406,0.167969
1355123758.703000,-0.181641,0.691406,0.167969
1355123758.713000,-0.257812,0.802734,0.220703
1355123758.723000,-0.076172,0.560547,0.025391
1355123758.733000,-0.076172,0.560547,0.025391
1355123758.743000,0.115234,0.437500,-0.177734
1355123758.753000,0.115234,0.437500,-0.177734
1355123758.763000,0.099609,0.570312,-0.169922
1355123758.774000,0.099609,0.570312,-0.169922
1355123758.783000,-0.039062,0.742188,0.087891
1355123758.793000,-0.039062,0.742188,0.087891
1355123758.803000,-0.095703,0.642578,0.162109
1355123758.813000,-0.095703,0.642578,0.162109
1355123758.823000,-0.080078,0.515625,0.125000
1355123758.833000,-0.080078,0.515625,0.125000
1355123758.843000,-0.128906,0.654297,-0.035156
1355123758.853000,-0.128906,0.654297,-0.035156
1355123758.863000,-0.128906,0.654297,-0.035156
1355123758.874000,-0.179688,0.980469,-0.083984
1355123758.883000,-0.179688,0.980469,-0.083984
1355123758.893000,-0.179688,0.980469,-0.083984
1355123758.903000,-0.041016,1.673828,-0.787109
1355123758.913000,-0.041016,1.673828,-0.787109
1355123758.939000,-0.150391,1.996094,-1.134766
1355123758.940000,-0.150391,1.996094,-1.134766
1355123758.943000,-0.150391,1.996094,-1.134766
1355123758.953000,-0.150391,1.996094,-1.134766
1355123758.963000,-0.882812,1.953125,-0.128906
1355123758.973000,-0.882812,1.953125,-0.128906
1355123758.983000,-0.806641,1.781250,-0.337891
1355123758.993000,-0.806641,1.781250,-0.337891
1355123759.005000,-0.589844,1.408203,-0.359375
1355123759.013000,-0.589844,1.408203,-0.359375
1355123759.023000,-0.416016,1.136719,-0.166016
1355123759.033000,-0.416016,1.136719,-0.166016
1355123759.043000,-0.253906,0.968750,-0.189453
1355123759.053000,-0.253906,0.968750,-0.189453
1355123759.063000,-0.130859,0.826172,-0.244141
1355123759.073000,-0.130859,0.826172,-0.244141
1355123759.083000,-0.125000,0.697266,-0.208984
1355123759.093000,-0.125000,0.697266,-0.208984
1355123759.103000,-0.082031,0.464844,-0.128906
1355123759.113000,-0.082031,0.464844,-0.128906
1355123759.123000,-0.070312,0.234375,-0.041016
1355123759.133000,-0.070312,0.234375,-0.041016
1355123759.144000,-0.070312,0.234375,-0.041016
1355123759.153000,-0.070312,0.234375,-0.041016
1355123759.163000,-0.070312,0.234375,-0.041016
1355123759.173000,-0.144531,0.326172,0.144531
1355123759.183000,-0.144531,0.326172,0.144531
1355123759.194000,-0.269531,0.613281,0.134766
1355123759.204000,-0.273438,0.677734,0.007812
1355123759.213000,-0.273438,0.677734,0.007812
1355123759.224000,-0.205078,0.662109,-0.164062
1355123759.233000,-0.205078,0.662109,-0.164062
1355123759.243000,-0.185547,0.578125,-0.228516
1355123759.253000,-0.185547,0.578125,-0.228516
1355123759.263000,-0.199219,0.523438,0.044922
1355123759.273000,-0.199219,0.523438,0.044922
1355123759.283000,-0.232422,0.546875,0.048828
1355123759.293000,-0.269531,0.609375,-0.212891
1355123759.304000,-0.269531,0.609375,-0.212891
1355123759.313000,-0.312500,0.640625,-0.199219
1355123759.324000,-0.312500,0.640625,-0.199219
1355123759.333000,-0.443359,0.656250,-0.103516
1355123759.343000,-0.443359,0.656250,-0.103516
1355123759.353000,-0.537109,0.691406,-0.109375
1355123759.363000,-0.537109,0.691406,-0.109375
1355123759.373000,-0.537109,0.691406,-0.109375
1355123759.383000,-0.537109,0.691406,-0.109375
1355123759.393000,-0.537109,0.691406,-0.109375
1355123759.403000,-0.412109,0.974609,-0.386719
1355123759.413000,-0.412109,0.974609,-0.386719
1355123759.425000,-0.349609,1.218750,-0.736328
1355123759.433000,-0.353516,1.677734,-0.783203
1355123759.443000,-0.353516,1.677734,-0.783203
1355123759.453000,-0.273438,1.845703,-0.273438
1355123759.463000,-0.273438,1.845703,-0.273438
1355123759.473000,0.183594,1.460938,0.029297
1355123759.483000,0.183594,1.460938,0.029297
1355123759.493000,0.500000,1.744141,-0.326172
1355123759.503000,0.500000,1.744141,-0.326172
1355123759.514000,0.263672,1.996094,-0.513672
1355123759.523000,0.263672,1.996094,-0.513672
1355123759.533000,-0.255859,1.564453,-0.314453
1355123759.543000,-0.255859,1.564453,-0.314453
1355123759.553000,-0.466797,1.125000,-0.070312
1355123759.563000,-0.466797,1.125000,-0.070312
1355123759.573000,-0.468750,0.953125,0.248047
1355123759.583000,-0.468750,0.953125,0.248047
1355123759.593000,-0.320312,1.052734,0.136719
1355123759.616000,-0.320312,1.052734,0.136719
1355123759.620000,-0.320312,1.052734,0.136719
1355123759.626000,-0.320312,1.052734,0.136719
1355123759.633000,-0.320312,1.052734,0.136719
1355123759.644000,-0.320312,1.052734,0.136719
1355123759.653000,-0.320312,1.052734,0.136719
1355123759.663000,0.013672,0.896484,-0.330078
1355123759.674000,0.064453,0.589844,-0.195312
1355123759.683000,0.064453,0.589844,-0.195312
1355123759.693000,0.064453,0.589844,-0.195312
1355123759.703000,0.064453,0.589844,-0.195312
1355123759.713000,0.064453,0.589844,-0.195312
1355123759.723000,0.064453,0.589844,-0.195312
1355123759.733000,0.064453,0.589844,-0.195312
1355123759.743000,-0.095703,0.792969,-0.015625
1355123759.753000,-0.095703,0.792969,-0.015625
1355123759.764000,-0.095703,0.792969,-0.015625
1355123759.773000,-0.058594,0.572266,-0.240234
1355123759.783000,-0.046875,0.449219,-0.248047
1355123759.793000,-0.046875,0.449219,-0.248047
1355123759.803000,-0.064453,0.410156,-0.111328
1355123759.813000,-0.064453,0.410156,-0.111328
1355123759.823000,-0.009766,0.484375,-0.025391
1355123759.833000,-0.009766,0.484375,-0.025391
1355123759.843000,-0.001953,0.601562,0.121094
1355123759.853000,-0.001953,0.601562,0.121094
1355123759.863000,0.021484,0.707031,0.222656
1355123759.874000,0.021484,0.707031,0.222656
1355123759.883000,0.089844,0.701172,-0.056641
1355123759.893000,0.089844,0.701172,-0.056641
1355123759.904000,0.089844,0.701172,-0.056641
1355123759.913000,0.089844,0.701172,-0.056641
1355123759.923000,-0.093750,0.970703,-0.203125
1355123759.933000,-0.093750,0.970703,-0.203125
1355123759.944000,-0.355469,1.156250,-0.140625
1355123759.953000,-0.355469,1.156250,-0.140625
1355123759.963000,-0.443359,1.273438,-0.281250
1355123759.973000,-0.443359,1.273438,-0.281250
1355123759.983000,-0.265625,1.367188,-0.519531
1355123759.993000,-0.265625,1.367188,-0.519531
1355123760.009000,-0.218750,1.576172,-0.681641
1355123760.013000,-0.218750,1.576172,-0.681641
1355123760.027000,-0.218750,1.576172,-0.681641
1355123760.039000,-0.218750,1.576172,-0.681641
1355123760.045000,-0.218750,1.576172,-0.681641
1355123760.054000,-0.572266,1.693359,-0.501953
1355123760.071000,-0.771484,1.792969,-0.074219
1355123760.076000,-0.371094,1.703125,-0.478516
1355123760.084000,-0.371094,1.703125,-0.478516
1355123760.093000,-0.371094,1.703125,-0.478516
1355123760.103000,-0.324219,1.281250,-0.173828
1355123760.116000,-0.214844,0.960938,-0.050781
1355123760.124000,-0.214844,0.960938,-0.050781
1355123760.134000,-0.214844,0.960938,-0.050781
1355123760.143000,-0.150391,0.689453,-0.050781
1355123760.154000,-0.150391,0.689453,-0.050781
1355123760.163000,-0.177734,0.572266,0.046875
1355123760.173000,-0.177734,0.572266,0.046875
1355123760.183000,-0.195312,0.519531,-0.019531
1355123760.193000,-0.248047,0.488281,-0.085938
1355123760.203000,-0.248047,0.488281,-0.085938
1355123760.220000,-0.248047,0.488281,-0.085938
1355123760.236000,-0.248047,0.488281,-0.085938
1355123760.256000,-0.248047,0.488281,-0.085938
1355123760.267000,-0.248047,0.488281,-0.085938
1355123760.280000,-0.248047,0.488281,-0.085938
1355123760.286000,-0.242188,0.501953,-0.013672
1355123760.295000,-0.296875,0.441406,0.169922
1355123760.300000,-0.253906,0.480469,0.009766
1355123760.310000,-0.253906,0.480469,0.009766
1355123760.320000,-0.187500,0.513672,0.039062
1355123760.330000,-0.246094,0.617188,0.177734
1355123760.340000,-0.246094,0.617188,0.177734
1355123760.351000,-0.332031,0.677734,0.242188
1355123760.373000,-0.332031,0.677734,0.242188
1355123760.380000,-0.332031,0.677734,0.242188
1355123760.386000,-0.332031,0.677734,0.242188
1355123760.394000,-0.332031,0.677734,0.242188
1355123760.403000,-0.332031,0.677734,0.242188
1355123760.413000,-0.416016,0.816406,-0.171875
1355123760.424000,-0.458984,0.992188,-0.095703
1355123760.433000,-0.458984,0.992188,-0.095703
1355123760.443000,-0.458984,0.992188,-0.095703
1355123760.456000,-0.458984,0.992188,-0.095703
1355123760.463000,-0.412109,1.412109,0.296875
1355123760.473000,-0.353516,1.421875,0.199219
1355123760.484000,-0.353516,1.421875,0.199219
1355123760.493000,-0.224609,1.392578,-0.257812
1355123760.503000,-0.224609,1.392578,-0.257812
1355123760.514000,-0.271484,1.355469,-0.775391
1355123760.523000,-0.271484,1.355469,-0.775391
1355123760.533000,-0.333984,1.417969,-0.541016
1355123760.544000,-0.333984,1.417969,-0.541016
1355123760.553000,-0.203125,1.542969,-0.710938
1355123760.564000,-0.203125,1.542969,-0.710938
1355123760.573000,-0.128906,1.927734,-0.832031
1355123760.583000,-0.128906,1.927734,-0.832031
1355123760.593000,-0.335938,1.832031,-1.046875
1355123760.603000,-0.355469,1.179688,-0.832031
1355123760.613000,-0.355469,1.179688,-0.832031
1355123760.623000,-0.355469,1.179688,-0.832031
1355123760.637000,-0.496094,0.800781,-0.494141
1355123760.644000,-0.496094,0.800781,-0.494141
1355123760.653000,-0.496094,0.800781,-0.494141
1355123760.663000,-0.441406,0.597656,-0.023438
1355123760.675000,-0.441406,0.597656,-0.023438
1355123760.684000,-0.367188,0.587891,-0.320312
1355123760.693000,-0.367188,0.587891,-0.320312
1355123760.703000,-0.294922,0.580078,-0.507812
1355123760.713000,-0.294922,0.580078,-0.507812
1355123760.723000,-0.208984,0.597656,-0.458984
1355123760.733000,-0.208984,0.597656,-0.458984
1355123760.743000,-0.123047,0.625000,-0.386719
1355123760.753000,-0.123047,0.625000,-0.386719
1355123760.764000,-0.025391,0.759766,-0.349609
1355123760.773000,-0.025391,0.759766,-0.349609
1355123760.783000,0.087891,0.937500,-0.261719
1355123760.793000,0.087891,0.937500,-0.261719
1355123760.803000,0.158203,1.066406,-0.216797
1355123760.813000,0.158203,1.066406,-0.216797
1355123760.823000,0.146484,0.984375,-0.189453
1355123760.833000,0.146484,0.984375,-0.189453
1355123760.843000,0.095703,0.945312,-0.093750
1355123760.853000,0.095703,0.945312,-0.093750
1355123760.863000,0.078125,0.943359,-0.029297
1355123760.873000,0.078125,0.943359,-0.029297
1355123760.883000,0.072266,0.912109,-0.089844
1355123760.893000,0.072266,0.912109,-0.089844
1355123760.903000,0.072266,0.912109,-0.089844
1355123760.914000,0.132812,0.945312,-0.015625
1355123760.925000,0.210937,1.058594,0.031250
1355123760.934000,0.210937,1.058594,0.031250
1355123760.943000,0.339844,1.205078,0.037109
1355123760.953000,0.339844,1.205078,0.037109
1355123760.963000,0.279297,1.189453,-0.044922
1355123760.973000,0.279297,1.189453,-0.044922
1355123760.983000,0.101562,1.068359,0.154297
1355123760.993000,0.101562,1.068359,0.154297
1355123761.003000,-0.060547,0.875000,0.279297
1355123761.013000,-0.060547,0.875000,0.279297
1355123761.023000,-0.148438,0.828125,0.193359
1355123761.033000,-0.148438,0.828125,0.193359
1355123761.043000,-0.326172,0.933594,-0.085938
1355123761.053000,-0.326172,0.933594,-0.085938
1355123761.064000,-0.585938,1.107422,-0.416016
1355123761.073000,-0.585938,1.107422,-0.416016
1355123761.083000,-0.646484,1.378906,-0.621094
1355123761.093000,-0.572266,1.496094,-0.835937
1355123761.103000,-0.572266,1.496094,-0.835937
1355123761.113000,-0.632812,1.152344,-1.076172
1355123761.123000,-0.632812,1.152344,-1.076172
1355123761.133000,-0.734375,0.740234,-0.820312
1355123761.144000,-0.734375,0.740234,-0.820312
1355123761.153000,-0.734375,0.740234,-0.820312
1355123761.163000,-0.697266,0.617188,-0.419922
1355123761.175000,-0.697266,0.617188,-0.419922
1355123761.183000,-0.591797,0.779297,-0.083984
1355123761.193000,-0.302734,1.052734,-0.218750
1355123761.203000,-0.302734,1.052734,-0.218750
1355123761.213000,0.078125,1.304688,-0.613281
1355123761.223000,0.078125,1.304688,-0.613281
1355123761.233000,0.224609,1.113281,-0.666016
1355123761.243000,0.224609,1.113281,-0.666016
1355123761.253000,0.289062,0.771484,-0.570312
1355123761.263000,0.289062,0.771484,-0.570312
1355123761.273000,0.136719,0.544922,-0.085938
1355123761.283000,0.136719,0.544922,-0.085938
1355123761.293000,-0.207031,0.443359,0.253906
1355123761.303000,-0.207031,0.443359,0.253906
1355123761.314000,-0.460938,0.472656,0.113281
1355123761.323000,-0.460938,0.472656,0.113281
1355123761.333000,-0.521484,0.687500,-0.205078
1355123761.343000,-0.521484,0.687500,-0.205078
1355123761.354000,-0.496094,0.917969,-0.353516
1355123761.364000,-0.496094,0.917969,-0.353516
1355123761.373000,-0.410156,1.001953,-0.167969
1355123761.384000,-0.410156,1.001953,-0.167969
1355123761.393000,-0.410156,1.001953,-0.167969
1355123761.404000,-0.410156,1.001953,-0.167969
1355123761.413000,-0.251953,0.796875,-0.074219
1355123761.424000,-0.251953,0.796875,-0.074219
1355123761.433000,-0.238281,0.789062,-0.093750
1355123761.443000,-0.238281,0.789062,-0.093750
1355123761.453000,-0.277344,0.812500,-0.011719
1355123761.463000,-0.277344,0.812500,-0.011719
1355123761.473000,-0.326172,0.810547,0.103516
1355123761.483000,-0.326172,0.810547,0.103516
1355123761.493000,-0.359375,0.847656,0.097656
1355123761.503000,-0.359375,0.847656,0.097656
1355123761.513000,-0.357422,0.859375,0.033203
1355123761.523000,-0.357422,0.859375,0.033203
1355123761.533000,-0.345703,0.814453,-0.044922
1355123761.543000,-0.283203,0.878906,0.021484
1355123761.553000,-0.283203,0.878906,0.021484
1355123761.564000,-0.115234,1.041016,0.152344
1355123761.573000,-0.115234,1.041016,0.152344
1355123761.583000,-0.001953,1.205078,0.181641
1355123761.595000,-0.001953,1.205078,0.181641
1355123761.603000,-0.220703,1.130859,0.220703
1355123761.613000,-0.220703,1.130859,0.220703
1355123761.623000,-0.220703,1.130859,0.220703
1355123761.633000,-0.523438,1.062500,0.121094
1355123761.643000,-0.523438,1.062500,0.121094
1355123761.654000,-0.523438,1.062500,0.121094
1355123761.663000,-0.662109,1.333984,-0.617188
1355123761.673000,-0.662109,1.333984,-0.617188
1355123761.683000,-0.613281,1.353516,-0.587891
1355123761.693000,-0.613281,1.353516,-0.587891
1355123761.703000,-0.347656,0.943359,-0.451172
1355123761.713000,-0.347656,0.943359,-0.451172
1355123761.723000,-0.164062,0.478516,-0.355469
1355123761.733000,-0.164062,0.478516,-0.355469
1355123761.743000,-0.048828,0.318359,-0.242188
1355123761.764000,-0.048828,0.318359,-0.242188
1355123761.767000,-0.048828,0.318359,-0.242188
1355123761.773000,-0.048828,0.318359,-0.242188
1355123761.783000,-0.089844,0.720703,-0.001953
1355123761.793000,-0.224609,1.341797,-0.070312
1355123761.804000,-0.308594,1.341797,-0.447266
1355123761.813000,-0.308594,1.341797,-0.447266
1355123761.823000,-0.341797,1.138672,-0.529297
1355123761.834000,-0.341797,1.138672,-0.529297
1355123761.843000,-0.376953,1.017578,-0.349609
1355123761.853000,-0.376953,1.017578,-0.349609
1355123761.863000,-0.318359,0.890625,-0.201172
1355123761.873000,-0.318359,0.890625,-0.201172
1355123761.884000,-0.171875,0.812500,-0.085938
1355123761.893000,-0.171875,0.812500,-0.085938
1355123761.903000,-0.035156,0.824219,-0.130859
1355123761.913000,-0.035156,0.824219,-0.130859
1355123761.923000,0.021484,0.792969,-0.197266
1355123761.933000,0.021484,0.792969,-0.197266
1355123761.943000,-0.017578,0.802734,-0.105469
1355123761.953000,-0.017578,0.802734,-0.105469
1355123761.963000,-0.089844,0.851563,-0.041016
1355123761.974000,-0.150391,0.892578,-0.095703
1355123761.983000,-0.150391,0.892578,-0.095703
1355123761.993000,-0.154297,0.894531,-0.175781
1355123762.003000,-0.154297,0.894531,-0.175781
1355123762.013000,-0.160156,0.853516,-0.185547
1355123762.023000,-0.160156,0.853516,-0.185547
1355123762.033000,-0.160156,0.763672,-0.119141
1355123762.045000,-0.160156,0.763672,-0.119141
1355123762.053000,-0.152344,0.675781,-0.027344
1355123762.063000,-0.152344,0.675781,-0.027344
1355123762.073000,-0.179688,0.570312,-0.029297
1355123762.083000,-0.179688,0.570312,-0.029297
1355123762.095000,-0.164062,0.501953,-0.074219
1355123762.103000,-0.164062,0.501953,-0.074219
1355123762.113000,-0.123047,0.439453,0.015625
1355123762.124000,-0.123047,0.439453,0.015625
1355123762.133000,-0.123047,0.439453,0.015625
1355123762.143000,-0.089844,0.453125,0.150391
1355123762.153000,-0.089844,0.453125,0.150391
1355123762.163000,-0.035156,0.599609,0.185547
1355123762.173000,-0.035156,0.599609,0.185547
1355123762.183000,0.035156,0.845703,0.144531
1355123762.193000,0.212891,0.988281,-0.074219
1355123762.203000,0.212891,0.988281,-0.074219
1355123762.213000,0.263672,1.033203,-0.363281
1355123762.223000,0.263672,1.033203,-0.363281
1355123762.233000,0.265625,0.972656,-0.330078
1355123762.243000,0.265625,0.972656,-0.330078
1355123762.253000,0.097656,0.751953,-0.072266
1355123762.263000,0.097656,0.751953,-0.072266
1355123762.273000,-0.025391,0.646484,-0.142578
1355123762.283000,-0.025391,0.646484,-0.142578
1355123762.293000,-0.173828,0.691406,-0.302734
1355123762.303000,-0.173828,0.691406,-0.302734
1355123762.313000,-0.351562,0.986328,-0.232422
1355123762.323000,-0.351562,0.986328,-0.232422
1355123762.333000,-0.451172,1.279297,-0.324219
1355123762.343000,-0.451172,1.279297,-0.324219
1355123762.353000,-0.458984,1.447266,-0.644531
1355123762.363000,-0.458984,1.447266,-0.644531
1355123762.373000,-0.351562,1.593750,-0.732422
1355123762.384000,-0.351562,1.593750,-0.732422
1355123762.393000,-0.351562,1.593750,-0.732422
1355123762.403000,-0.351562,1.593750,-0.732422
1355123762.413000,-0.351562,1.593750,-0.732422
1355123762.423000,-0.351562,1.593750,-0.732422
1355123762.441000,-0.351562,1.593750,-0.732422
1355123762.443000,-0.351562,1.593750,-0.732422
1355123762.453000,-0.351562,1.593750,-0.732422
1355123762.463000,-0.361328,1.751953,-0.460938
1355123762.473000,-0.566406,1.382812,-0.132812
1355123762.483000,-0.513672,0.888672,-0.103516
1355123762.493000,-0.513672,0.888672,-0.103516
1355123762.504000,-0.412109,0.730469,-0.033203
1355123762.514000,-0.412109,0.730469,-0.033203
1355123762.523000,-0.310547,0.640625,0.042969
1355123762.533000,-0.310547,0.640625,0.042969
1355123762.543000,-0.193359,0.585938,0.103516
1355123762.553000,-0.193359,0.585938,0.103516
1355123762.563000,-0.058594,0.541016,0.146484
1355123762.573000,-0.058594,0.541016,0.146484
1355123762.583000,0.054688,0.554688,0.189453
1355123762.593000,0.054688,0.554688,0.189453
1355123762.603000,0.085938,0.466797,0.115234
1355123762.613000,0.085938,0.466797,0.115234
1355123762.624000,0.085938,0.466797,0.115234
1355123762.634000,0.029297,0.292969,-0.044922
1355123762.644000,0.029297,0.292969,-0.044922
1355123762.653000,0.029297,0.292969,-0.044922
1355123762.664000,-0.187500,0.417969,0.197266
1355123762.673000,-0.187500,0.417969,0.197266
1355123762.684000,-0.234375,0.755859,0.144531
1355123762.693000,-0.234375,0.755859,0.144531
1355123762.703000,-0.244141,0.953125,-0.064453
1355123762.713000,-0.244141,0.953125,-0.064453
1355123762.723000,-0.287109,0.888672,-0.316406
1355123762.733000,-0.287109,0.888672,-0.316406
1355123762.743000,-0.351562,0.714844,-0.214844
1355123762.754000,-0.351562,0.714844,-0.214844
1355123762.763000,-0.429688,0.675781,-0.027344
1355123762.774000,-0.429688,0.675781,-0.027344
1355123762.783000,-0.359375,0.781250,-0.115234
1355123762.793000,-0.359375,0.781250,-0.115234
1355123762.803000,-0.289062,1.023438,-0.179688
1355123762.815000,-0.289062,1.023438,-0.179688
1355123762.823000,-0.296875,1.289062,-0.318359
1355123762.833000,-0.296875,1.289062,-0.318359
1355123762.843000,-0.355469,1.628906,-0.544922
1355123762.853000,-0.355469,1.628906,-0.544922
1355123762.863000,-0.390625,2.000000,-0.212891
1355123762.873000,-0.039062,1.980469,0.011719
1355123762.883000,-0.039062,1.980469,0.011719
1355123762.893000,-0.039062,1.980469,0.011719
1355123762.903000,-0.039062,1.980469,0.011719
1355123762.913000,-0.044922,1.966797,-0.525391
1355123762.924000,-0.044922,1.966797,-0.525391
1355123762.933000,-0.044922,1.966797,-0.525391
1355123762.943000,-0.093750,1.464844,-0.414062
1355123762.953000,-0.138672,0.955078,-0.265625
1355123762.963000,-0.138672,0.955078,-0.265625
1355123762.973000,-0.189453,0.660156,-0.009766
1355123762.983000,-0.189453,0.660156,-0.009766
1355123762.993000,-0.220703,0.486328,0.156250
1355123763.003000,-0.220703,0.486328,0.156250
1355123763.013000,-0.167969,0.431641,-0.050781
1355123763.023000,-0.167969,0.431641,-0.050781
1355123763.033000,-0.076172,0.396484,-0.251953
1355123763.043000,-0.076172,0.396484,-0.251953
1355123763.053000,0.011719,0.386719,-0.261719
1355123763.063000,0.011719,0.386719,-0.261719
1355123763.073000,0.015625,0.384766,-0.320312
1355123763.083000,0.015625,0.384766,-0.320312
1355123763.093000,-0.037109,0.335938,-0.292969
1355123763.117000,-0.037109,0.335938,-0.292969
1355123763.124000,-0.037109,0.335938,-0.292969
1355123763.130000,-0.136719,0.330078,-0.072266
1355123763.136000,-0.136719,0.330078,-0.072266
1355123763.146000,-0.136719,0.330078,-0.072266
1355123763.156000,-0.136719,0.330078,-0.072266
1355123763.166000,-0.269531,0.902344,0.240234
1355123763.176000,-0.269531,0.902344,0.240234
1355123763.185000,-0.269531,0.902344,0.240234
1355123763.194000,-0.269531,0.902344,0.240234
1355123763.207000,-0.097656,0.992188,0.363281
1355123763.214000,0.277344,0.781250,0.076172
1355123763.224000,0.277344,0.781250,0.076172
1355123763.234000,0.324219,0.947266,-0.080078
1355123763.244000,0.324219,0.947266,-0.080078
1355123763.255000,0.259766,0.951172,-0.111328
1355123763.264000,0.259766,0.951172,-0.111328
1355123763.274000,0.183594,0.767578,-0.091797
1355123763.284000,0.183594,0.767578,-0.091797
1355123763.294000,0.095703,0.679688,-0.093750
1355123763.304000,-0.025391,0.779297,-0.095703
1355123763.314000,-0.025391,0.779297,-0.095703
1355123763.325000,-0.242188,0.960938,-0.251953
1355123763.334000,-0.242188,0.960938,-0.251953
1355123763.344000,-0.423828,1.041016,-0.591797
1355123763.354000,-0.423828,1.041016,-0.591797
1355123763.364000,-0.464844,1.126953,-0.818359
1355123763.375000,-0.464844,1.126953,-0.818359
1355123763.384000,-0.462891,1.369141,-0.871094
1355123763.394000,-0.462891,1.369141,-0.871094
1355123763.404000,-0.462891,1.369141,-0.871094
1355123763.415000,-0.462891,1.369141,-0.871094
1355123763.424000,-0.462891,1.369141,-0.871094
1355123763.435000,-0.462891,1.369141,-0.871094
1355123763.444000,-0.462891,1.369141,-0.871094
1355123763.454000,-0.937500,1.732422,-0.230469
1355123763.464000,-0.599609,1.765625,-0.078125
1355123763.474000,-0.599609,1.765625,-0.078125
1355123763.484000,-0.361328,1.443359,-0.431641
1355123763.494000,-0.361328,1.443359,-0.431641
1355123763.504000,-0.310547,1.134766,-0.400391
1355123763.514000,-0.310547,1.134766,-0.400391
1355123763.524000,-0.359375,0.921875,-0.109375
1355123763.535000,-0.359375,0.921875,-0.109375
1355123763.544000,-0.316406,0.791016,-0.019531
1355123763.554000,-0.316406,0.791016,-0.019531
1355123763.565000,-0.220703,0.671875,-0.259766
1355123763.574000,-0.220703,0.671875,-0.259766
1355123763.585000,-0.142578,0.578125,-0.183594
1355123763.595000,-0.142578,0.578125,-0.183594
1355123763.604000,-0.068359,0.460938,-0.025391
1355123763.614000,-0.068359,0.460938,-0.025391
1355123763.624000,-0.068359,0.460938,-0.025391
1355123763.635000,-0.068359,0.347656,0.039062
1355123763.644000,0.041016,0.310547,0.046875
1355123763.654000,0.041016,0.310547,0.046875
1355123763.664000,0.041016,0.310547,0.046875
1355123763.674000,0.041016,0.310547,0.046875
1355123763.684000,0.041016,0.310547,0.046875
1355123763.695000,-0.181641,0.294922,-0.068359
1355123763.704000,-0.257812,0.257812,-0.123047
1355123763.714000,-0.257812,0.257812,-0.123047
1355123763.724000,-0.156250,0.402344,-0.066406
1355123763.734000,-0.156250,0.402344,-0.066406
1355123763.744000,-0.121094,0.666016,-0.072266
1355123763.755000,-0.121094,0.666016,-0.072266
1355123763.765000,-0.244141,0.857422,-0.128906
1355123763.775000,-0.244141,0.857422,-0.128906
1355123763.784000,-0.339844,0.820312,-0.101562
1355123763.794000,-0.451172,0.744141,-0.058594
1355123763.804000,-0.451172,0.744141,-0.058594
1355123763.822000,-0.451172,0.744141,-0.058594
1355123763.826000,-0.451172,0.744141,-0.058594
1355123763.834000,-0.283203,0.941406,-0.091797
1355123763.845000,-0.283203,0.941406,-0.091797
1355123763.854000,-0.111328,1.085938,-0.443359
1355123763.864000,-0.111328,1.085938,-0.443359
1355123763.875000,-0.119141,1.324219,-0.498047
1355123763.884000,-0.119141,1.324219,-0.498047
1355123763.894000,-0.119141,1.324219,-0.498047
1355123763.904000,-0.119141,1.324219,-0.498047
1355123763.915000,-0.119141,1.324219,-0.498047
1355123763.924000,-0.126953,1.988281,0.261719
1355123763.934000,0.146484,1.994141,-0.207031
1355123763.944000,0.146484,1.994141,-0.207031
1355123763.954000,0.185547,2.000000,-0.585938
1355123763.964000,0.185547,2.000000,-0.585938
1355123763.974000,-0.021484,1.798828,-0.478516
1355123763.984000,-0.021484,1.798828,-0.478516
1355123763.994000,-0.140625,1.154297,-0.183594
1355123764.004000,-0.140625,1.154297,-0.183594
1355123764.014000,-0.257812,0.740234,-0.033203
1355123764.025000,-0.257812,0.740234,-0.033203
1355123764.034000,-0.259766,0.613281,0.126953
1355123764.044000,-0.259766,0.613281,0.126953
1355123764.054000,-0.248047,0.736328,0.005859
1355123764.065000,-0.248047,0.736328,0.005859
1355123764.075000,-0.193359,0.871094,-0.251953
1355123764.085000,-0.193359,0.871094,-0.251953
1355123764.094000,-0.160156,0.818359,-0.345703
1355123764.105000,-0.160156,0.818359,-0.345703
1355123764.115000,-0.169922,0.634766,-0.218750
1355123764.124000,-0.169922,0.634766,-0.218750
1355123764.134000,-0.169922,0.634766,-0.218750
1355123764.145000,-0.169922,0.634766,-0.218750
1355123764.154000,-0.201172,0.404297,0.136719
1355123764.165000,-0.201172,0.404297,0.136719
1355123764.174000,-0.152344,0.572266,0.037109
1355123764.185000,-0.152344,0.572266,0.037109
1355123764.194000,-0.082031,0.714844,-0.074219
1355123764.204000,-0.082031,0.714844,-0.074219
1355123764.214000,-0.041016,0.691406,-0.238281
1355123764.225000,-0.025391,0.523438,-0.191406
1355123764.234000,-0.025391,0.523438,-0.191406
1355123764.244000,0.017578,0.339844,0.125000
1355123764.254000,0.017578,0.339844,0.125000
1355123764.264000,0.050781,0.183594,0.246094
1355123764.274000,0.050781,0.183594,0.246094
1355123764.285000,0.072266,0.306641,0.265625
1355123764.294000,0.072266,0.306641,0.265625
1355123764.304000,0.037109,0.755859,0.173828
1355123764.314000,0.037109,0.755859,0.173828
1355123764.324000,-0.091797,1.009766,-0.203125
1355123764.335000,-0.091797,1.009766,-0.203125
1355123764.344000,-0.162109,0.931641,-0.705078
1355123764.354000,-0.162109,0.931641,-0.705078
1355123764.364000,-0.208984,0.931641,-0.685547
1355123764.375000,-0.208984,0.931641,-0.685547
1355123764.384000,-0.208984,0.931641,-0.685547
1355123764.394000,-0.208984,0.931641,-0.685547
1355123764.404000,-0.568359,1.513672,-0.328125
1355123764.414000,-0.568359,1.513672,-0.328125
1355123764.424000,-0.583984,1.804688,-0.667969
1355123764.434000,-0.583984,1.804688,-0.667969
1355123764.445000,-0.642578,1.978516,-0.947266
1355123764.455000,-0.642578,1.978516,-0.947266
1355123764.465000,-0.707031,1.923828,-0.720703
1355123764.475000,-0.707031,1.923828,-0.720703
1355123764.485000,-0.677734,1.898437,-0.261719
1355123764.494000,-0.677734,1.898437,-0.261719
1355123764.504000,-0.613281,1.662109,-0.207031
1355123764.514000,-0.613281,1.662109,-0.207031
1355123764.538000,-0.457031,1.349609,-0.150391
1355123764.542000,-0.457031,1.349609,-0.150391
1355123764.552000,-0.457031,1.349609,-0.150391
1355123764.559000,-0.457031,1.349609,-0.150391
1355123764.571000,-0.177734,0.794922,-0.103516
1355123764.579000,-0.070312,0.667969,-0.208984
1355123764.589000,-0.070312,0.667969,-0.208984
1355123764.599000,-0.027344,0.505859,-0.216797
1355123764.609000,-0.027344,0.505859,-0.216797
1355123764.619000,-0.027344,0.312500,-0.060547
1355123764.624000,-0.027344,0.312500,-0.060547
1355123764.635000,-0.027344,0.312500,-0.060547
1355123764.644000,-0.080078,0.173828,0.085938
1355123764.667000,-0.080078,0.173828,0.085938
1355123764.671000,-0.080078,0.173828,0.085938
1355123764.675000,-0.080078,0.173828,0.085938
1355123764.684000,-0.160156,0.126953,0.052734
1355123764.694000,-0.261719,0.437500,0.103516
1355123764.705000,-0.261719,0.437500,0.103516
1355123764.714000,-0.296875,0.638672,0.076172
1355123764.724000,-0.296875,0.638672,0.076172
1355123764.735000,-0.300781,0.693359,-0.164062
1355123764.745000,-0.300781,0.693359,-0.164062
1355123764.755000,-0.291016,0.675781,-0.171875
1355123764.764000,-0.291016,0.675781,-0.171875
1355123764.775000,-0.167969,0.660156,0.048828
