1355122205.095000,0.000000,0.000000,0.000000
1355122205.103000,0.000000,0.000000,0.000000
1355122205.115000,0.000000,0.000000,0.000000
1355122205.123000,0.000000,0.000000,0.000000
1355122205.135000,0.000000,0.000000,0.000000
1355122205.143000,0.000000,0.000000,0.000000
1355122205.153000,0.000000,0.000000,0.000000
1355122205.163000,0.000000,0.000000,0.000000
1355122205.173000,0.000000,0.000000,0.000000
1355122205.183000,0.000000,0.000000,0.000000
1355122205.193000,0.000000,0.000000,0.000000
1355122205.203000,0.000000,0.000000,0.000000
1355122205.213000,0.000000,0.000000,0.000000
1355122205.223000,0.000000,0.000000,0.000000
1355122205.233000,-0.074219,0.957031,-0.134766
1355122205.243000,-0.085938,0.984375,-0.126953
1355122205.253000,-0.085938,0.984375,-0.126953
1355122205.265000,-0.085938,0.984375,-0.126953
1355122205.276000,-0.085938,0.984375,-0.126953
1355122205.285000,-0.085938,0.984375,-0.126953
1355122205.293000,-0.085938,0.984375,-0.126953
1355122205.303000,-0.085938,0.984375,-0.126953
1355122205.313000,-0.085938,0.984375,-0.126953
1355122205.323000,-0.085938,0.984375,-0.126953
1355122205.333000,-0.085938,0.984375,-0.126953
1355122205.351000,-0.085938,0.984375,-0.126953
1355122205.354000,-0.085938,0.984375,-0.126953
1355122205.363000,-0.085938,0.984375,-0.126953
1355122205.373000,-0.074219,0.970703,-0.115234
1355122205.387000,-0.074219,0.970703,-0.115234
1355122205.393000,-0.074219,0.970703,-0.115234
1355122205.404000,-0.074219,0.970703,-0.115234
1355122205.413000,-0.076172,0.964844,-0.082031
1355122205.424000,-0.076172,0.964844,-0.082031
1355122205.433000,-0.076172,0.964844,-0.082031
1355122205.443000,-0.076172,0.964844,-0.082031
1355122205.453000,-0.076172,0.964844,-0.082031
1355122205.463000,-0.085938,0.964844,-0.107422
1355122205.474000,-0.085938,0.964844,-0.107422
1355122205.483000,-0.078125,0.972656,-0.105469
1355122205.493000,-0.058594,0.955078,-0.117187
1355122205.507000,-0.058594,0.955078,-0.117187
1355122205.514000,-0.060547,0.962891,-0.113281
1355122205.525000,-0.060547,0.962891,-0.113281
1355122205.533000,-0.072266,0.957031,-0.111328
1355122205.545000,-0.072266,0.957031,-0.111328
1355122205.553000,-0.074219,0.962891,-0.125000
1355122205.563000,-0.074219,0.962891,-0.125000
1355122205.574000,-0.087891,0.958984,-0.123047
1355122205.583000,-0.087891,0.958984,-0.123047
1355122205.598000,-0.076172,0.962891,-0.117187
1355122205.625000,-0.076172,0.962891,-0.117187
1355122205.638000,-0.076172,0.962891,-0.117187
1355122205.644000,-0.064453,0.966797,-0.107422
1355122205.658000,-0.064453,0.966797,-0.107422
1355122205.672000,-0.064453,0.966797,-0.107422
1355122205.676000,-0.064453,0.966797,-0.107422
1355122205.687000,-0.064453,0.966797,-0.107422
1355122205.693000,-0.064453,0.966797,-0.107422
1355122205.710000,-0.066406,0.970703,-0.109375
1355122205.714000,-0.066406,0.970703,-0.109375
1355122205.725000,-0.078125,0.953125,-0.119141
1355122205.739000,-0.078125,0.953125,-0.119141
1355122205.744000,-0.078125,0.953125,-0.119141
1355122205.752000,-0.078125,0.953125,-0.119141
1355122205.762000,-0.078125,0.953125,-0.119141
1355122205.772000,-0.078125,0.953125,-0.119141
1355122205.782000,-0.078125,0.953125,-0.119141
1355122205.792000,-0.058594,0.962891,-0.109375
1355122205.802000,-0.070312,0.976562,-0.121094
1355122205.812000,-0.072266,0.980469,-0.109375
1355122205.822000,-0.072266,0.980469,-0.109375
1355122205.832000,-0.056641,0.978516,-0.128906
1355122205.842000,-0.056641,0.978516,-0.128906
1355122205.852000,-0.078125,0.955078,-0.128906
1355122205.862000,-0.078125,0.955078,-0.128906
1355122205.874000,-0.068359,0.968750,-0.126953
1355122205.882000,-0.068359,0.968750,-0.126953
1355122205.892000,-0.058594,0.968750,-0.134766
1355122205.902000,-0.058594,0.968750,-0.134766
1355122205.912000,-0.074219,0.966797,-0.140625
1355122205.922000,-0.074219,0.966797,-0.140625
1355122205.932000,-0.074219,0.966797,-0.140625
1355122205.942000,-0.074219,0.966797,-0.140625
1355122205.952000,-0.050781,0.962891,-0.138672
1355122205.962000,-0.074219,0.968750,-0.121094
1355122205.972000,-0.074219,0.968750,-0.121094
1355122205.982000,-0.080078,0.951172,-0.136719
1355122205.992000,-0.080078,0.951172,-0.136719
1355122206.002000,-0.078125,0.968750,-0.136719
1355122206.012000,-0.078125,0.968750,-0.136719
1355122206.022000,-0.060547,0.955078,-0.085938
1355122206.032000,-0.060547,0.955078,-0.085938
1355122206.042000,-0.068359,0.962891,-0.105469
1355122206.052000,-0.068359,0.962891,-0.105469
1355122206.062000,-0.076172,0.962891,-0.132812
1355122206.072000,-0.076172,0.962891,-0.132812
1355122206.082000,-0.066406,0.978516,-0.125000
1355122206.092000,-0.066406,0.978516,-0.125000
1355122206.102000,-0.068359,0.968750,-0.107422
1355122206.112000,-0.068359,0.968750,-0.107422
1355122206.122000,-0.066406,0.986328,-0.115234
1355122206.132000,-0.066406,0.986328,-0.115234
1355122206.142000,-0.064453,0.968750,-0.103516
1355122206.152000,-0.064453,0.968750,-0.103516
1355122206.162000,-0.070312,0.972656,-0.140625
1355122206.172000,-0.070312,0.972656,-0.140625
1355122206.183000,-0.070312,0.972656,-0.140625
1355122206.192000,-0.064453,0.962891,-0.136719
1355122206.202000,-0.072266,0.962891,-0.123047
1355122206.212000,-0.072266,0.962891,-0.123047
1355122206.222000,-0.054688,0.962891,-0.095703
1355122206.232000,-0.054688,0.962891,-0.095703
1355122206.242000,-0.072266,0.986328,-0.134766
1355122206.252000,-0.072266,0.986328,-0.134766
1355122206.262000,-0.078125,0.966797,-0.144531
1355122206.272000,-0.078125,0.966797,-0.144531
1355122206.282000,-0.089844,0.968750,-0.132812
1355122206.292000,-0.089844,0.968750,-0.132812
1355122206.302000,-0.066406,0.939453,-0.111328
1355122206.312000,-0.066406,0.939453,-0.111328
1355122206.322000,-0.072266,0.964844,-0.125000
1355122206.332000,-0.072266,0.964844,-0.125000
1355122206.342000,-0.072266,0.966797,-0.132812
1355122206.352000,-0.072266,0.966797,-0.132812
1355122206.362000,-0.078125,0.972656,-0.144531
1355122206.373000,-0.078125,0.972656,-0.144531
1355122206.383000,-0.085938,0.966797,-0.126953
1355122206.399000,-0.085938,0.966797,-0.126953
1355122206.404000,-0.085938,0.966797,-0.126953
1355122206.412000,-0.085938,0.966797,-0.126953
1355122206.422000,-0.085938,0.966797,-0.126953
1355122206.433000,-0.085938,0.966797,-0.126953
1355122206.446000,-0.074219,0.966797,-0.140625
1355122206.452000,-0.074219,0.966797,-0.140625
1355122206.462000,-0.074219,0.966797,-0.140625
1355122206.473000,-0.074219,0.966797,-0.140625
1355122206.482000,-0.074219,0.966797,-0.140625
1355122206.492000,-0.074219,0.966797,-0.140625
1355122206.502000,-0.074219,0.966797,-0.140625
1355122206.525000,-0.074219,0.951172,-0.117187
1355122206.529000,-0.074219,0.951172,-0.117187
1355122206.532000,-0.082031,0.958984,-0.126953
1355122206.542000,-0.087891,0.955078,-0.119141
1355122206.552000,-0.070312,0.968750,-0.152344
1355122206.562000,-0.070312,0.968750,-0.152344
1355122206.572000,-0.085938,0.976562,-0.117187
1355122206.582000,-0.085938,0.976562,-0.117187
1355122206.592000,-0.083984,0.964844,-0.138672
1355122206.602000,-0.083984,0.964844,-0.138672
1355122206.612000,-0.062500,0.957031,-0.109375
1355122206.622000,-0.062500,0.957031,-0.109375
1355122206.632000,-0.074219,0.962891,-0.132812
1355122206.642000,-0.074219,0.962891,-0.132812
1355122206.652000,-0.056641,0.976562,-0.150391
1355122206.662000,-0.056641,0.976562,-0.150391
1355122206.672000,-0.056641,0.976562,-0.150391
1355122206.682000,-0.056641,0.976562,-0.150391
1355122206.692000,-0.074219,0.960938,-0.132812
1355122206.702000,-0.074219,0.960938,-0.132812
1355122206.712000,-0.082031,0.957031,-0.134766
1355122206.722000,-0.082031,0.957031,-0.134766
1355122206.732000,-0.076172,0.980469,-0.150391
1355122206.742000,-0.076172,0.980469,-0.150391
1355122206.752000,-0.064453,0.972656,-0.134766
1355122206.762000,-0.064453,0.972656,-0.134766
1355122206.772000,-0.082031,0.955078,-0.146484
1355122206.782000,-0.082031,0.955078,-0.146484
1355122206.792000,-0.062500,0.972656,-0.115234
1355122206.802000,-0.062500,0.972656,-0.115234
1355122206.812000,-0.066406,0.957031,-0.105469
1355122206.822000,-0.066406,0.957031,-0.105469
1355122206.832000,-0.060547,0.960938,-0.123047
1355122206.842000,-0.060547,0.960938,-0.123047
1355122206.852000,-0.064453,0.962891,-0.128906
1355122206.862000,-0.062500,0.968750,-0.119141
1355122206.872000,-0.062500,0.968750,-0.119141
1355122206.882000,-0.080078,0.962891,-0.134766
1355122206.893000,-0.080078,0.962891,-0.134766
1355122206.902000,-0.080078,0.962891,-0.134766
1355122206.912000,-0.076172,0.964844,-0.130859
1355122206.922000,-0.076172,0.964844,-0.130859
1355122206.932000,-0.076172,0.964844,-0.130859
1355122206.942000,-0.070312,0.974609,-0.107422
1355122206.952000,-0.054688,0.958984,-0.107422
1355122206.962000,-0.054688,0.958984,-0.107422
1355122206.972000,-0.054688,0.960938,-0.101562
1355122206.982000,-0.046875,0.964844,-0.095703
1355122206.992000,-0.046875,0.964844,-0.095703
1355122207.002000,-0.052734,0.968750,-0.101562
1355122207.012000,-0.052734,0.968750,-0.101562
1355122207.022000,-0.064453,0.978516,-0.111328
1355122207.032000,-0.064453,0.978516,-0.111328
1355122207.042000,-0.076172,0.949219,-0.126953
1355122207.052000,-0.076172,0.949219,-0.126953
1355122207.062000,-0.066406,0.958984,-0.128906
1355122207.072000,-0.066406,0.958984,-0.128906
1355122207.082000,-0.080078,0.964844,-0.111328
1355122207.092000,-0.080078,0.964844,-0.111328
1355122207.103000,-0.058594,0.972656,-0.107422
1355122207.112000,-0.058594,0.972656,-0.107422
1355122207.122000,-0.089844,0.958984,-0.140625
1355122207.143000,-0.089844,0.958984,-0.140625
1355122207.144000,-0.089844,0.958984,-0.140625
1355122207.152000,-0.082031,0.960938,-0.140625
1355122207.162000,-0.082031,0.960938,-0.140625
1355122207.172000,-0.082031,0.960938,-0.140625
1355122207.182000,-0.070312,0.958984,-0.125000
1355122207.192000,-0.078125,0.957031,-0.144531
1355122207.202000,-0.078125,0.957031,-0.144531
1355122207.212000,-0.072266,0.949219,-0.132812
1355122207.233000,-0.076172,0.966797,-0.109375
1355122207.236000,-0.076172,0.966797,-0.109375
1355122207.242000,-0.072266,0.968750,-0.132812
1355122207.252000,-0.072266,0.968750,-0.132812
1355122207.262000,-0.091797,0.970703,-0.140625
1355122207.272000,-0.091797,0.970703,-0.140625
1355122207.282000,-0.074219,0.962891,-0.138672
1355122207.292000,-0.074219,0.962891,-0.138672
1355122207.302000,-0.074219,0.947266,-0.138672
1355122207.312000,-0.074219,0.947266,-0.138672
1355122207.322000,-0.078125,0.962891,-0.132812
1355122207.332000,-0.078125,0.962891,-0.132812
1355122207.342000,-0.082031,0.976562,-0.126953
1355122207.354000,-0.074219,0.968750,-0.140625
1355122207.362000,-0.074219,0.968750,-0.140625
1355122207.372000,-0.072266,0.955078,-0.138672
1355122207.382000,-0.072266,0.955078,-0.138672
1355122207.393000,-0.083984,0.957031,-0.154297
1355122207.402000,-0.083984,0.957031,-0.154297
1355122207.413000,-0.083984,0.957031,-0.154297
1355122207.422000,-0.083984,0.957031,-0.154297
1355122207.432000,-0.082031,0.947266,-0.146484
1355122207.442000,-0.080078,0.982422,-0.125000
1355122207.452000,-0.080078,0.982422,-0.125000
1355122207.464000,-0.078125,0.958984,-0.121094
1355122207.472000,-0.091797,0.972656,-0.140625
1355122207.482000,-0.091797,0.972656,-0.140625
1355122207.492000,-0.089844,0.949219,-0.171875
1355122207.502000,-0.089844,0.949219,-0.171875
1355122207.512000,-0.058594,0.968750,-0.095703
1355122207.522000,-0.058594,0.968750,-0.095703
1355122207.532000,-0.058594,0.968750,-0.095703
1355122207.542000,-0.060547,0.968750,-0.115234
1355122207.553000,-0.083984,0.955078,-0.138672
1355122207.562000,-0.083984,0.955078,-0.138672
1355122207.572000,-0.070312,0.968750,-0.107422
1355122207.582000,-0.070312,0.968750,-0.107422
1355122207.592000,-0.085938,0.986328,-0.132812
1355122207.602000,-0.085938,0.986328,-0.132812
1355122207.612000,-0.083984,0.974609,-0.166016
1355122207.622000,-0.083984,0.974609,-0.166016
1355122207.633000,-0.074219,0.978516,-0.126953
1355122207.643000,-0.074219,0.978516,-0.126953
1355122207.653000,-0.068359,0.951172,-0.130859
1355122207.662000,-0.068359,0.951172,-0.130859
1355122207.672000,-0.068359,0.951172,-0.130859
1355122207.682000,-0.058594,0.958984,-0.125000
1355122207.692000,-0.058594,0.986328,-0.107422
1355122207.703000,-0.058594,0.986328,-0.107422
1355122207.713000,-0.066406,0.966797,-0.128906
1355122207.722000,-0.066406,0.966797,-0.128906
1355122207.732000,-0.080078,0.964844,-0.111328
1355122207.742000,-0.080078,0.964844,-0.111328
1355122207.752000,-0.080078,0.966797,-0.128906
1355122207.762000,-0.080078,0.966797,-0.128906
1355122207.772000,-0.080078,0.958984,-0.136719
1355122207.783000,-0.080078,0.958984,-0.136719
1355122207.792000,-0.062500,0.957031,-0.126953
1355122207.802000,-0.062500,0.957031,-0.126953
1355122207.812000,-0.070312,0.984375,-0.121094
1355122207.822000,-0.070312,0.984375,-0.121094
1355122207.832000,-0.064453,0.970703,-0.105469
1355122207.851000,-0.064453,0.970703,-0.105469
1355122207.856000,-0.064453,0.970703,-0.105469
1355122207.863000,-0.074219,0.978516,-0.130859
1355122207.873000,-0.078125,0.982422,-0.128906
1355122207.882000,-0.074219,0.972656,-0.140625
1355122207.892000,-0.074219,0.972656,-0.140625
1355122207.902000,-0.074219,0.972656,-0.140625
1355122207.912000,-0.052734,0.970703,-0.126953
1355122207.922000,-0.052734,0.970703,-0.126953
1355122207.932000,-0.083984,0.966797,-0.150391
1355122207.942000,-0.068359,0.949219,-0.121094
1355122207.952000,-0.068359,0.949219,-0.121094
1355122207.962000,-0.085938,0.955078,-0.121094
1355122207.972000,-0.085938,0.955078,-0.121094
1355122207.982000,-0.087891,0.968750,-0.128906
1355122207.993000,-0.087891,0.968750,-0.128906
1355122208.003000,-0.074219,0.955078,-0.115234
1355122208.013000,-0.074219,0.955078,-0.115234
1355122208.022000,-0.091797,0.966797,-0.167969
1355122208.033000,-0.091797,0.966797,-0.167969
1355122208.042000,-0.078125,0.958984,-0.154297
1355122208.053000,-0.078125,0.958984,-0.154297
1355122208.062000,-0.080078,0.958984,-0.136719
1355122208.072000,-0.080078,0.958984,-0.136719
1355122208.082000,-0.091797,0.968750,-0.148438
1355122208.092000,-0.091797,0.968750,-0.148438
1355122208.102000,-0.099609,0.960938,-0.142578
1355122208.112000,-0.099609,0.960938,-0.142578
1355122208.122000,-0.093750,0.947266,-0.156250
1355122208.132000,-0.093750,0.947266,-0.156250
1355122208.144000,-0.082031,0.958984,-0.128906
1355122208.152000,-0.082031,0.958984,-0.128906
1355122208.162000,-0.087891,0.964844,-0.126953
1355122208.172000,-0.087891,0.964844,-0.126953
1355122208.182000,-0.087891,0.964844,-0.126953
1355122208.192000,-0.083984,0.970703,-0.146484
1355122208.202000,-0.083984,0.970703,-0.146484
1355122208.212000,-0.091797,0.962891,-0.156250
1355122208.222000,-0.089844,0.966797,-0.130859
1355122208.232000,-0.089844,0.966797,-0.130859
1355122208.242000,-0.089844,0.976562,-0.138672
1355122208.252000,-0.089844,0.976562,-0.138672
1355122208.262000,-0.078125,0.966797,-0.146484
1355122208.272000,-0.078125,0.966797,-0.146484
1355122208.282000,-0.107422,0.962891,-0.152344
1355122208.292000,-0.107422,0.962891,-0.152344
1355122208.302000,-0.103516,0.960938,-0.154297
1355122208.312000,-0.103516,0.960938,-0.154297
1355122208.322000,-0.095703,0.962891,-0.150391
1355122208.332000,-0.095703,0.962891,-0.150391
1355122208.342000,-0.083984,0.958984,-0.154297
1355122208.352000,-0.078125,0.955078,-0.136719
1355122208.362000,-0.078125,0.955078,-0.136719
1355122208.372000,-0.074219,0.970703,-0.130859
1355122208.382000,-0.074219,0.970703,-0.130859
1355122208.392000,-0.078125,0.972656,-0.125000
1355122208.402000,-0.078125,0.972656,-0.125000
1355122208.412000,-0.078125,0.972656,-0.125000
1355122208.422000,-0.078125,0.972656,-0.125000
1355122208.432000,-0.089844,0.974609,-0.126953
1355122208.446000,-0.089844,0.974609,-0.126953
1355122208.452000,-0.085938,0.955078,-0.150391
1355122208.462000,-0.085938,0.955078,-0.150391
1355122208.472000,-0.093750,0.962891,-0.169922
1355122208.482000,-0.093750,0.962891,-0.169922
1355122208.492000,-0.080078,0.962891,-0.136719
1355122208.502000,-0.080078,0.962891,-0.136719
1355122208.513000,-0.078125,0.964844,-0.162109
1355122208.522000,-0.078125,0.964844,-0.162109
1355122208.540000,-0.078125,0.964844,-0.162109
1355122208.544000,-0.078125,0.964844,-0.162109
1355122208.552000,-0.078125,0.964844,-0.162109
1355122208.562000,-0.083984,0.962891,-0.138672
1355122208.572000,-0.074219,0.970703,-0.132812
1355122208.582000,-0.074219,0.970703,-0.132812
1355122208.593000,-0.080078,0.968750,-0.130859
1355122208.602000,-0.080078,0.968750,-0.130859
1355122208.612000,-0.074219,0.960938,-0.132812
1355122208.625000,-0.074219,0.960938,-0.132812
1355122208.632000,-0.091797,0.972656,-0.140625
1355122208.642000,-0.091797,0.972656,-0.140625
1355122208.652000,-0.083984,0.955078,-0.140625
1355122208.662000,-0.083984,0.955078,-0.140625
1355122208.672000,-0.066406,0.978516,-0.144531
1355122208.682000,-0.066406,0.978516,-0.144531
1355122208.693000,-0.076172,0.953125,-0.138672
1355122208.702000,-0.076172,0.953125,-0.138672
1355122208.712000,-0.080078,0.964844,-0.123047
1355122208.722000,-0.080078,0.964844,-0.123047
1355122208.732000,-0.097656,0.960938,-0.142578
1355122208.742000,-0.097656,0.960938,-0.142578
1355122208.752000,-0.082031,0.980469,-0.134766
1355122208.762000,-0.082031,0.980469,-0.134766
1355122208.772000,-0.074219,0.966797,-0.140625
1355122208.782000,-0.074219,0.966797,-0.140625
1355122208.792000,-0.082031,0.968750,-0.144531
1355122208.802000,-0.082031,0.968750,-0.144531
1355122208.812000,-0.076172,0.949219,-0.130859
1355122208.822000,-0.083984,0.957031,-0.158203
1355122208.832000,-0.083984,0.957031,-0.158203
1355122208.842000,-0.087891,0.970703,-0.138672
1355122208.852000,-0.087891,0.970703,-0.138672
1355122208.862000,-0.078125,0.953125,-0.128906
1355122208.873000,-0.078125,0.953125,-0.128906
1355122208.882000,-0.078125,0.953125,-0.128906
1355122208.892000,-0.091797,0.958984,-0.152344
1355122208.903000,-0.091797,0.958984,-0.152344
1355122208.912000,-0.076172,0.964844,-0.136719
1355122208.922000,-0.082031,0.972656,-0.152344
1355122208.933000,-0.082031,0.972656,-0.152344
1355122208.942000,-0.082031,0.972656,-0.152344
1355122208.952000,-0.082031,0.972656,-0.152344
1355122208.962000,-0.076172,0.958984,-0.130859
1355122208.972000,-0.076172,0.958984,-0.130859
1355122208.982000,-0.072266,0.962891,-0.130859
1355122208.992000,-0.072266,0.962891,-0.130859
1355122209.002000,-0.091797,0.951172,-0.146484
1355122209.012000,-0.091797,0.951172,-0.146484
1355122209.022000,-0.052734,0.974609,-0.121094
1355122209.032000,-0.052734,0.974609,-0.121094
1355122209.042000,-0.085938,0.960938,-0.142578
1355122209.052000,-0.085938,0.960938,-0.142578
1355122209.062000,-0.085938,0.976562,-0.148438
1355122209.072000,-0.085938,0.976562,-0.148438
1355122209.082000,-0.074219,0.968750,-0.123047
1355122209.092000,-0.074219,0.968750,-0.123047
1355122209.102000,-0.095703,0.945312,-0.166016
1355122209.112000,-0.095703,0.945312,-0.166016
1355122209.122000,-0.080078,0.958984,-0.136719
1355122209.132000,-0.080078,0.958984,-0.136719
1355122209.142000,-0.078125,0.958984,-0.128906
1355122209.152000,-0.078125,0.958984,-0.128906
1355122209.162000,-0.078125,0.958984,-0.128906
1355122209.172000,-0.072266,0.968750,-0.144531
1355122209.182000,-0.072266,0.968750,-0.144531
1355122209.192000,-0.080078,0.957031,-0.128906
1355122209.202000,-0.091797,0.957031,-0.128906
1355122209.213000,-0.091797,0.957031,-0.128906
1355122209.222000,-0.091797,0.960938,-0.146484
1355122209.238000,-0.091797,0.960938,-0.146484
1355122209.242000,-0.091797,0.960938,-0.146484
1355122209.252000,-0.064453,0.968750,-0.125000
1355122209.262000,-0.060547,0.962891,-0.162109
1355122209.272000,-0.060547,0.962891,-0.162109
1355122209.282000,-0.089844,0.964844,-0.150391
1355122209.292000,-0.089844,0.964844,-0.150391
1355122209.302000,-0.085938,0.966797,-0.152344
1355122209.312000,-0.085938,0.966797,-0.152344
1355122209.322000,-0.085938,0.970703,-0.164062
1355122209.332000,-0.087891,0.951172,-0.144531
1355122209.342000,-0.087891,0.951172,-0.144531
1355122209.353000,-0.064453,0.970703,-0.140625
1355122209.362000,-0.064453,0.970703,-0.140625
1355122209.372000,-0.072266,0.949219,-0.136719
1355122209.382000,-0.072266,0.949219,-0.136719
1355122209.392000,-0.083984,0.964844,-0.140625
1355122209.402000,-0.083984,0.964844,-0.140625
1355122209.412000,-0.089844,0.966797,-0.134766
1355122209.423000,-0.089844,0.966797,-0.134766
1355122209.432000,-0.089844,0.966797,-0.134766
1355122209.444000,-0.089844,0.966797,-0.134766
1355122209.452000,-0.076172,0.972656,-0.152344
1355122209.463000,-0.076172,0.972656,-0.152344
1355122209.472000,-0.076172,0.958984,-0.132812
1355122209.482000,-0.076172,0.958984,-0.132812
1355122209.492000,-0.089844,0.968750,-0.134766
1355122209.502000,-0.089844,0.968750,-0.134766
1355122209.512000,-0.074219,0.974609,-0.126953
1355122209.522000,-0.074219,0.974609,-0.126953
1355122209.534000,-0.101562,0.972656,-0.160156
1355122209.542000,-0.101562,0.972656,-0.160156
1355122209.552000,-0.085938,0.953125,-0.162109
1355122209.562000,-0.085938,0.953125,-0.162109
1355122209.572000,-0.080078,0.970703,-0.152344
1355122209.582000,-0.080078,0.970703,-0.152344
1355122209.592000,-0.089844,0.962891,-0.152344
1355122209.602000,-0.089844,0.962891,-0.152344
1355122209.612000,-0.068359,0.972656,-0.138672
1355122209.622000,-0.068359,0.972656,-0.138672
1355122209.632000,-0.064453,0.966797,-0.136719
1355122209.643000,-0.064453,0.966797,-0.136719
1355122209.653000,-0.078125,0.962891,-0.128906
1355122209.662000,-0.078125,0.962891,-0.128906
1355122209.673000,-0.076172,0.970703,-0.126953
1355122209.682000,-0.076172,0.970703,-0.126953
1355122209.693000,-0.076172,0.970703,-0.126953
1355122209.702000,-0.076172,0.970703,-0.126953
1355122209.712000,-0.076172,0.972656,-0.144531
1355122209.722000,-0.076172,0.972656,-0.144531
1355122209.732000,-0.080078,0.958984,-0.146484
1355122209.742000,-0.080078,0.958984,-0.146484
1355122209.753000,-0.099609,0.972656,-0.134766
1355122209.762000,-0.099609,0.972656,-0.134766
1355122209.772000,-0.082031,0.964844,-0.138672
1355122209.782000,-0.082031,0.964844,-0.138672
1355122209.792000,-0.076172,0.968750,-0.134766
1355122209.802000,-0.076172,0.968750,-0.134766
1355122209.812000,-0.068359,0.955078,-0.148438
1355122209.823000,-0.085938,0.962891,-0.154297
1355122209.832000,-0.085938,0.962891,-0.154297
1355122209.842000,-0.080078,0.957031,-0.146484
1355122209.852000,-0.080078,0.957031,-0.146484
1355122209.863000,-0.078125,0.957031,-0.140625
1355122209.872000,-0.078125,0.957031,-0.140625
1355122209.882000,-0.056641,0.957031,-0.125000
1355122209.892000,-0.056641,0.957031,-0.125000
1355122209.909000,-0.056641,0.957031,-0.125000
1355122209.914000,-0.056641,0.957031,-0.125000
1355122209.922000,-0.056641,0.957031,-0.125000
1355122209.932000,-0.056641,0.957031,-0.125000
1355122209.942000,-0.056641,0.957031,-0.125000
1355122209.952000,-0.091797,0.962891,-0.146484
1355122209.962000,-0.091797,0.962891,-0.146484
1355122209.972000,-0.091797,0.962891,-0.146484
1355122209.982000,-0.091797,0.962891,-0.146484
1355122210.003000,-0.076172,0.964844,-0.158203
1355122210.006000,-0.076172,0.964844,-0.158203
1355122210.012000,-0.080078,0.966797,-0.144531
1355122210.022000,-0.082031,0.960938,-0.146484
1355122210.032000,-0.082031,0.960938,-0.146484
1355122210.042000,-0.072266,0.960938,-0.140625
1355122210.053000,-0.072266,0.960938,-0.140625
1355122210.066000,-0.083984,0.951172,-0.152344
1355122210.072000,-0.083984,0.951172,-0.152344
1355122210.082000,-0.074219,0.960938,-0.134766
1355122210.092000,-0.074219,0.960938,-0.134766
1355122210.103000,-0.101562,0.982422,-0.169922
1355122210.112000,-0.101562,0.982422,-0.169922
1355122210.122000,-0.087891,0.960938,-0.156250
1355122210.132000,-0.087891,0.960938,-0.156250
1355122210.142000,-0.062500,0.957031,-0.144531
1355122210.152000,-0.062500,0.957031,-0.144531
1355122210.162000,-0.054688,0.980469,-0.128906
1355122210.172000,-0.054688,0.980469,-0.128906
1355122210.182000,-0.054688,0.980469,-0.128906
1355122210.192000,-0.070312,0.949219,-0.125000
1355122210.202000,-0.074219,0.978516,-0.144531
1355122210.215000,-0.074219,0.978516,-0.144531
1355122210.507000,-0.074219,0.949219,-0.156250
1355122210.509000,-0.074219,0.949219,-0.156250
1355122210.516000,-0.074219,0.966797,-0.136719
1355122210.526000,-0.074219,0.966797,-0.136719
1355122210.537000,-0.085938,0.964844,-0.160156
1355122210.546000,-0.085938,0.964844,-0.160156
1355122210.556000,-0.087891,0.957031,-0.152344
1355122210.566000,-0.087891,0.957031,-0.152344
1355122210.576000,-0.078125,0.958984,-0.148438
1355122210.586000,-0.078125,0.958984,-0.148438
1355122210.596000,-0.082031,0.984375,-0.148438
1355122210.606000,-0.083984,0.962891,-0.140625
1355122210.616000,-0.083984,0.962891,-0.140625
1355122210.626000,-0.068359,0.958984,-0.128906
1355122210.636000,-0.068359,0.958984,-0.128906
1355122210.646000,-0.091797,0.974609,-0.150391
1355122210.656000,-0.091797,0.974609,-0.150391
1355122210.666000,-0.078125,0.957031,-0.146484
1355122210.676000,-0.078125,0.957031,-0.146484
1355122210.687000,-0.089844,0.949219,-0.132812
1355122210.696000,-0.089844,0.949219,-0.132812
1355122210.706000,-0.099609,0.960938,-0.134766
1355122210.716000,-0.099609,0.960938,-0.134766
1355122210.726000,-0.083984,0.966797,-0.152344
1355122210.737000,-0.083984,0.966797,-0.152344
1355122210.746000,-0.064453,0.958984,-0.140625
1355122210.757000,-0.064453,0.958984,-0.140625
1355122210.766000,-0.072266,0.953125,-0.158203
1355122210.776000,-0.072266,0.953125,-0.158203
1355122210.786000,-0.072266,0.970703,-0.134766
1355122210.796000,-0.072266,0.970703,-0.134766
1355122210.806000,-0.072266,0.970703,-0.134766
1355122210.816000,-0.072266,0.970703,-0.134766
1355122210.826000,-0.068359,0.964844,-0.158203
1355122210.836000,-0.068359,0.964844,-0.158203
1355122210.846000,-0.087891,0.953125,-0.160156
1355122210.856000,-0.087891,0.953125,-0.160156
1355122210.867000,-0.070312,0.962891,-0.123047
1355122210.895000,-0.080078,0.957031,-0.132812
1355122210.903000,-0.080078,0.974609,-0.126953
1355122210.909000,-0.080078,0.974609,-0.126953
1355122210.916000,-0.080078,0.974609,-0.126953
1355122210.925000,-0.080078,0.974609,-0.126953
1355122210.935000,-0.082031,0.970703,-0.156250
1355122210.945000,-0.082031,0.970703,-0.156250
1355122210.955000,-0.082031,0.970703,-0.156250
1355122210.969000,-0.082031,0.970703,-0.156250
1355122210.976000,-0.082031,0.970703,-0.156250
1355122210.985000,-0.078125,0.951172,-0.134766
1355122210.995000,-0.078125,0.951172,-0.134766
1355122211.005000,-0.082031,0.960938,-0.132812
1355122211.015000,-0.082031,0.960938,-0.132812
1355122211.025000,-0.070312,0.968750,-0.130859
1355122211.035000,-0.070312,0.968750,-0.130859
1355122211.045000,-0.080078,0.949219,-0.138672
1355122211.055000,-0.080078,0.949219,-0.138672
1355122211.065000,-0.072266,0.955078,-0.134766
1355122211.075000,-0.072266,0.955078,-0.134766
1355122211.085000,-0.060547,0.958984,-0.136719
1355122211.095000,-0.060547,0.958984,-0.136719
1355122211.106000,-0.058594,0.960938,-0.132812
1355122211.115000,-0.058594,0.960938,-0.132812
1355122211.125000,-0.074219,0.974609,-0.144531
1355122211.135000,-0.087891,0.966797,-0.146484
1355122211.145000,-0.087891,0.966797,-0.146484
1355122211.156000,-0.074219,0.970703,-0.115234
1355122211.165000,-0.074219,0.970703,-0.115234
1355122211.175000,-0.074219,0.970703,-0.115234
1355122211.185000,-0.074219,0.970703,-0.115234
1355122211.195000,-0.091797,0.953125,-0.134766
1355122211.205000,-0.089844,0.960938,-0.146484
1355122211.215000,-0.091797,0.958984,-0.132812
1355122211.225000,-0.091797,0.958984,-0.132812
1355122211.236000,-0.076172,0.957031,-0.138672
1355122211.246000,-0.076172,0.957031,-0.138672
1355122211.255000,-0.095703,0.972656,-0.125000
1355122211.265000,-0.095703,0.972656,-0.125000
1355122211.276000,-0.083984,0.962891,-0.146484
1355122211.285000,-0.083984,0.962891,-0.146484
1355122211.295000,-0.087891,0.939453,-0.136719
1355122211.305000,-0.087891,0.939453,-0.136719
1355122211.315000,-0.085938,0.953125,-0.144531
1355122211.326000,-0.085938,0.953125,-0.144531
1355122211.336000,-0.085938,0.958984,-0.134766
1355122211.345000,-0.085938,0.958984,-0.134766
1355122211.355000,-0.072266,0.966797,-0.130859
1355122211.365000,-0.072266,0.966797,-0.130859
1355122211.375000,-0.076172,0.964844,-0.140625
1355122211.385000,-0.076172,0.964844,-0.140625
1355122211.395000,-0.068359,0.974609,-0.134766
1355122211.405000,-0.068359,0.974609,-0.134766
1355122211.415000,-0.076172,0.947266,-0.148438
1355122211.425000,-0.076172,0.947266,-0.148438
1355122211.435000,-0.076172,0.947266,-0.148438
1355122211.445000,-0.082031,0.955078,-0.128906
1355122211.456000,-0.070312,0.957031,-0.125000
1355122211.465000,-0.070312,0.957031,-0.125000
1355122211.475000,-0.085938,0.960938,-0.138672
1355122211.485000,-0.085938,0.960938,-0.138672
1355122211.495000,-0.083984,0.960938,-0.136719
1355122211.506000,-0.083984,0.960938,-0.136719
1355122211.515000,-0.080078,0.955078,-0.140625
1355122211.525000,-0.080078,0.955078,-0.140625
1355122211.535000,-0.080078,0.962891,-0.146484
1355122211.545000,-0.080078,0.962891,-0.146484
1355122211.555000,-0.085938,0.953125,-0.142578
1355122211.566000,-0.085938,0.953125,-0.142578
1355122211.575000,-0.076172,0.962891,-0.136719
1355122211.593000,-0.076172,0.962891,-0.136719
1355122211.597000,-0.076172,0.962891,-0.136719
1355122211.605000,-0.076172,0.962891,-0.136719
1355122211.615000,-0.082031,0.964844,-0.144531
1355122211.625000,-0.080078,0.960938,-0.152344
1355122211.636000,-0.080078,0.960938,-0.152344
1355122211.647000,-0.080078,0.960938,-0.152344
1355122211.656000,-0.076172,0.966797,-0.123047
1355122211.668000,-0.074219,0.964844,-0.140625
1355122211.675000,-0.074219,0.964844,-0.140625
1355122211.686000,-0.087891,0.968750,-0.134766
1355122211.695000,-0.087891,0.968750,-0.134766
1355122211.705000,-0.070312,0.966797,-0.138672
1355122211.715000,-0.070312,0.966797,-0.138672
1355122211.725000,-0.074219,0.949219,-0.134766
1355122211.735000,-0.074219,0.949219,-0.134766
1355122211.745000,-0.083984,0.962891,-0.158203
1355122211.755000,-0.083984,0.962891,-0.158203
1355122211.765000,-0.083984,0.953125,-0.154297
1355122211.775000,-0.083984,0.953125,-0.154297
1355122211.785000,-0.076172,0.962891,-0.134766
1355122211.795000,-0.076172,0.962891,-0.134766
1355122211.805000,-0.082031,0.974609,-0.152344
1355122211.815000,-0.082031,0.974609,-0.152344
1355122211.825000,-0.062500,0.957031,-0.144531
1355122211.836000,-0.062500,0.957031,-0.144531
1355122211.846000,-0.082031,0.949219,-0.156250
1355122211.855000,-0.082031,0.949219,-0.156250
1355122211.865000,-0.074219,0.980469,-0.144531
1355122211.875000,-0.074219,0.980469,-0.144531
1355122211.885000,-0.087891,0.960938,-0.148438
1355122211.895000,-0.087891,0.960938,-0.148438
1355122211.905000,-0.087891,0.958984,-0.138672
1355122211.915000,-0.087891,0.958984,-0.138672
1355122211.925000,-0.087891,0.958984,-0.138672
1355122211.936000,-0.087891,0.958984,-0.138672
1355122211.945000,-0.068359,0.960938,-0.146484
1355122211.956000,-0.068359,0.960938,-0.146484
1355122211.965000,-0.095703,0.949219,-0.156250
1355122211.975000,-0.095703,0.949219,-0.156250
1355122211.985000,-0.062500,0.964844,-0.128906
1355122211.995000,-0.062500,0.964844,-0.128906
1355122212.005000,-0.070312,0.957031,-0.154297
1355122212.016000,-0.070312,0.957031,-0.154297
1355122212.026000,-0.080078,0.958984,-0.140625
1355122212.035000,-0.080078,0.958984,-0.140625
1355122212.046000,-0.076172,0.958984,-0.152344
1355122212.056000,-0.076172,0.958984,-0.152344
1355122212.065000,-0.080078,0.970703,-0.169922
1355122212.076000,-0.080078,0.970703,-0.169922
1355122212.085000,-0.076172,0.974609,-0.138672
1355122212.095000,-0.076172,0.974609,-0.138672
1355122212.105000,-0.085938,0.957031,-0.146484
1355122212.115000,-0.076172,0.960938,-0.148438
1355122212.125000,-0.076172,0.960938,-0.148438
1355122212.135000,-0.054688,0.960938,-0.140625
1355122212.145000,-0.054688,0.960938,-0.140625
1355122212.155000,-0.066406,0.978516,-0.126953
1355122212.165000,-0.066406,0.978516,-0.126953
1355122212.175000,-0.101562,0.966797,-0.171875
1355122212.186000,-0.101562,0.966797,-0.171875
1355122212.195000,-0.101562,0.966797,-0.171875
1355122212.205000,-0.101562,0.966797,-0.171875
1355122212.215000,-0.078125,0.957031,-0.162109
1355122212.225000,-0.078125,0.957031,-0.162109
1355122212.235000,-0.083984,0.966797,-0.160156
1355122212.253000,-0.083984,0.966797,-0.160156
1355122212.256000,-0.083984,0.966797,-0.160156
1355122212.265000,-0.083984,0.966797,-0.160156
1355122212.275000,-0.072266,0.953125,-0.154297
1355122212.285000,-0.072266,0.953125,-0.154297
1355122212.295000,-0.095703,0.960938,-0.150391
1355122212.307000,-0.095703,0.960938,-0.150391
1355122212.315000,-0.074219,0.966797,-0.136719
1355122212.325000,-0.074219,0.966797,-0.136719
1355122212.335000,-0.082031,0.962891,-0.150391
1355122212.345000,-0.082031,0.962891,-0.150391
1355122212.355000,-0.089844,0.945312,-0.154297
1355122212.365000,-0.089844,0.945312,-0.154297
1355122212.375000,-0.082031,0.960938,-0.154297
1355122212.385000,-0.082031,0.960938,-0.154297
1355122212.395000,-0.068359,0.955078,-0.128906
1355122212.405000,-0.068359,0.955078,-0.128906
1355122212.415000,-0.072266,0.972656,-0.146484
1355122212.425000,-0.072266,0.972656,-0.146484
1355122212.436000,-0.085938,0.974609,-0.138672
1355122212.445000,-0.085938,0.974609,-0.138672
1355122212.455000,-0.083984,0.960938,-0.128906
1355122212.465000,-0.083984,0.960938,-0.128906
1355122212.475000,-0.076172,0.955078,-0.123047
1355122212.485000,-0.076172,0.955078,-0.123047
1355122212.495000,-0.078125,0.943359,-0.140625
1355122212.505000,-0.078125,0.943359,-0.140625
1355122212.515000,-0.072266,0.947266,-0.128906
1355122212.525000,-0.072266,0.947266,-0.128906
1355122212.535000,-0.083984,0.964844,-0.146484
1355122212.545000,-0.083984,0.964844,-0.146484
1355122212.555000,-0.072266,0.964844,-0.126953
1355122212.565000,-0.072266,0.964844,-0.126953
1355122212.575000,-0.078125,0.958984,-0.150391
1355122212.585000,-0.068359,0.960938,-0.138672
1355122212.595000,-0.068359,0.960938,-0.138672
1355122212.605000,-0.078125,0.962891,-0.173828
1355122212.615000,-0.078125,0.962891,-0.173828
1355122212.625000,-0.080078,0.962891,-0.146484
1355122212.635000,-0.080078,0.962891,-0.146484
1355122212.645000,-0.087891,0.955078,-0.164062
1355122212.655000,-0.087891,0.955078,-0.164062
1355122212.665000,-0.087891,0.955078,-0.164062
1355122212.675000,-0.087891,0.955078,-0.164062
1355122212.685000,-0.087891,0.955078,-0.164062
1355122212.695000,-0.070312,0.970703,-0.150391
1355122212.706000,-0.070312,0.970703,-0.150391
1355122212.715000,-0.082031,0.955078,-0.128906
1355122212.725000,-0.072266,0.957031,-0.140625
1355122212.735000,-0.072266,0.957031,-0.140625
1355122212.745000,-0.062500,0.957031,-0.130859
1355122212.755000,-0.062500,0.957031,-0.130859
1355122212.766000,-0.072266,0.960938,-0.148438
1355122212.776000,-0.072266,0.960938,-0.148438
1355122212.786000,-0.082031,0.962891,-0.150391
1355122212.795000,-0.082031,0.962891,-0.150391
1355122212.805000,-0.082031,0.945312,-0.142578
1355122212.815000,-0.082031,0.945312,-0.142578
1355122212.825000,-0.068359,0.960938,-0.138672
1355122212.836000,-0.068359,0.960938,-0.138672
1355122212.845000,-0.080078,0.962891,-0.150391
1355122212.855000,-0.080078,0.962891,-0.150391
1355122212.865000,-0.078125,0.962891,-0.142578
1355122212.875000,-0.078125,0.962891,-0.142578
1355122212.885000,-0.085938,0.955078,-0.146484
1355122212.895000,-0.085938,0.955078,-0.146484
1355122212.906000,-0.072266,0.958984,-0.136719
1355122212.929000,-0.072266,0.958984,-0.136719
1355122212.932000,-0.072266,0.958984,-0.136719
1355122212.940000,-0.072266,0.958984,-0.136719
1355122212.949000,-0.072266,0.958984,-0.136719
1355122212.959000,-0.091797,0.976562,-0.146484
1355122212.969000,-0.091797,0.976562,-0.146484
1355122212.980000,-0.091797,0.976562,-0.146484
1355122212.989000,-0.072266,0.968750,-0.152344
1355122213.010000,-0.076172,0.960938,-0.158203
1355122213.013000,-0.076172,0.960938,-0.158203
1355122213.020000,-0.074219,0.962891,-0.144531
1355122213.029000,-0.074219,0.962891,-0.144531
1355122213.039000,-0.087891,0.966797,-0.167969
1355122213.049000,-0.087891,0.966797,-0.167969
1355122213.059000,-0.074219,0.958984,-0.146484
1355122213.071000,-0.074219,0.958984,-0.146484
1355122213.080000,-0.066406,0.960938,-0.123047
1355122213.089000,-0.066406,0.960938,-0.123047
1355122213.099000,-0.078125,0.960938,-0.158203
1355122213.110000,-0.078125,0.960938,-0.158203
1355122213.120000,-0.076172,0.974609,-0.154297
1355122213.129000,-0.076172,0.974609,-0.154297
1355122213.139000,-0.074219,0.957031,-0.162109
1355122213.149000,-0.074219,0.957031,-0.162109
1355122213.159000,-0.068359,0.960938,-0.144531
1355122213.170000,-0.068359,0.960938,-0.144531
1355122213.179000,-0.068359,0.953125,-0.148438
1355122213.189000,-0.068359,0.953125,-0.148438
1355122213.200000,-0.068359,0.953125,-0.148438
1355122213.209000,-0.091797,0.962891,-0.144531
1355122213.219000,-0.080078,0.960938,-0.150391
1355122213.229000,-0.080078,0.960938,-0.150391
1355122213.239000,-0.080078,0.953125,-0.144531
1355122213.249000,-0.080078,0.953125,-0.144531
1355122213.259000,-0.091797,0.960938,-0.150391
1355122213.269000,-0.091797,0.960938,-0.150391
1355122213.280000,-0.078125,0.947266,-0.158203
1355122213.289000,-0.078125,0.947266,-0.158203
1355122213.299000,-0.080078,0.968750,-0.167969
1355122213.309000,-0.080078,0.968750,-0.167969
1355122213.319000,-0.089844,0.968750,-0.150391
1355122213.329000,-0.089844,0.968750,-0.150391
1355122213.339000,-0.072266,0.962891,-0.156250
1355122213.349000,-0.072266,0.962891,-0.156250
1355122213.359000,-0.074219,0.945312,-0.126953
1355122213.369000,-0.074219,0.945312,-0.126953
1355122213.383000,-0.078125,0.974609,-0.167969
1355122213.390000,-0.078125,0.974609,-0.167969
1355122213.400000,-0.072266,0.947266,-0.140625
1355122213.409000,-0.072266,0.947266,-0.140625
1355122213.419000,-0.083984,0.955078,-0.164062
1355122213.429000,-0.083984,0.955078,-0.164062
1355122213.439000,-0.078125,0.976562,-0.140625
1355122213.449000,-0.078125,0.976562,-0.140625
1355122213.459000,-0.078125,0.976562,-0.140625
1355122213.470000,-0.078125,0.976562,-0.140625
1355122213.479000,-0.087891,0.974609,-0.160156
1355122213.489000,-0.072266,0.951172,-0.154297
1355122213.499000,-0.072266,0.951172,-0.154297
1355122213.509000,-0.082031,0.955078,-0.154297
1355122213.519000,-0.082031,0.955078,-0.154297
1355122213.530000,-0.091797,0.960938,-0.169922
1355122213.539000,-0.091797,0.960938,-0.169922
1355122213.550000,-0.095703,0.958984,-0.171875
1355122213.559000,-0.095703,0.958984,-0.171875
1355122213.569000,-0.089844,0.955078,-0.140625
1355122213.580000,-0.089844,0.955078,-0.140625
1355122213.589000,-0.093750,0.957031,-0.144531
1355122213.599000,-0.093750,0.957031,-0.144531
1355122213.609000,-0.072266,0.943359,-0.138672
1355122213.626000,-0.072266,0.943359,-0.138672
1355122213.632000,-0.072266,0.943359,-0.138672
1355122213.640000,-0.072266,0.943359,-0.138672
1355122213.650000,-0.082031,0.964844,-0.146484
1355122213.659000,-0.082031,0.964844,-0.146484
1355122213.669000,-0.076172,0.957031,-0.140625
1355122213.679000,-0.076172,0.957031,-0.140625
1355122213.689000,-0.076172,0.957031,-0.140625
1355122213.699000,-0.070312,0.960938,-0.150391
1355122213.719000,-0.070312,0.960938,-0.150391
1355122213.721000,-0.070312,0.960938,-0.150391
1355122213.729000,-0.085938,0.964844,-0.166016
1355122213.740000,-0.085938,0.964844,-0.166016
1355122213.749000,-0.080078,0.957031,-0.146484
1355122213.759000,-0.080078,0.957031,-0.146484
1355122213.769000,-0.087891,0.970703,-0.162109
1355122213.779000,-0.087891,0.970703,-0.162109
1355122213.789000,-0.087891,0.958984,-0.160156
1355122213.800000,-0.087891,0.958984,-0.160156
1355122213.809000,-0.087891,0.957031,-0.156250
1355122213.819000,-0.087891,0.957031,-0.156250
1355122213.829000,-0.087891,0.958984,-0.162109
1355122213.840000,-0.080078,0.974609,-0.166016
1355122213.850000,-0.080078,0.974609,-0.166016
1355122213.859000,-0.083984,0.953125,-0.154297
1355122213.869000,-0.083984,0.953125,-0.154297
1355122213.879000,-0.083984,0.947266,-0.164062
1355122213.891000,-0.083984,0.947266,-0.164062
1355122213.899000,-0.064453,0.949219,-0.146484
1355122213.910000,-0.064453,0.949219,-0.146484
1355122213.919000,-0.074219,0.966797,-0.146484
1355122213.929000,-0.074219,0.966797,-0.146484
1355122213.939000,-0.074219,0.966797,-0.146484
1355122213.949000,-0.074219,0.966797,-0.146484
1355122213.959000,-0.080078,0.951172,-0.166016
1355122213.969000,-0.080078,0.951172,-0.166016
1355122213.979000,-0.082031,0.960938,-0.156250
1355122213.989000,-0.082031,0.960938,-0.156250
1355122213.999000,-0.082031,0.960938,-0.166016
1355122214.009000,-0.082031,0.960938,-0.166016
1355122214.019000,-0.093750,0.962891,-0.130859
1355122214.029000,-0.093750,0.962891,-0.130859
1355122214.039000,-0.076172,0.957031,-0.154297
1355122214.049000,-0.076172,0.957031,-0.154297
1355122214.059000,-0.068359,0.958984,-0.134766
1355122214.069000,-0.068359,0.958984,-0.134766
1355122214.079000,-0.087891,0.972656,-0.148438
1355122214.089000,-0.087891,0.972656,-0.148438
1355122214.099000,-0.083984,0.966797,-0.146484
1355122214.109000,-0.083984,0.966797,-0.146484
1355122214.119000,-0.087891,0.966797,-0.156250
1355122214.129000,-0.087891,0.966797,-0.156250
1355122214.139000,-0.074219,0.960938,-0.130859
1355122214.149000,-0.074219,0.960938,-0.130859
1355122214.159000,-0.080078,0.964844,-0.148438
1355122214.169000,-0.080078,0.964844,-0.148438
1355122214.179000,-0.060547,0.955078,-0.148438
1355122214.189000,-0.060547,0.955078,-0.148438
1355122214.199000,-0.060547,0.955078,-0.148438
1355122214.209000,-0.074219,0.966797,-0.146484
1355122214.220000,-0.070312,0.957031,-0.136719
1355122214.230000,-0.070312,0.957031,-0.136719
1355122214.239000,-0.091797,0.972656,-0.158203
1355122214.249000,-0.091797,0.972656,-0.158203
1355122214.259000,-0.091797,0.964844,-0.128906
1355122214.269000,-0.091797,0.964844,-0.128906
1355122214.280000,-0.083984,0.960938,-0.152344
1355122214.289000,-0.083984,0.960938,-0.152344
1355122214.299000,-0.074219,0.972656,-0.158203
1355122214.309000,-0.074219,0.972656,-0.158203
1355122214.319000,-0.080078,0.962891,-0.162109
1355122214.337000,-0.080078,0.962891,-0.162109
1355122214.345000,-0.080078,0.962891,-0.162109
1355122214.349000,-0.080078,0.962891,-0.162109
1355122214.360000,-0.087891,0.964844,-0.146484
1355122214.369000,-0.082031,0.955078,-0.152344
1355122214.379000,-0.082031,0.955078,-0.152344
1355122214.389000,-0.078125,0.966797,-0.146484
1355122214.399000,-0.078125,0.966797,-0.146484
1355122214.411000,-0.078125,0.966797,-0.146484
1355122214.419000,-0.087891,0.968750,-0.154297
1355122214.430000,-0.087891,0.968750,-0.154297
1355122214.440000,-0.087891,0.968750,-0.154297
1355122214.449000,-0.072266,0.951172,-0.162109
1355122214.459000,-0.097656,0.970703,-0.150391
1355122214.469000,-0.083984,0.960938,-0.148438
1355122214.479000,-0.083984,0.960938,-0.148438
1355122214.489000,-0.091797,0.957031,-0.148438
1355122214.499000,-0.091797,0.957031,-0.148438
1355122214.509000,-0.080078,0.955078,-0.142578
1355122214.519000,-0.080078,0.955078,-0.142578
1355122214.529000,-0.093750,0.962891,-0.144531
1355122214.540000,-0.093750,0.962891,-0.144531
1355122214.549000,-0.068359,0.945312,-0.132812
1355122214.559000,-0.068359,0.945312,-0.132812
1355122214.569000,-0.076172,0.953125,-0.150391
1355122214.579000,-0.076172,0.953125,-0.150391
1355122214.589000,-0.083984,0.964844,-0.144531
1355122214.599000,-0.083984,0.964844,-0.144531
1355122214.609000,-0.091797,0.955078,-0.152344
1355122214.619000,-0.091797,0.955078,-0.152344
1355122214.629000,-0.085938,0.966797,-0.158203
1355122214.639000,-0.085938,0.966797,-0.158203
1355122214.649000,-0.083984,0.966797,-0.160156
1355122214.660000,-0.083984,0.966797,-0.160156
1355122214.669000,-0.087891,0.957031,-0.140625
1355122214.679000,-0.087891,0.957031,-0.140625
1355122214.689000,-0.087891,0.957031,-0.140625
1355122214.699000,-0.078125,0.960938,-0.148438
1355122214.709000,-0.089844,0.968750,-0.173828
1355122214.720000,-0.089844,0.968750,-0.173828
1355122214.729000,-0.091797,0.951172,-0.146484
1355122214.739000,-0.091797,0.951172,-0.146484
1355122214.749000,-0.082031,0.960938,-0.150391
1355122214.759000,-0.082031,0.960938,-0.150391
1355122214.769000,-0.085938,0.958984,-0.144531
1355122214.779000,-0.085938,0.958984,-0.144531
1355122214.789000,-0.083984,0.949219,-0.154297
1355122214.799000,-0.083984,0.949219,-0.154297
1355122214.810000,-0.085938,0.964844,-0.152344
1355122214.819000,-0.085938,0.964844,-0.152344
1355122214.829000,-0.074219,0.964844,-0.140625
1355122214.839000,-0.074219,0.964844,-0.140625
1355122214.849000,-0.082031,0.955078,-0.136719
1355122214.859000,-0.085938,0.953125,-0.152344
1355122214.869000,-0.085938,0.953125,-0.152344
1355122214.879000,-0.085938,0.970703,-0.164062
1355122214.889000,-0.085938,0.970703,-0.164062
1355122214.899000,-0.078125,0.972656,-0.169922
1355122214.909000,-0.078125,0.972656,-0.169922
1355122214.919000,-0.089844,0.955078,-0.154297
1355122214.929000,-0.089844,0.955078,-0.154297
1355122214.939000,-0.089844,0.955078,-0.154297
1355122214.949000,-0.082031,0.970703,-0.154297
1355122214.959000,-0.089844,0.947266,-0.156250
1355122214.969000,-0.089844,0.947266,-0.156250
1355122214.979000,-0.068359,0.941406,-0.160156
1355122214.989000,-0.068359,0.941406,-0.160156
1355122215.005000,-0.068359,0.941406,-0.160156
1355122215.009000,-0.068359,0.941406,-0.160156
1355122215.019000,-0.068359,0.941406,-0.160156
1355122215.030000,-0.089844,0.955078,-0.166016
1355122215.039000,-0.089844,0.960938,-0.130859
1355122215.049000,-0.080078,0.941406,-0.158203
1355122215.059000,-0.078125,0.960938,-0.169922
1355122215.069000,-0.078125,0.960938,-0.169922
1355122215.080000,-0.082031,0.955078,-0.156250
1355122215.089000,-0.082031,0.955078,-0.156250
1355122215.099000,-0.082031,0.957031,-0.162109
1355122215.109000,-0.082031,0.957031,-0.162109
1355122215.119000,-0.082031,0.976562,-0.146484
1355122215.130000,-0.082031,0.976562,-0.146484
1355122215.139000,-0.091797,0.970703,-0.138672
1355122215.149000,-0.091797,0.970703,-0.138672
1355122215.159000,-0.083984,0.945312,-0.154297
1355122215.169000,-0.083984,0.945312,-0.154297
1355122215.179000,-0.101562,0.958984,-0.166016
1355122215.189000,-0.101562,0.958984,-0.166016
1355122215.199000,-0.080078,0.966797,-0.154297
1355122215.209000,-0.080078,0.966797,-0.154297
1355122215.219000,-0.070312,0.960938,-0.152344
1355122215.230000,-0.070312,0.960938,-0.152344
1355122215.239000,-0.070312,0.960938,-0.166016
1355122215.249000,-0.070312,0.960938,-0.166016
1355122215.259000,-0.087891,0.962891,-0.156250
1355122215.269000,-0.087891,0.962891,-0.156250
1355122215.280000,-0.091797,0.957031,-0.171875
1355122215.289000,-0.091797,0.957031,-0.171875
1355122215.299000,-0.080078,0.970703,-0.156250
1355122215.310000,-0.080078,0.970703,-0.156250
1355122215.319000,-0.093750,0.974609,-0.152344
1355122215.329000,-0.093750,0.974609,-0.152344
1355122215.339000,-0.087891,0.984375,-0.169922
1355122215.349000,-0.087891,0.984375,-0.169922
1355122215.359000,-0.085938,0.968750,-0.154297
1355122215.369000,-0.074219,0.972656,-0.169922
1355122215.380000,-0.074219,0.972656,-0.169922
1355122215.390000,-0.076172,0.947266,-0.181641
1355122215.399000,-0.076172,0.947266,-0.181641
1355122215.409000,-0.083984,0.960938,-0.144531
1355122215.419000,-0.083984,0.960938,-0.144531
1355122215.429000,-0.083984,0.960938,-0.144531
1355122215.439000,-0.083984,0.960938,-0.144531
1355122215.449000,-0.076172,0.992188,-0.142578
1355122215.459000,-0.076172,0.992188,-0.142578
1355122215.469000,-0.066406,0.957031,-0.167969
1355122215.479000,-0.066406,0.957031,-0.167969
1355122215.489000,-0.072266,0.935547,-0.169922
1355122215.499000,-0.072266,0.935547,-0.169922
1355122215.509000,-0.072266,0.955078,-0.160156
1355122215.519000,-0.072266,0.955078,-0.160156
1355122215.529000,-0.080078,0.957031,-0.162109
1355122215.539000,-0.080078,0.957031,-0.162109
1355122215.549000,-0.091797,0.962891,-0.148438
1355122215.559000,-0.091797,0.962891,-0.148438
1355122215.569000,-0.097656,0.974609,-0.150391
1355122215.579000,-0.097656,0.974609,-0.150391
1355122215.589000,-0.107422,0.980469,-0.158203
1355122215.599000,-0.107422,0.980469,-0.158203
1355122215.609000,-0.089844,0.964844,-0.177734
1355122215.619000,-0.089844,0.964844,-0.177734
1355122215.629000,-0.062500,0.957031,-0.138672
1355122215.639000,-0.062500,0.957031,-0.138672
1355122215.649000,-0.062500,0.943359,-0.158203
1355122215.659000,-0.062500,0.943359,-0.158203
1355122215.669000,-0.064453,0.964844,-0.148438
1355122215.686000,-0.064453,0.964844,-0.148438
1355122215.689000,-0.064453,0.964844,-0.148438
1355122215.699000,-0.064453,0.964844,-0.148438
1355122215.709000,-0.064453,0.964844,-0.148438
1355122215.720000,-0.064453,0.964844,-0.148438
1355122215.729000,-0.064453,0.964844,-0.148438
1355122215.739000,-0.085938,0.968750,-0.152344
1355122215.749000,-0.078125,0.962891,-0.136719
1355122215.760000,-0.078125,0.962891,-0.136719
1355122215.769000,-0.066406,0.945312,-0.154297
1355122215.781000,-0.072266,0.953125,-0.138672
1355122215.789000,-0.072266,0.953125,-0.138672
1355122215.799000,-0.072266,0.953125,-0.138672
1355122215.809000,-0.085938,0.964844,-0.158203
1355122215.819000,-0.105469,0.970703,-0.164062
1355122215.829000,-0.105469,0.970703,-0.164062
1355122215.839000,-0.097656,0.960938,-0.150391
1355122215.851000,-0.097656,0.960938,-0.150391
1355122215.859000,-0.085938,0.964844,-0.154297
1355122215.869000,-0.085938,0.964844,-0.154297
1355122215.879000,-0.085938,0.953125,-0.136719
1355122215.889000,-0.085938,0.953125,-0.136719
1355122215.899000,-0.091797,0.974609,-0.144531
1355122215.910000,-0.091797,0.974609,-0.144531
1355122215.920000,-0.083984,0.962891,-0.148438
1355122215.929000,-0.083984,0.962891,-0.148438
1355122215.939000,-0.083984,0.962891,-0.148438
1355122215.949000,-0.082031,0.964844,-0.152344
1355122215.963000,-0.093750,0.953125,-0.173828
1355122215.969000,-0.093750,0.953125,-0.173828
1355122215.979000,-0.087891,0.966797,-0.152344
1355122215.989000,-0.087891,0.966797,-0.152344
1355122215.999000,-0.083984,0.955078,-0.144531
1355122216.009000,-0.083984,0.955078,-0.144531
1355122216.019000,-0.089844,0.951172,-0.156250
1355122216.029000,-0.089844,0.951172,-0.156250
1355122216.039000,-0.095703,0.962891,-0.152344
1355122216.049000,-0.095703,0.962891,-0.152344
1355122216.059000,-0.099609,0.964844,-0.158203
1355122216.069000,-0.099609,0.964844,-0.158203
1355122216.079000,-0.095703,0.951172,-0.158203
1355122216.093000,-0.095703,0.951172,-0.158203
1355122216.099000,-0.089844,0.957031,-0.169922
1355122216.109000,-0.089844,0.957031,-0.169922
1355122216.119000,-0.085938,0.960938,-0.166016
1355122216.129000,-0.085938,0.960938,-0.166016
1355122216.139000,-0.064453,0.951172,-0.146484
1355122216.149000,-0.064453,0.951172,-0.146484
1355122216.159000,-0.080078,0.958984,-0.148438
1355122216.169000,-0.080078,0.958984,-0.148438
1355122216.179000,-0.083984,0.941406,-0.140625
1355122216.189000,-0.083984,0.941406,-0.140625
1355122216.199000,-0.083984,0.941406,-0.140625
1355122216.209000,-0.068359,0.964844,-0.117187
1355122216.220000,-0.076172,0.978516,-0.142578
1355122216.229000,-0.076172,0.978516,-0.142578
1355122216.239000,-0.074219,0.962891,-0.152344
1355122216.249000,-0.074219,0.962891,-0.152344
1355122216.260000,-0.085938,0.957031,-0.146484
1355122216.269000,-0.085938,0.957031,-0.146484
1355122216.279000,-0.082031,0.960938,-0.126953
1355122216.290000,-0.082031,0.960938,-0.126953
1355122216.299000,-0.099609,0.960938,-0.138672
1355122216.309000,-0.099609,0.960938,-0.138672
1355122216.320000,-0.091797,0.960938,-0.136719
1355122216.329000,-0.091797,0.960938,-0.136719
1355122216.340000,-0.078125,0.970703,-0.134766
1355122216.349000,-0.078125,0.970703,-0.134766
1355122216.359000,-0.078125,0.972656,-0.130859
1355122216.378000,-0.078125,0.972656,-0.130859
1355122216.383000,-0.078125,0.972656,-0.130859
1355122216.390000,-0.078125,0.947266,-0.166016
1355122216.399000,-0.076172,0.941406,-0.179688
1355122216.409000,-0.078125,0.955078,-0.136719
1355122216.419000,-0.078125,0.955078,-0.136719
1355122216.429000,-0.078125,0.955078,-0.136719
1355122216.439000,-0.078125,0.955078,-0.136719
1355122216.449000,-0.078125,0.955078,-0.136719
1355122216.460000,-0.085938,0.966797,-0.146484
1355122216.470000,-0.087891,0.951172,-0.130859
1355122216.479000,-0.087891,0.951172,-0.130859
1355122216.489000,-0.089844,0.988281,-0.134766
1355122216.499000,-0.089844,0.988281,-0.134766
1355122216.509000,-0.076172,0.988281,-0.164062
1355122216.519000,-0.076172,0.988281,-0.164062
1355122216.529000,-0.072266,0.951172,-0.154297
1355122216.539000,-0.072266,0.951172,-0.154297
1355122216.549000,-0.080078,0.964844,-0.166016
1355122216.560000,-0.080078,0.964844,-0.166016
1355122216.569000,-0.082031,0.955078,-0.150391
1355122216.579000,-0.082031,0.955078,-0.150391
1355122216.589000,-0.083984,0.962891,-0.150391
1355122216.599000,-0.083984,0.962891,-0.150391
1355122216.609000,-0.083984,0.964844,-0.158203
1355122216.619000,-0.083984,0.964844,-0.158203
1355122216.629000,-0.080078,0.972656,-0.140625
1355122216.640000,-0.080078,0.972656,-0.140625
1355122216.650000,-0.070312,0.966797,-0.152344
1355122216.659000,-0.070312,0.966797,-0.152344
1355122216.670000,-0.078125,0.945312,-0.164062
1355122216.679000,-0.078125,0.945312,-0.164062
1355122216.690000,-0.085938,0.941406,-0.156250
1355122216.699000,-0.085938,0.941406,-0.156250
1355122216.709000,-0.074219,0.955078,-0.134766
1355122216.719000,-0.074219,0.955078,-0.134766
1355122216.729000,-0.091797,0.958984,-0.160156
1355122216.739000,-0.091797,0.958984,-0.160156
1355122216.750000,-0.074219,0.953125,-0.148438
1355122216.759000,-0.074219,0.953125,-0.148438
1355122216.769000,-0.083984,0.958984,-0.136719
1355122216.779000,-0.083984,0.958984,-0.136719
1355122216.789000,-0.082031,0.947266,-0.146484
1355122216.799000,-0.082031,0.947266,-0.146484
1355122216.809000,-0.087891,0.949219,-0.156250
1355122216.819000,-0.083984,0.945312,-0.150391
1355122216.830000,-0.083984,0.945312,-0.150391
1355122216.839000,-0.080078,0.955078,-0.158203
1355122216.849000,-0.080078,0.955078,-0.158203
1355122216.859000,-0.070312,0.964844,-0.150391
1355122216.869000,-0.070312,0.964844,-0.150391
1355122216.879000,-0.074219,0.964844,-0.148438
1355122216.889000,-0.074219,0.964844,-0.148438
1355122216.899000,-0.085938,0.958984,-0.138672
1355122216.910000,-0.085938,0.958984,-0.138672
1355122216.919000,-0.072266,0.953125,-0.152344
1355122216.929000,-0.072266,0.953125,-0.152344
1355122216.940000,-0.072266,0.953125,-0.152344
1355122216.949000,-0.072266,0.953125,-0.152344
1355122216.959000,-0.097656,0.968750,-0.146484
1355122216.969000,-0.097656,0.968750,-0.146484
1355122216.979000,-0.082031,0.943359,-0.132812
1355122216.989000,-0.082031,0.943359,-0.132812
1355122216.999000,-0.095703,0.958984,-0.144531
1355122217.009000,-0.095703,0.958984,-0.144531
1355122217.019000,-0.087891,0.955078,-0.166016
1355122217.029000,-0.087891,0.955078,-0.166016
1355122217.039000,-0.089844,0.964844,-0.152344
1355122217.049000,-0.089844,0.964844,-0.152344
1355122217.059000,-0.080078,0.968750,-0.156250
1355122217.069000,-0.080078,0.968750,-0.156250
1355122217.079000,-0.089844,0.968750,-0.156250
1355122217.089000,-0.089844,0.968750,-0.156250
1355122217.099000,-0.076172,0.955078,-0.160156
1355122217.109000,-0.076172,0.955078,-0.160156
1355122217.119000,-0.066406,0.945312,-0.152344
1355122217.131000,-0.068359,0.957031,-0.142578
1355122217.143000,-0.068359,0.957031,-0.142578
1355122217.149000,-0.068359,0.957031,-0.142578
1355122217.159000,-0.093750,0.947266,-0.134766
1355122217.169000,-0.093750,0.947266,-0.134766
1355122217.179000,-0.093750,0.947266,-0.134766
1355122217.189000,-0.093750,0.947266,-0.134766
1355122217.200000,-0.078125,0.958984,-0.144531
1355122217.209000,-0.078125,0.958984,-0.144531
1355122217.219000,-0.083984,0.960938,-0.146484
1355122217.229000,-0.083984,0.960938,-0.146484
1355122217.239000,-0.082031,0.958984,-0.142578
1355122217.249000,-0.082031,0.958984,-0.142578
1355122217.259000,-0.080078,0.966797,-0.125000
1355122217.269000,-0.080078,0.966797,-0.125000
1355122217.279000,-0.074219,0.980469,-0.144531
1355122217.289000,-0.074219,0.980469,-0.144531
1355122217.299000,-0.072266,0.960938,-0.150391
1355122217.309000,-0.078125,0.941406,-0.167969
1355122217.319000,-0.078125,0.941406,-0.167969
1355122217.329000,-0.068359,0.962891,-0.156250
1355122217.339000,-0.068359,0.962891,-0.156250
1355122217.349000,-0.091797,0.962891,-0.142578
1355122217.359000,-0.091797,0.962891,-0.142578
1355122217.369000,-0.085938,0.957031,-0.156250
1355122217.379000,-0.085938,0.957031,-0.156250
1355122217.390000,-0.097656,0.968750,-0.142578
1355122217.399000,-0.097656,0.968750,-0.142578
1355122217.409000,-0.093750,0.964844,-0.171875
1355122217.420000,-0.093750,0.964844,-0.171875
1355122217.429000,-0.093750,0.964844,-0.171875
1355122217.439000,-0.093750,0.964844,-0.171875
1355122217.449000,-0.093750,0.974609,-0.148438
1355122217.459000,-0.093750,0.980469,-0.144531
1355122217.469000,-0.083984,0.955078,-0.154297
1355122217.479000,-0.083984,0.955078,-0.154297
1355122217.489000,-0.087891,0.966797,-0.144531
1355122217.499000,-0.087891,0.966797,-0.144531
1355122217.509000,-0.064453,0.960938,-0.152344
1355122217.519000,-0.064453,0.960938,-0.152344
1355122217.529000,-0.068359,0.947266,-0.152344
1355122217.539000,-0.068359,0.947266,-0.152344
1355122217.549000,-0.060547,0.949219,-0.146484
1355122217.559000,-0.060547,0.949219,-0.146484
1355122217.570000,-0.068359,0.976562,-0.158203
1355122217.579000,-0.068359,0.976562,-0.158203
1355122217.589000,-0.078125,0.968750,-0.148438
1355122217.599000,-0.078125,0.968750,-0.148438
1355122217.609000,-0.093750,0.945312,-0.140625
1355122217.619000,-0.093750,0.945312,-0.140625
1355122217.629000,-0.078125,0.947266,-0.144531
1355122217.639000,-0.078125,0.947266,-0.144531
1355122217.649000,-0.085938,0.974609,-0.152344
1355122217.659000,-0.085938,0.974609,-0.152344
1355122217.669000,-0.072266,0.960938,-0.148438
1355122217.679000,-0.072266,0.960938,-0.148438
1355122217.689000,-0.072266,0.960938,-0.148438
1355122217.699000,-0.072266,0.960938,-0.148438
1355122217.709000,-0.064453,0.974609,-0.162109
1355122217.719000,-0.064453,0.974609,-0.162109
1355122217.729000,-0.078125,0.966797,-0.166016
1355122217.739000,-0.078125,0.966797,-0.166016
1355122217.755000,-0.078125,0.966797,-0.166016
1355122217.760000,-0.078125,0.966797,-0.166016
1355122217.769000,-0.093750,0.962891,-0.144531
1355122217.779000,-0.083984,0.966797,-0.148438
1355122217.789000,-0.083984,0.966797,-0.148438
1355122217.799000,-0.087891,0.970703,-0.144531
1355122217.809000,-0.087891,0.970703,-0.144531
1355122217.819000,-0.076172,0.955078,-0.119141
1355122217.829000,-0.076172,0.955078,-0.119141
1355122217.840000,-0.066406,0.964844,-0.142578
1355122217.849000,-0.066406,0.964844,-0.142578
1355122217.859000,-0.076172,0.982422,-0.146484
1355122217.869000,-0.076172,0.982422,-0.146484
1355122217.879000,-0.080078,0.960938,-0.132812
1355122217.889000,-0.080078,0.960938,-0.132812
1355122217.899000,-0.076172,0.962891,-0.134766
1355122217.909000,-0.076172,0.962891,-0.134766
1355122217.920000,-0.099609,0.964844,-0.152344
1355122217.930000,-0.099609,0.964844,-0.152344
1355122217.939000,-0.091797,0.957031,-0.160156
1355122217.949000,-0.091797,0.957031,-0.160156
1355122217.959000,-0.066406,0.960938,-0.158203
1355122217.969000,-0.066406,0.960938,-0.158203
1355122217.979000,-0.066406,0.960938,-0.158203
1355122217.989000,-0.074219,0.966797,-0.150391
1355122217.999000,-0.082031,0.953125,-0.148438
1355122218.009000,-0.082031,0.953125,-0.148438
1355122218.019000,-0.087891,0.962891,-0.140625
1355122218.029000,-0.087891,0.962891,-0.140625
1355122218.039000,-0.091797,0.970703,-0.136719
1355122218.049000,-0.091797,0.970703,-0.136719
1355122218.059000,-0.082031,0.980469,-0.164062
1355122218.069000,-0.082031,0.980469,-0.164062
1355122218.079000,-0.062500,0.970703,-0.150391
1355122218.089000,-0.062500,0.970703,-0.150391
1355122218.099000,-0.076172,0.957031,-0.150391
1355122218.111000,-0.076172,0.957031,-0.150391
1355122218.119000,-0.087891,0.955078,-0.146484
1355122218.129000,-0.087891,0.955078,-0.146484
1355122218.139000,-0.089844,0.955078,-0.148438
1355122218.149000,-0.089844,0.955078,-0.148438
1355122218.159000,-0.093750,0.970703,-0.138672
1355122218.169000,-0.093750,0.970703,-0.138672
1355122218.179000,-0.093750,0.970703,-0.138672
1355122218.189000,-0.093750,0.970703,-0.138672
1355122218.199000,-0.080078,0.939453,-0.144531
1355122218.209000,-0.080078,0.939453,-0.144531
1355122218.219000,-0.083984,0.976562,-0.144531
1355122218.229000,-0.083984,0.976562,-0.144531
1355122218.240000,-0.078125,0.966797,-0.140625
1355122218.249000,-0.078125,0.966797,-0.140625
1355122218.259000,-0.085938,0.958984,-0.142578
1355122218.269000,-0.085938,0.958984,-0.142578
1355122218.280000,-0.080078,0.968750,-0.156250
1355122218.290000,-0.093750,0.958984,-0.107422
1355122218.299000,-0.093750,0.958984,-0.107422
1355122218.309000,-0.082031,0.966797,-0.130859
1355122218.319000,-0.082031,0.966797,-0.130859
1355122218.329000,-0.093750,0.958984,-0.121094
1355122218.340000,-0.093750,0.958984,-0.121094
1355122218.349000,-0.083984,0.990234,-0.128906
1355122218.359000,-0.083984,0.990234,-0.128906
1355122218.369000,-0.083984,0.953125,-0.150391
1355122218.380000,-0.083984,0.953125,-0.150391
1355122218.390000,-0.091797,0.951172,-0.181641
1355122218.411000,-0.091797,0.951172,-0.181641
1355122218.416000,-0.091797,0.951172,-0.181641
1355122218.424000,-0.083984,0.945312,-0.154297
1355122218.432000,-0.083984,0.945312,-0.154297
1355122218.442000,-0.083984,0.945312,-0.154297
1355122218.452000,-0.085938,0.968750,-0.146484
1355122218.461000,-0.085938,0.968750,-0.146484
1355122218.471000,-0.085938,0.968750,-0.146484
1355122218.481000,-0.087891,0.958984,-0.142578
1355122218.491000,-0.095703,0.958984,-0.146484
1355122218.502000,-0.095703,0.958984,-0.146484
1355122218.512000,-0.087891,0.960938,-0.150391
1355122218.521000,-0.087891,0.960938,-0.150391
1355122218.531000,-0.072266,0.976562,-0.160156
1355122218.541000,-0.072266,0.976562,-0.160156
1355122218.551000,-0.080078,0.974609,-0.126953
1355122218.561000,-0.080078,0.974609,-0.126953
1355122218.572000,-0.082031,0.962891,-0.166016
1355122218.581000,-0.082031,0.962891,-0.166016
1355122218.591000,-0.080078,0.957031,-0.138672
1355122218.601000,-0.080078,0.957031,-0.138672
1355122218.611000,-0.089844,0.957031,-0.142578
1355122218.622000,-0.089844,0.957031,-0.142578
1355122218.631000,-0.087891,0.953125,-0.140625
1355122218.642000,-0.089844,0.974609,-0.146484
1355122218.651000,-0.089844,0.974609,-0.146484
1355122218.662000,-0.089844,0.974609,-0.146484
1355122218.671000,-0.089844,0.958984,-0.164062
1355122218.682000,-0.089844,0.958984,-0.164062
1355122218.692000,-0.082031,0.968750,-0.160156
1355122218.701000,-0.082031,0.968750,-0.160156
1355122218.711000,-0.095703,0.966797,-0.150391
1355122218.723000,-0.095703,0.966797,-0.150391
1355122218.732000,-0.101562,0.960938,-0.132812
1355122218.741000,-0.101562,0.960938,-0.132812
1355122218.753000,-0.093750,0.957031,-0.167969
1355122218.761000,-0.087891,0.958984,-0.142578
1355122218.771000,-0.087891,0.958984,-0.142578
1355122218.781000,-0.078125,0.955078,-0.142578
1355122218.791000,-0.078125,0.955078,-0.142578
1355122218.801000,-0.080078,0.966797,-0.162109
1355122218.811000,-0.080078,0.966797,-0.162109
1355122218.821000,-0.089844,0.968750,-0.160156
1355122218.831000,-0.089844,0.968750,-0.160156
1355122218.841000,-0.083984,0.955078,-0.148438
1355122218.852000,-0.083984,0.955078,-0.148438
1355122218.861000,-0.089844,0.957031,-0.154297
1355122218.871000,-0.089844,0.957031,-0.154297
1355122218.881000,-0.078125,0.970703,-0.154297
1355122218.891000,-0.078125,0.970703,-0.154297
1355122218.901000,-0.072266,0.970703,-0.162109
1355122218.911000,-0.072266,0.970703,-0.162109
1355122218.921000,-0.085938,0.964844,-0.148438
1355122218.931000,-0.085938,0.964844,-0.148438
1355122218.941000,-0.085938,0.964844,-0.148438
1355122218.951000,-0.070312,0.974609,-0.164062
1355122218.961000,-0.070312,0.974609,-0.164062
1355122218.971000,-0.076172,0.953125,-0.148438
1355122218.981000,-0.085938,0.949219,-0.171875
1355122218.991000,-0.085938,0.949219,-0.171875
1355122219.001000,-0.087891,0.943359,-0.140625
1355122219.011000,-0.087891,0.943359,-0.140625
1355122219.021000,-0.085938,0.960938,-0.099609
1355122219.032000,-0.085938,0.960938,-0.099609
1355122219.041000,-0.062500,1.005859,-0.136719
1355122219.051000,-0.062500,1.005859,-0.136719
1355122219.061000,-0.078125,0.955078,-0.181641
1355122219.071000,-0.078125,0.955078,-0.181641
1355122219.081000,-0.074219,0.941406,-0.181641
1355122219.091000,-0.074219,0.941406,-0.181641
1355122219.108000,-0.074219,0.941406,-0.181641
1355122219.112000,-0.074219,0.941406,-0.181641
1355122219.121000,-0.078125,0.958984,-0.150391
1355122219.132000,-0.089844,0.964844,-0.152344
1355122219.142000,-0.101562,0.960938,-0.156250
1355122219.151000,-0.101562,0.960938,-0.156250
1355122219.161000,-0.087891,0.970703,-0.166016
1355122219.172000,-0.087891,0.970703,-0.166016
1355122219.181000,-0.078125,0.964844,-0.162109
1355122219.191000,-0.078125,0.964844,-0.162109
1355122219.201000,-0.076172,0.960938,-0.142578
1355122219.212000,-0.044922,0.957031,-0.138672
1355122219.222000,-0.044922,0.957031,-0.138672
1355122219.232000,-0.068359,0.978516,-0.130859
1355122219.241000,-0.068359,0.978516,-0.130859
1355122219.251000,-0.089844,0.990234,-0.148438
1355122219.262000,-0.089844,0.990234,-0.148438
1355122219.271000,-0.091797,0.964844,-0.164062
1355122219.281000,-0.091797,0.964844,-0.164062
1355122219.291000,-0.080078,0.947266,-0.132812
1355122219.302000,-0.080078,0.947266,-0.132812
1355122219.312000,-0.082031,0.957031,-0.134766
1355122219.321000,-0.082031,0.957031,-0.134766
1355122219.331000,-0.097656,0.978516,-0.156250
1355122219.341000,-0.097656,0.978516,-0.156250
1355122219.351000,-0.068359,0.968750,-0.134766
1355122219.362000,-0.068359,0.968750,-0.134766
1355122219.371000,-0.068359,0.962891,-0.158203
1355122219.381000,-0.068359,0.962891,-0.158203
1355122219.391000,-0.072266,0.960938,-0.156250
1355122219.402000,-0.072266,0.960938,-0.156250
1355122219.411000,-0.080078,0.972656,-0.146484
1355122219.421000,-0.080078,0.972656,-0.146484
1355122219.431000,-0.066406,0.957031,-0.140625
1355122219.441000,-0.066406,0.957031,-0.140625
1355122219.451000,-0.066406,0.957031,-0.140625
1355122219.461000,-0.076172,0.974609,-0.140625
1355122219.471000,-0.078125,0.972656,-0.146484
1355122219.481000,-0.078125,0.972656,-0.146484
1355122219.491000,-0.082031,0.953125,-0.146484
1355122219.502000,-0.082031,0.953125,-0.146484
1355122219.511000,-0.066406,0.955078,-0.140625
1355122219.521000,-0.066406,0.955078,-0.140625
1355122219.531000,-0.085938,0.996094,-0.146484
1355122219.541000,-0.085938,0.996094,-0.146484
1355122219.551000,-0.074219,0.968750,-0.134766
1355122219.562000,-0.074219,0.968750,-0.134766
1355122219.571000,-0.068359,0.941406,-0.146484
1355122219.582000,-0.068359,0.941406,-0.146484
1355122219.591000,-0.078125,0.947266,-0.158203
1355122219.601000,-0.078125,0.947266,-0.158203
1355122219.611000,-0.076172,0.964844,-0.134766
1355122219.622000,-0.076172,0.964844,-0.134766
1355122219.631000,-0.091797,0.953125,-0.113281
1355122219.641000,-0.091797,0.953125,-0.113281
1355122219.652000,-0.083984,0.955078,-0.144531
1355122219.662000,-0.083984,0.955078,-0.144531
1355122219.671000,-0.082031,0.943359,-0.154297
1355122219.681000,-0.082031,0.943359,-0.154297
1355122219.691000,-0.087891,0.955078,-0.138672
1355122219.701000,-0.087891,0.955078,-0.138672
1355122219.711000,-0.087891,0.953125,-0.148438
1355122219.721000,-0.076172,0.957031,-0.121094
1355122219.731000,-0.076172,0.957031,-0.121094
1355122219.741000,-0.101562,0.955078,-0.115234
1355122219.751000,-0.101562,0.955078,-0.115234
1355122219.761000,-0.082031,0.947266,-0.144531
1355122219.772000,-0.082031,0.947266,-0.144531
1355122219.782000,-0.083984,0.955078,-0.132812
1355122219.791000,-0.083984,0.955078,-0.132812
1355122219.801000,-0.083984,0.955078,-0.132812
1355122219.811000,-0.083984,0.962891,-0.134766
1355122219.821000,-0.080078,0.955078,-0.126953
1355122219.831000,-0.080078,0.955078,-0.126953
1355122219.841000,-0.082031,0.955078,-0.117187
1355122219.851000,-0.082031,0.955078,-0.117187
1355122219.861000,-0.076172,0.962891,-0.132812
1355122219.871000,-0.076172,0.962891,-0.132812
1355122219.881000,-0.078125,0.964844,-0.148438
1355122219.891000,-0.078125,0.964844,-0.148438
1355122219.901000,-0.082031,0.960938,-0.130859
1355122219.911000,-0.082031,0.960938,-0.130859
1355122219.921000,-0.083984,0.968750,-0.126953
1355122219.932000,-0.083984,0.968750,-0.126953
1355122219.941000,-0.083984,0.968750,-0.126953
1355122219.951000,-0.083984,0.968750,-0.126953
1355122219.962000,-0.080078,0.972656,-0.107422
1355122219.972000,-0.080078,0.972656,-0.107422
1355122219.981000,-0.072266,0.962891,-0.158203
1355122219.991000,-0.072266,0.962891,-0.158203
1355122220.002000,-0.085938,0.955078,-0.132812
1355122220.011000,-0.085938,0.955078,-0.132812
1355122220.022000,-0.093750,0.966797,-0.144531
1355122220.032000,-0.093750,0.966797,-0.144531
1355122220.042000,-0.099609,0.964844,-0.160156
1355122220.052000,-0.099609,0.964844,-0.160156
1355122220.062000,-0.082031,0.960938,-0.125000
1355122220.071000,-0.082031,0.960938,-0.125000
1355122220.081000,-0.089844,0.970703,-0.126953
1355122220.091000,-0.089844,0.970703,-0.126953
1355122220.101000,-0.101562,0.958984,-0.148438
1355122220.111000,-0.101562,0.958984,-0.148438
1355122220.121000,-0.082031,0.957031,-0.136719
1355122220.131000,-0.082031,0.957031,-0.136719
1355122220.141000,-0.058594,0.947266,-0.123047
1355122220.151000,-0.072266,0.958984,-0.142578
1355122220.161000,-0.072266,0.958984,-0.142578
1355122220.171000,-0.072266,0.958984,-0.142578
1355122220.181000,-0.080078,0.966797,-0.140625
1355122220.191000,-0.080078,0.966797,-0.140625
1355122220.201000,-0.080078,0.966797,-0.140625
1355122220.211000,-0.087891,0.978516,-0.126953
1355122220.222000,-0.087891,0.978516,-0.126953
1355122220.231000,-0.089844,0.953125,-0.154297
1355122220.241000,-0.089844,0.953125,-0.154297
1355122220.251000,-0.074219,0.958984,-0.121094
1355122220.261000,-0.074219,0.958984,-0.121094
1355122220.272000,-0.080078,0.972656,-0.148438
1355122220.281000,-0.080078,0.972656,-0.148438
1355122220.291000,-0.095703,0.960938,-0.136719
1355122220.302000,-0.095703,0.960938,-0.136719
1355122220.311000,-0.085938,0.966797,-0.142578
1355122220.322000,-0.085938,0.966797,-0.142578
1355122220.332000,-0.097656,0.955078,-0.150391
1355122220.341000,-0.097656,0.955078,-0.150391
1355122220.351000,-0.082031,0.958984,-0.164062
1355122220.361000,-0.082031,0.958984,-0.164062
1355122220.371000,-0.085938,0.970703,-0.138672
1355122220.381000,-0.085938,0.970703,-0.138672
1355122220.391000,-0.091797,0.958984,-0.148438
1355122220.401000,-0.091797,0.958984,-0.148438
1355122220.411000,-0.093750,0.953125,-0.156250
1355122220.421000,-0.093750,0.953125,-0.156250
1355122220.431000,-0.087891,0.953125,-0.134766
1355122220.441000,-0.087891,0.953125,-0.134766
1355122220.458000,-0.087891,0.953125,-0.134766
1355122220.462000,-0.087891,0.953125,-0.134766
1355122220.471000,-0.087891,0.953125,-0.134766
1355122220.481000,-0.087891,0.953125,-0.134766
1355122220.492000,-0.087891,0.953125,-0.134766
1355122220.502000,-0.091797,0.964844,-0.130859
1355122220.511000,-0.103516,0.980469,-0.132812
1355122220.521000,-0.103516,0.980469,-0.132812
1355122220.531000,-0.083984,0.960938,-0.154297
1355122220.541000,-0.083984,0.955078,-0.148438
1355122220.558000,-0.083984,0.955078,-0.148438
1355122220.562000,-0.083984,0.955078,-0.148438
1355122220.571000,-0.099609,0.966797,-0.150391
1355122220.581000,-0.099609,0.966797,-0.150391
1355122220.591000,-0.082031,0.941406,-0.144531
1355122220.603000,-0.082031,0.941406,-0.144531
1355122220.611000,-0.083984,0.957031,-0.164062
1355122220.621000,-0.083984,0.957031,-0.164062
1355122220.631000,-0.060547,0.955078,-0.134766
1355122220.641000,-0.060547,0.955078,-0.134766
1355122220.651000,-0.062500,0.949219,-0.140625
1355122220.662000,-0.062500,0.949219,-0.140625
1355122220.671000,-0.083984,0.957031,-0.148438
1355122220.682000,-0.083984,0.957031,-0.148438
1355122220.691000,-0.083984,0.957031,-0.148438
1355122220.701000,-0.083984,0.957031,-0.148438
1355122220.711000,-0.083984,0.939453,-0.164062
1355122220.721000,-0.083984,0.939453,-0.164062
1355122220.731000,-0.082031,0.957031,-0.138672
1355122220.741000,-0.082031,0.957031,-0.138672
1355122220.751000,-0.097656,0.974609,-0.144531
1355122220.761000,-0.097656,0.974609,-0.144531
1355122220.772000,-0.087891,0.966797,-0.156250
1355122220.782000,-0.087891,0.966797,-0.156250
1355122220.791000,-0.099609,0.958984,-0.130859
1355122220.801000,-0.099609,0.958984,-0.130859
1355122220.811000,-0.089844,0.955078,-0.136719
1355122220.821000,-0.117187,0.960938,-0.142578
1355122220.831000,-0.117187,0.960938,-0.142578
1355122220.841000,-0.119141,0.984375,-0.144531
1355122220.851000,-0.119141,0.984375,-0.144531
1355122220.862000,-0.085938,0.953125,-0.128906
1355122220.872000,-0.085938,0.953125,-0.128906
1355122220.882000,-0.095703,0.941406,-0.175781
1355122220.891000,-0.095703,0.941406,-0.175781
1355122220.902000,-0.097656,0.957031,-0.169922
1355122220.911000,-0.097656,0.957031,-0.169922
1355122220.921000,-0.091797,0.937500,-0.154297
1355122220.931000,-0.091797,0.937500,-0.154297
1355122220.941000,-0.091797,0.937500,-0.154297
1355122220.951000,-0.091797,0.937500,-0.154297
1355122220.961000,-0.087891,0.958984,-0.158203
1355122220.972000,-0.087891,0.958984,-0.158203
1355122220.981000,-0.083984,0.964844,-0.152344
1355122220.991000,-0.083984,0.964844,-0.152344
1355122221.001000,-0.089844,0.962891,-0.150391
1355122221.011000,-0.089844,0.962891,-0.150391
1355122221.021000,-0.082031,0.947266,-0.132812
1355122221.031000,-0.082031,0.947266,-0.132812
1355122221.041000,-0.091797,0.958984,-0.136719
1355122221.051000,-0.091797,0.958984,-0.136719
1355122221.061000,-0.093750,0.962891,-0.146484
1355122221.071000,-0.093750,0.962891,-0.146484
1355122221.081000,-0.093750,0.972656,-0.134766
1355122221.091000,-0.093750,0.972656,-0.134766
1355122221.101000,-0.089844,0.982422,-0.140625
1355122221.111000,-0.089844,0.982422,-0.140625
1355122221.121000,-0.083984,0.968750,-0.138672
1355122221.141000,-0.083984,0.968750,-0.138672
1355122221.146000,-0.083984,0.968750,-0.138672
1355122221.151000,-0.083984,0.968750,-0.138672
1355122221.161000,-0.070312,0.937500,-0.119141
1355122221.172000,-0.070312,0.937500,-0.119141
1355122221.181000,-0.060547,0.962891,-0.138672
1355122221.191000,-0.060547,0.962891,-0.138672
1355122221.201000,-0.060547,0.962891,-0.138672
1355122221.212000,-0.060547,0.962891,-0.138672
1355122221.233000,-0.066406,0.949219,-0.134766
1355122221.236000,-0.066406,0.949219,-0.134766
1355122221.241000,-0.078125,0.945312,-0.138672
1355122221.251000,-0.078125,0.945312,-0.138672
1355122221.261000,-0.080078,0.962891,-0.138672
1355122221.271000,-0.080078,0.962891,-0.138672
1355122221.281000,-0.095703,0.974609,-0.121094
1355122221.291000,-0.095703,0.974609,-0.121094
1355122221.302000,-0.097656,0.958984,-0.164062
1355122221.312000,-0.095703,0.945312,-0.130859
1355122221.322000,-0.095703,0.945312,-0.130859
1355122221.331000,-0.087891,0.962891,-0.140625
1355122221.341000,-0.087891,0.962891,-0.140625
1355122221.351000,-0.089844,0.949219,-0.156250
1355122221.361000,-0.089844,0.949219,-0.156250
1355122221.371000,-0.066406,0.964844,-0.128906
1355122221.381000,-0.066406,0.964844,-0.128906
1355122221.392000,-0.087891,0.966797,-0.132812
1355122221.401000,-0.087891,0.966797,-0.132812
1355122221.411000,-0.085938,0.968750,-0.095703
1355122221.422000,-0.085938,0.968750,-0.095703
1355122221.431000,-0.085938,0.968750,-0.095703
1355122221.441000,-0.091797,0.937500,-0.144531
1355122221.451000,-0.091797,0.937500,-0.144531
1355122221.461000,-0.089844,0.951172,-0.140625
1355122221.472000,-0.087891,0.966797,-0.160156
1355122221.482000,-0.087891,0.966797,-0.160156
1355122221.491000,-0.105469,0.966797,-0.158203
1355122221.501000,-0.105469,0.966797,-0.158203
1355122221.511000,-0.080078,0.957031,-0.162109
1355122221.521000,-0.080078,0.957031,-0.162109
1355122221.531000,-0.087891,0.947266,-0.154297
1355122221.541000,-0.087891,0.947266,-0.154297
1355122221.551000,-0.097656,0.958984,-0.175781
1355122221.561000,-0.097656,0.958984,-0.175781
1355122221.571000,-0.095703,0.949219,-0.187500
1355122221.582000,-0.095703,0.949219,-0.187500
1355122221.591000,-0.087891,0.978516,-0.150391
1355122221.601000,-0.087891,0.978516,-0.150391
1355122221.611000,-0.089844,0.945312,-0.152344
1355122221.621000,-0.089844,0.945312,-0.152344
1355122221.631000,-0.080078,0.974609,-0.125000
1355122221.641000,-0.080078,0.974609,-0.125000
1355122221.651000,-0.107422,0.996094,-0.140625
1355122221.661000,-0.107422,0.996094,-0.140625
1355122221.671000,-0.083984,0.962891,-0.175781
1355122221.681000,-0.083984,0.962891,-0.175781
1355122221.691000,-0.083984,0.962891,-0.175781
1355122221.701000,-0.103516,0.943359,-0.169922
1355122221.711000,-0.060547,0.941406,-0.164062
1355122221.721000,-0.060547,0.941406,-0.164062
1355122221.732000,-0.095703,0.957031,-0.154297
1355122221.741000,-0.095703,0.957031,-0.154297
1355122221.751000,-0.091797,0.986328,-0.136719
1355122221.762000,-0.091797,0.986328,-0.136719
1355122221.772000,-0.085938,0.955078,-0.167969
1355122221.781000,-0.085938,0.955078,-0.167969
1355122221.791000,-0.064453,0.960938,-0.156250
1355122221.801000,-0.078125,0.960938,-0.138672
1355122221.811000,-0.078125,0.960938,-0.138672
1355122221.821000,-0.083984,0.957031,-0.189453
1355122221.831000,-0.083984,0.957031,-0.189453
1355122221.847000,-0.083984,0.957031,-0.189453
1355122221.852000,-0.083984,0.957031,-0.189453
1355122221.861000,-0.083984,0.957031,-0.189453
1355122221.871000,-0.078125,0.968750,-0.152344
1355122221.881000,-0.082031,0.970703,-0.138672
1355122221.891000,-0.082031,0.970703,-0.138672
1355122221.901000,-0.080078,0.960938,-0.078125
1355122221.912000,-0.080078,0.960938,-0.078125
1355122221.921000,-0.080078,0.960938,-0.078125
1355122221.931000,-0.091797,0.964844,-0.128906
1355122221.941000,-0.091797,0.964844,-0.128906
1355122221.952000,-0.091797,0.964844,-0.128906
1355122221.962000,-0.099609,0.957031,-0.177734
1355122221.971000,-0.099609,0.957031,-0.177734
1355122221.981000,-0.089844,0.957031,-0.160156
1355122221.991000,-0.089844,0.957031,-0.160156
1355122222.001000,-0.091797,0.957031,-0.140625
1355122222.011000,-0.091797,0.957031,-0.140625
1355122222.021000,-0.076172,0.949219,-0.136719
1355122222.031000,-0.076172,0.949219,-0.136719
1355122222.041000,-0.074219,0.955078,-0.132812
1355122222.051000,-0.074219,0.955078,-0.132812
1355122222.061000,-0.083984,0.966797,-0.138672
1355122222.071000,-0.083984,0.966797,-0.138672
1355122222.081000,-0.105469,0.955078,-0.152344
1355122222.091000,-0.105469,0.955078,-0.152344
1355122222.101000,-0.095703,0.968750,-0.128906
1355122222.111000,-0.095703,0.968750,-0.128906
1355122222.121000,-0.095703,0.943359,-0.187500
1355122222.131000,-0.095703,0.943359,-0.187500
1355122222.142000,-0.101562,0.929688,-0.205078
1355122222.151000,-0.101562,0.929688,-0.205078
1355122222.161000,-0.105469,0.955078,-0.148438
1355122222.171000,-0.105469,0.955078,-0.148438
1355122222.181000,-0.103516,0.984375,-0.146484
1355122222.192000,-0.103516,0.984375,-0.146484
1355122222.201000,-0.074219,0.962891,-0.189453
1355122222.215000,-0.074219,0.962891,-0.189453
1355122222.221000,-0.074219,0.962891,-0.189453
1355122222.231000,-0.089844,0.943359,-0.173828
1355122222.241000,-0.078125,0.945312,-0.150391
1355122222.252000,-0.078125,0.945312,-0.150391
1355122222.261000,-0.103516,0.972656,-0.156250
1355122222.272000,-0.101562,0.958984,-0.136719
1355122222.281000,-0.101562,0.958984,-0.136719
1355122222.292000,-0.099609,0.957031,-0.154297
1355122222.301000,-0.099609,0.957031,-0.154297
1355122222.311000,-0.083984,0.966797,-0.148438
1355122222.321000,-0.083984,0.966797,-0.148438
1355122222.331000,-0.078125,0.953125,-0.158203
1355122222.341000,-0.078125,0.953125,-0.158203
1355122222.351000,-0.058594,0.955078,-0.156250
1355122222.361000,-0.058594,0.955078,-0.156250
1355122222.371000,-0.095703,0.957031,-0.201172
1355122222.381000,-0.095703,0.957031,-0.201172
1355122222.391000,-0.078125,0.970703,-0.167969
1355122222.401000,-0.078125,0.970703,-0.167969
1355122222.411000,-0.099609,0.957031,-0.212891
1355122222.421000,-0.099609,0.957031,-0.212891
1355122222.432000,-0.099609,0.957031,-0.212891
1355122222.441000,-0.099609,0.957031,-0.212891
1355122222.451000,-0.099609,0.957031,-0.212891
1355122222.462000,-0.099609,0.957031,-0.212891
1355122222.471000,-0.087891,0.988281,-0.136719
1355122222.482000,-0.087891,0.988281,-0.136719
1355122222.492000,-0.080078,0.958984,-0.148438
1355122222.501000,-0.080078,0.958984,-0.148438
1355122222.511000,-0.095703,0.937500,-0.171875
1355122222.521000,-0.095703,0.937500,-0.171875
1355122222.532000,-0.078125,0.968750,-0.167969
1355122222.541000,-0.078125,0.968750,-0.167969
1355122222.552000,-0.097656,0.953125,-0.181641
1355122222.561000,-0.097656,0.953125,-0.181641
1355122222.576000,-0.097656,0.953125,-0.181641
1355122222.582000,-0.097656,0.953125,-0.181641
1355122222.592000,-0.091797,0.958984,-0.130859
1355122222.601000,-0.093750,0.976562,-0.136719
1355122222.611000,-0.105469,0.972656,-0.173828
1355122222.621000,-0.105469,0.972656,-0.173828
1355122222.631000,-0.093750,0.960938,-0.144531
1355122222.642000,-0.093750,0.960938,-0.144531
1355122222.651000,-0.101562,0.958984,-0.199219
1355122222.661000,-0.101562,0.958984,-0.199219
1355122222.671000,-0.083984,0.957031,-0.146484
1355122222.681000,-0.083984,0.957031,-0.146484
1355122222.691000,-0.089844,0.964844,-0.152344
1355122222.701000,-0.089844,0.964844,-0.152344
1355122222.711000,-0.087891,0.951172,-0.179688
1355122222.721000,-0.087891,0.951172,-0.179688
1355122222.731000,-0.091797,0.957031,-0.156250
1355122222.741000,-0.091797,0.957031,-0.156250
1355122222.751000,-0.082031,0.947266,-0.164062
1355122222.761000,-0.068359,0.951172,-0.140625
1355122222.771000,-0.068359,0.951172,-0.140625
1355122222.781000,-0.068359,0.951172,-0.140625
1355122222.791000,-0.087891,0.980469,-0.162109
1355122222.801000,-0.078125,0.955078,-0.162109
1355122222.812000,-0.078125,0.955078,-0.162109
1355122222.821000,-0.078125,0.955078,-0.162109
1355122222.831000,-0.054688,0.949219,-0.144531
1355122222.842000,-0.099609,0.980469,-0.160156
1355122222.852000,-0.099609,0.980469,-0.160156
1355122222.861000,-0.101562,0.962891,-0.156250
1355122222.871000,-0.101562,0.962891,-0.156250
1355122222.882000,-0.078125,0.923828,-0.175781
1355122222.892000,-0.078125,0.923828,-0.175781
1355122222.901000,-0.091797,0.949219,-0.169922
1355122222.911000,-0.091797,0.949219,-0.169922
1355122222.921000,-0.091797,0.949219,-0.169922
1355122222.931000,-0.080078,0.960938,-0.167969
1355122222.942000,-0.080078,0.960938,-0.167969
1355122222.951000,-0.087891,0.964844,-0.154297
1355122222.962000,-0.068359,0.964844,-0.166016
1355122222.972000,-0.068359,0.964844,-0.166016
1355122222.981000,-0.076172,0.953125,-0.169922
1355122222.992000,-0.076172,0.953125,-0.169922
1355122223.001000,-0.089844,0.951172,-0.177734
1355122223.011000,-0.089844,0.951172,-0.177734
1355122223.021000,-0.087891,0.964844,-0.154297
1355122223.031000,-0.087891,0.964844,-0.154297
1355122223.041000,-0.099609,0.949219,-0.134766
1355122223.051000,-0.099609,0.949219,-0.134766
1355122223.062000,-0.097656,0.937500,-0.173828
1355122223.071000,-0.097656,0.937500,-0.173828
1355122223.081000,-0.076172,0.964844,-0.154297
1355122223.091000,-0.076172,0.964844,-0.154297
1355122223.101000,-0.076172,0.957031,-0.152344
1355122223.111000,-0.076172,0.957031,-0.152344
1355122223.121000,-0.091797,0.960938,-0.154297
1355122223.131000,-0.091797,0.960938,-0.154297
1355122223.141000,-0.101562,0.957031,-0.197266
1355122223.151000,-0.101562,0.957031,-0.197266
1355122223.161000,-0.091797,0.957031,-0.132812
1355122223.171000,-0.091797,0.957031,-0.132812
1355122223.181000,-0.085938,0.966797,-0.173828
1355122223.192000,-0.085938,0.966797,-0.173828
1355122223.201000,-0.085938,0.966797,-0.173828
1355122223.211000,-0.095703,0.964844,-0.169922
1355122223.222000,-0.072266,0.962891,-0.125000
1355122223.231000,-0.072266,0.962891,-0.125000
1355122223.241000,-0.076172,0.964844,-0.162109
1355122223.258000,-0.076172,0.964844,-0.162109
1355122223.262000,-0.076172,0.964844,-0.162109
1355122223.271000,-0.076172,0.964844,-0.162109
1355122223.281000,-0.105469,0.968750,-0.164062
1355122223.291000,-0.105469,0.968750,-0.164062
1355122223.302000,-0.068359,0.964844,-0.148438
1355122223.311000,-0.068359,0.964844,-0.148438
1355122223.321000,-0.085938,0.960938,-0.160156
1355122223.331000,-0.050781,0.949219,-0.162109
1355122223.341000,-0.050781,0.949219,-0.162109
1355122223.351000,-0.062500,0.960938,-0.179688
1355122223.361000,-0.062500,0.960938,-0.179688
1355122223.371000,-0.087891,0.972656,-0.160156
1355122223.381000,-0.087891,0.972656,-0.160156
1355122223.391000,-0.087891,0.962891,-0.162109
1355122223.401000,-0.087891,0.962891,-0.162109
1355122223.412000,-0.072266,0.941406,-0.164062
1355122223.421000,-0.072266,0.941406,-0.164062
1355122223.431000,-0.072266,0.941406,-0.164062
1355122223.441000,-0.066406,0.960938,-0.169922
1355122223.451000,-0.066406,0.960938,-0.169922
1355122223.461000,-0.082031,0.960938,-0.156250
1355122223.471000,-0.085938,0.951172,-0.150391
1355122223.481000,-0.085938,0.951172,-0.150391
1355122223.492000,-0.076172,0.962891,-0.144531
1355122223.502000,-0.076172,0.962891,-0.144531
1355122223.511000,-0.097656,0.968750,-0.169922
1355122223.521000,-0.097656,0.968750,-0.169922
1355122223.531000,-0.076172,0.972656,-0.158203
1355122223.541000,-0.076172,0.972656,-0.158203
1355122223.551000,-0.091797,0.951172,-0.179688
1355122223.562000,-0.091797,0.951172,-0.179688
1355122223.571000,-0.078125,0.955078,-0.152344
1355122223.581000,-0.078125,0.955078,-0.152344
1355122223.592000,-0.070312,0.964844,-0.148438
1355122223.602000,-0.070312,0.964844,-0.148438
1355122223.611000,-0.066406,0.945312,-0.185547
1355122223.621000,-0.066406,0.945312,-0.185547
1355122223.631000,-0.101562,0.955078,-0.144531
1355122223.641000,-0.101562,0.955078,-0.144531
1355122223.651000,-0.091797,0.945312,-0.160156
1355122223.661000,-0.091797,0.945312,-0.160156
1355122223.671000,-0.097656,0.974609,-0.140625
1355122223.681000,-0.097656,0.974609,-0.140625
1355122223.691000,-0.097656,0.974609,-0.140625
1355122223.701000,-0.105469,1.001953,-0.148438
1355122223.711000,-0.091797,0.964844,-0.158203
1355122223.721000,-0.091797,0.964844,-0.158203
1355122223.731000,-0.101562,0.943359,-0.160156
1355122223.741000,-0.101562,0.943359,-0.160156
1355122223.751000,-0.070312,0.947266,-0.134766
1355122223.761000,-0.070312,0.947266,-0.134766
1355122223.771000,-0.080078,0.960938,-0.142578
1355122223.781000,-0.082031,0.958984,-0.173828
1355122223.791000,-0.082031,0.958984,-0.173828
1355122223.801000,-0.095703,0.968750,-0.171875
1355122223.811000,-0.095703,0.968750,-0.171875
1355122223.821000,-0.097656,0.984375,-0.169922
1355122223.831000,-0.097656,0.984375,-0.169922
1355122223.841000,-0.093750,0.958984,-0.142578
1355122223.851000,-0.093750,0.958984,-0.142578
1355122223.861000,-0.093750,0.968750,-0.132812
1355122223.871000,-0.093750,0.968750,-0.132812
1355122223.881000,-0.097656,0.962891,-0.179688
1355122223.891000,-0.097656,0.962891,-0.179688
1355122223.901000,-0.070312,0.982422,-0.181641
1355122223.912000,-0.070312,0.982422,-0.181641
1355122223.929000,-0.070312,0.982422,-0.181641
1355122223.933000,-0.070312,0.982422,-0.181641
1355122223.942000,-0.070312,0.982422,-0.181641
1355122223.951000,-0.070312,0.982422,-0.181641
1355122223.961000,-0.066406,0.966797,-0.162109
1355122223.971000,-0.080078,0.931641,-0.117187
1355122223.981000,-0.080078,0.931641,-0.117187
1355122223.991000,-0.080078,0.931641,-0.117187
1355122224.002000,-0.080078,0.931641,-0.117187
1355122224.011000,-0.087891,0.957031,-0.177734
1355122224.021000,-0.074219,0.962891,-0.167969
1355122224.031000,-0.074219,0.962891,-0.167969
1355122224.041000,-0.089844,0.970703,-0.144531
1355122224.051000,-0.089844,0.970703,-0.144531
1355122224.061000,-0.095703,0.957031,-0.142578
1355122224.072000,-0.095703,0.957031,-0.142578
1355122224.082000,-0.091797,0.974609,-0.130859
1355122224.092000,-0.091797,0.974609,-0.130859
1355122224.101000,-0.095703,0.960938,-0.150391
1355122224.111000,-0.095703,0.960938,-0.150391
1355122224.122000,-0.083984,0.955078,-0.154297
1355122224.132000,-0.083984,0.955078,-0.154297
1355122224.142000,-0.070312,0.984375,-0.126953
1355122224.151000,-0.070312,0.984375,-0.126953
1355122224.161000,-0.085938,0.976562,-0.146484
1355122224.171000,-0.085938,0.976562,-0.146484
1355122224.181000,-0.082031,0.941406,-0.142578
1355122224.192000,-0.082031,0.941406,-0.142578
1355122224.201000,-0.082031,0.941406,-0.142578
1355122224.211000,-0.068359,0.962891,-0.144531
1355122224.221000,-0.083984,0.949219,-0.134766
1355122224.231000,-0.083984,0.949219,-0.134766
1355122224.241000,-0.074219,0.955078,-0.140625
1355122224.251000,-0.074219,0.953125,-0.162109
1355122224.261000,-0.074219,0.953125,-0.162109
1355122224.271000,-0.074219,0.953125,-0.162109
1355122224.281000,-0.089844,0.955078,-0.160156
1355122224.291000,-0.085938,0.972656,-0.130859
1355122224.302000,-0.085938,0.972656,-0.130859
1355122224.312000,-0.080078,0.960938,-0.142578
1355122224.322000,-0.080078,0.960938,-0.142578
1355122224.331000,-0.085938,0.986328,-0.162109
1355122224.341000,-0.085938,0.986328,-0.162109
1355122224.351000,-0.080078,0.957031,-0.158203
1355122224.362000,-0.080078,0.957031,-0.158203
1355122224.372000,-0.080078,0.964844,-0.152344
1355122224.382000,-0.080078,0.964844,-0.152344
1355122224.392000,-0.083984,0.970703,-0.132812
1355122224.402000,-0.083984,0.970703,-0.132812
1355122224.411000,-0.083984,0.949219,-0.156250
1355122224.421000,-0.083984,0.949219,-0.156250
1355122224.431000,-0.083984,0.949219,-0.156250
1355122224.441000,-0.070312,0.966797,-0.117187
1355122224.451000,-0.070312,0.966797,-0.117187
1355122224.461000,-0.070312,0.966797,-0.117187
1355122224.471000,-0.093750,0.968750,-0.158203
1355122224.482000,-0.093750,0.968750,-0.158203
1355122224.491000,-0.080078,0.951172,-0.111328
1355122224.502000,-0.080078,0.951172,-0.111328
1355122224.511000,-0.072266,0.957031,-0.136719
1355122224.521000,-0.072266,0.957031,-0.136719
1355122224.531000,-0.091797,0.955078,-0.142578
1355122224.541000,-0.091797,0.955078,-0.142578
1355122224.552000,-0.076172,0.943359,-0.152344
1355122224.561000,-0.076172,0.943359,-0.152344
1355122224.571000,-0.070312,0.957031,-0.146484
1355122224.581000,-0.070312,0.957031,-0.146484
1355122224.591000,-0.074219,0.962891,-0.142578
1355122224.601000,-0.074219,0.962891,-0.142578
1355122224.611000,-0.064453,0.980469,-0.142578
1355122224.627000,-0.064453,0.980469,-0.142578
1355122224.631000,-0.064453,0.980469,-0.142578
1355122224.642000,-0.089844,0.951172,-0.136719
1355122224.651000,-0.091797,0.947266,-0.138672
1355122224.662000,-0.091797,0.947266,-0.138672
1355122224.671000,-0.101562,0.949219,-0.134766
1355122224.681000,-0.101562,0.949219,-0.134766
1355122224.691000,-0.072266,0.970703,-0.095703
1355122224.701000,-0.072266,0.970703,-0.095703
1355122224.711000,-0.097656,0.978516,-0.156250
1355122224.721000,-0.097656,0.978516,-0.156250
1355122224.731000,-0.072266,0.951172,-0.167969
1355122224.741000,-0.072266,0.951172,-0.167969
1355122224.752000,-0.097656,0.937500,-0.167969
1355122224.761000,-0.103516,0.947266,-0.132812
1355122224.771000,-0.103516,0.947266,-0.132812
1355122224.781000,-0.099609,0.968750,-0.158203
1355122224.792000,-0.099609,0.968750,-0.158203
1355122224.801000,-0.089844,0.982422,-0.166016
1355122224.811000,-0.089844,0.982422,-0.166016
1355122224.821000,-0.101562,0.947266,-0.121094
1355122224.831000,-0.101562,0.947266,-0.121094
1355122224.841000,-0.076172,0.953125,-0.140625
1355122224.852000,-0.076172,0.953125,-0.140625
1355122224.862000,-0.072266,0.966797,-0.144531
1355122224.871000,-0.072266,0.966797,-0.144531
1355122224.881000,-0.070312,0.968750,-0.152344
1355122224.891000,-0.070312,0.968750,-0.152344
1355122224.901000,-0.066406,0.960938,-0.140625
1355122224.911000,-0.066406,0.960938,-0.140625
1355122224.921000,-0.089844,0.980469,-0.148438
1355122224.931000,-0.089844,0.980469,-0.148438
1355122224.941000,-0.089844,0.980469,-0.148438
1355122224.951000,-0.089844,0.980469,-0.148438
1355122224.961000,-0.078125,0.960938,-0.150391
1355122224.971000,-0.082031,0.968750,-0.138672
1355122224.981000,-0.087891,0.964844,-0.156250
1355122224.991000,-0.087891,0.964844,-0.156250
1355122225.001000,-0.082031,0.972656,-0.146484
1355122225.011000,-0.082031,0.972656,-0.146484
1355122225.021000,-0.085938,0.960938,-0.195312
1355122225.032000,-0.085938,0.960938,-0.195312
1355122225.042000,-0.085938,0.978516,-0.144531
1355122225.051000,-0.085938,0.978516,-0.144531
1355122225.061000,-0.070312,0.964844,-0.125000
1355122225.072000,-0.070312,0.964844,-0.125000
1355122225.082000,-0.089844,0.951172,-0.171875
1355122225.091000,-0.089844,0.951172,-0.171875
1355122225.101000,-0.083984,0.962891,-0.146484
1355122225.111000,-0.083984,0.962891,-0.146484
1355122225.121000,-0.097656,0.957031,-0.119141
