414085.515303,-0.828223,5.474231,-1.381717
414085.525841,-0.337614,4.955120,-1.813911
414085.536387,-0.354186,2.910890,-2.055349
414085.546926,-0.676245,1.430421,-1.939841
414085.557472,-0.656775,0.407459,-1.706208
414085.568012,-0.329058,-1.339205,-1.096320
414085.578558,0.210556,-3.327907,-0.288811
414085.589094,0.629951,-4.234353,0.292535
414085.599640,0.968523,-4.194371,0.773828
414085.610089,1.131991,-3.728462,0.944733
414085.620635,1.148399,-2.889079,0.805902
414085.631266,1.051739,-1.202386,0.666762
414085.641812,0.871463,0.148326,0.586685
414085.652348,0.757450,0.222199,0.674560
414085.662894,0.706517,0.277448,0.773922
414085.673434,0.674556,0.792954,0.802913
414085.683980,0.573681,1.230254,0.750496
414085.694519,0.321764,1.513702,0.624334
414085.705065,-0.019442,1.674964,0.472057
414085.715604,-0.502549,1.510770,0.311273
414085.726150,-1.129684,0.968930,0.230426
414085.736688,-1.673099,0.787999,0.225847
414085.747234,-2.044153,1.567028,0.123555
414085.757775,-2.498734,2.995697,-0.118645
414085.768321,-2.475344,3.799443,-0.549007
414085.778829,-1.500868,2.511666,-0.757535
414085.789375,-0.428106,0.670502,-0.438618
414085.799943,1.270923,-2.358556,0.438555
414085.810489,3.161204,-3.207129,1.160961
414085.821027,4.031253,-0.871718,1.593082
414085.831573,4.029913,-0.290350,2.017314
414085.842114,3.548604,-0.201092,2.011618
414085.852660,3.344120,0.601311,1.510522
414085.863198,2.986546,0.763948,0.917225
414085.873744,1.513819,1.467209,-0.474686
414085.884283,0.972504,0.067404,-1.879255
414085.894829,1.695814,-3.019057,-2.286372
414085.905366,2.626213,-4.593750,-2.638875
414085.915912,3.029398,-4.553901,-2.743535
414085.936998,0.298305,-3.004267,-0.890035
414085.926452,2.287369,-3.765095,-2.112472
414085.947543,-1.917325,-2.908245,0.490470
414085.958089,-3.696707,-3.697173,1.553242
414085.968638,-3.760865,-4.286358,1.931224
414085.979184,-2.160639,-3.548260,1.735259
414085.989707,-1.002823,-1.792984,1.225457
414086.000253,-0.733291,-1.284804,1.096007
414086.021336,-1.856579,-1.370021,1.667791
414086.010790,-1.140924,-1.413429,1.276020
414086.031877,-2.426263,-1.530439,1.990217
414086.042423,-2.778259,-1.664345,2.087501
414086.052973,-3.039226,-1.563799,1.987514
414086.063519,-3.312088,-1.234746,1.720341
414086.074045,-3.713342,-0.595125,1.349335
414086.084591,-4.106366,-0.554797,1.110045
414086.095133,-4.309223,-0.136230,0.864327
414086.105679,-4.006017,0.016135,0.576082
414086.116216,-3.279135,-0.379529,0.446754
414086.126762,-2.333366,-0.606960,0.421901
414086.137299,-1.482919,-0.599565,0.369848
414086.147845,-0.943863,-0.637057,0.204326
414086.158384,-0.708385,-0.492859,-0.015774
414086.168930,-0.665851,-0.235685,-0.181751
414086.179471,-0.649191,0.154168,-0.340605
414086.190017,-0.381736,0.232627,-0.375472
414086.200556,0.016192,0.126300,-0.252766
414086.211102,0.258891,0.077696,-0.095972
414086.221639,0.464640,0.192764,0.018729
414086.232185,0.629906,0.447455,0.106214
414086.242630,0.464764,0.587126,0.177313
414086.253176,0.066804,0.433094,0.281895
414086.263808,-0.092258,0.223774,0.407742
414086.274354,0.022196,0.074060,0.456188
414086.284896,0.259992,-0.039100,0.418166
414086.295442,0.511381,-0.203662,0.447891
414086.305977,0.705012,-0.453994,0.560006
414086.316523,0.757869,-0.641317,0.658592
414086.327062,0.616779,-0.834047,0.678104
414086.337608,0.329097,-1.051647,0.647057
414086.348152,-0.082606,-1.164602,0.550858
414086.358698,-0.550366,-1.212554,0.376798
414086.369232,-1.000159,-1.202527,0.192488
414086.379778,-1.364250,-1.087362,0.028335
414086.390317,-1.628057,-1.227237,-0.074197
414086.400863,-1.809952,-1.943027,-0.151140
414086.411404,-1.926587,-2.647323,-0.320699
414086.421950,-1.692860,-2.710910,-0.553430
414086.443033,0.201033,-0.415844,-1.059995
414086.432487,-0.777570,-1.557134,-0.903421
414086.453484,0.576776,0.075683,-0.652562
414086.464030,0.623936,0.567836,-0.415312
414086.474661,0.730628,0.664236,-0.133585
414086.485207,0.862340,0.586424,0.298983
414086.495760,0.823742,0.570981,0.386885
414086.506306,0.806009,0.507863,0.553526
414086.516828,1.110512,0.762779,0.572077
414086.527374,1.634164,0.686278,0.561979
414086.537912,1.978274,0.390552,0.738795
414086.548458,2.012586,0.343981,0.906752
414086.558997,1.810256,0.381094,1.000658
414086.569543,1.295114,0.443997,0.998717
414086.580081,0.788938,0.389999,1.066363
414086.590627,0.408356,-0.209544,1.277993
414086.601144,-0.282619,0.329407,1.431744
414086.611690,-0.607211,1.133657,1.693413
414086.622248,-1.460176,2.440368,1.327076
414086.632794,-2.215970,4.175830,0.415938
414086.643338,-1.059891,3.499169,-0.176313
414086.653884,-0.042933,2.498173,-0.516908
414086.664420,-0.157402,2.558604,-0.789217
414086.674966,0.156642,2.551852,-0.632481
414086.685411,1.393833,2.335754,-0.171108
414086.695957,2.549004,2.082778,0.468545
414086.706592,3.428178,1.588837,0.709796
414086.717138,3.877632,1.533920,0.542781
414086.738220,3.854134,1.344714,-0.253057
414086.727674,3.904176,1.403236,0.150901
414086.748761,3.881186,1.361238,-0.800273
414086.759307,4.005664,1.559118,-1.428175
414086.769846,4.056644,1.999315,-2.053928
414086.780392,3.722221,2.189437,-2.487378
414086.790929,3.116864,2.036412,-2.534063
414086.801475,2.799385,2.286287,-1.965243
414086.812016,2.891532,2.556006,-1.273673
414086.822562,2.217114,1.857204,-0.879313
414086.833101,0.843852,1.435037,-0.516767
414086.843647,0.010729,2.206092,-0.088734
414086.854227,-0.331995,2.964477,0.092682
414086.864773,-0.627004,2.810385,0.172124
414086.875178,-0.944527,2.480902,0.196988
414086.885724,-0.896581,2.262826,0.174933
414086.896359,-0.281979,1.824583,0.231120
414086.906905,0.325699,0.972982,0.420791
414086.917437,0.600802,-0.063815,0.610631
414086.927983,0.468031,-0.890066,0.745094
414086.938432,0.145797,-1.240722,0.816556
414086.948978,-0.076753,-1.336394,0.865249
414086.959609,-0.170866,-1.480911,0.801465
414086.970155,-0.073896,-1.566749,0.626904
414086.980691,0.121876,-1.482109,0.464596
414086.991237,0.260021,-1.187988,0.310943
414087.001782,0.381095,-0.502963,0.141164
414087.012328,0.319205,0.194928,-0.007660
414087.022863,0.048731,0.519831,-0.310202
414087.033409,-0.301821,0.799130,-0.803231
414087.043854,-0.495052,1.091377,-1.399429
414087.054400,-0.506048,1.277764,-1.892313
414087.065035,-0.460419,1.284424,-2.173075
414087.075581,-0.436549,1.060637,-2.096259
414087.086117,-0.417842,0.632642,-1.862351
414087.096663,-0.137362,0.812084,-1.873715
414087.107201,0.332752,-0.004737,-2.071028
414087.117747,1.397644,-3.979587,-2.047592
414087.128290,2.601621,-9.770976,-0.437395
414087.138836,1.006574,-10.030094,2.014718
414087.149374,-2.031295,-5.830952,2.173535
414087.159920,-4.345430,-0.737206,0.402237
414087.170365,-4.142777,0.889435,0.154018
414087.180911,-2.437137,0.660704,0.268509
414087.191562,-1.983478,0.362842,0.803758
414087.202108,-2.623833,-1.102236,1.211899
414087.212631,-2.951170,-2.039556,1.441757
414087.223177,-2.923457,-2.565219,1.819571
414087.233713,-3.036038,-2.909815,1.939644
414087.244259,-3.372380,-2.424360,1.702382
414087.254797,-3.412703,-2.115962,1.321748
414087.265343,-3.142158,-2.083273,0.785349
414087.275882,-2.731852,-1.818877,0.237599
414087.286428,-2.449799,-1.894371,-0.123023
414087.296968,-2.494778,-1.908037,-0.263573
414087.307514,-2.646197,-1.554629,-0.269005
414087.317969,-2.641245,-1.482034,-0.019304
414087.328515,-2.220257,-2.179792,0.463516
414087.339137,-1.469451,-2.293862,0.784688
414087.349683,-0.507119,-1.666511,0.769864
414087.360224,0.301775,-0.951497,0.406546
414087.370770,0.891488,-0.638894,0.038757
414087.381307,1.349683,-0.448783,-0.228327
414087.391853,1.285612,-0.587318,-0.455689
414087.402391,0.637064,-0.900033,-0.576750
414087.412937,-0.162587,-1.259259,-0.558864
414087.423477,-0.541030,-1.424684,-0.386896
414087.434023,-0.532942,-1.240471,-0.229879
414087.455185,-0.041315,-0.677838,0.038191
414087.444639,-0.336511,-0.868991,-0.105521
414087.465651,0.253286,-0.657372,0.218993
414087.476197,0.319773,-0.560365,0.341733
414087.486639,0.136421,-0.415859,0.399260
414087.497185,-0.134164,-0.298153,0.393105
414087.507817,-0.426450,-0.226839,0.354320
414087.518363,-0.620551,-0.173552,0.305204
414087.528905,-0.761021,-0.212894,0.265810
414087.539451,-0.996274,-0.506693,0.290731
414087.549990,-1.249159,-0.981845,0.272150
414087.560536,-1.431337,-1.276039,0.126342
414087.571070,-1.292279,-1.278905,-0.079359
414087.581616,-0.829166,-0.740193,-0.333956
414087.592156,-0.407485,-0.108122,-0.537151
414087.602702,-0.389789,0.688104,-0.723188
414087.613241,0.068208,1.369735,-0.830198
414087.623787,1.165506,1.166805,-0.739731
414087.644874,1.233390,0.449195,0.187350
414087.634328,1.658323,0.700542,-0.328443
414087.655412,0.835679,0.322813,0.537164
414087.665958,0.859678,0.480896,0.747037
414087.676464,1.100044,0.742233,0.837270
414087.687010,1.198222,1.080829,0.801461
414087.697580,1.202746,1.240693,0.951371
414087.708126,0.745070,1.197908,1.071668
414087.718680,0.037728,0.869016,1.325444
414087.729226,-0.360904,-0.048119,1.740406
414087.739750,-0.518967,0.893320,1.845214
414087.750296,-1.035358,3.717781,1.435139
414087.760836,-0.975610,3.634648,0.637452
414087.771382,-0.155191,2.940561,-0.029571
414087.781922,0.638877,3.024747,-0.362356
414087.792468,1.852770,3.034689,-0.432180
414087.803004,3.163150,2.890905,-0.315589
414087.813550,4.202129,2.389168,-0.183398
414087.824087,4.151051,1.803604,0.024838
414087.834633,3.722361,1.769650,0.100000
414087.845178,3.617099,1.968147,-0.191937
414087.855724,3.838293,1.870285,-0.806693
414087.866264,4.026653,1.380899,-1.571673
414087.876810,3.986152,1.181395,-2.421236
414087.887345,3.463057,1.146996,-3.147776
414087.897891,2.848261,0.775706,-3.533141
414087.918974,3.455370,0.465476,-1.587515
414087.908428,3.070005,0.291454,-2.930036
414087.929513,2.435298,1.453003,-0.903589
414087.940059,0.263879,2.602510,-0.940240
414087.950509,-1.215451,3.693023,-0.927700
414087.961055,-1.717020,3.644069,-1.020083
414087.971685,-1.816204,2.807774,-1.152843
414087.982231,-1.915004,1.876221,-1.237033
414087.992769,-2.000362,1.287341,-1.292757
414088.003315,-2.001420,0.573017,-1.144083
414088.013856,-1.828061,-0.807912,-0.881754
414088.024402,-1.616274,-1.744375,-0.677331
414088.034939,-1.349776,-1.653260,-0.498582
414088.045485,-0.804310,-1.272772,-0.284645
414088.056025,0.063742,-0.961273,-0.019583
414088.066571,0.755440,-0.828409,0.207273
414088.077111,0.898978,-0.566413,0.370305
414088.087657,0.685851,-0.156334,0.560659
414088.098194,0.454823,-0.146446,0.863549
414088.108740,0.289142,-0.185693,0.991362
414088.119279,0.213490,-0.020953,1.001588
414088.129825,0.034886,0.086089,0.898280
414088.140367,-0.322808,0.406934,0.596569
414088.150913,-0.667369,0.763328,0.239610
414088.161449,-0.863566,0.951971,-0.122299
414088.171995,-0.749684,1.198297,-0.412400
414088.182535,-0.384918,1.461963,-0.601275
414088.193081,0.038884,1.505588,-0.682663
414088.203619,0.502076,1.086739,-0.551687
414088.214165,0.791882,0.434544,-0.196988
414088.224703,0.744440,0.272196,0.151246
414088.235249,0.443194,0.642502,0.482015
414088.245790,0.169507,1.230357,1.111254
414088.256336,0.156781,3.022626,1.464941
414088.266876,-1.530948,2.199914,0.393487
414088.277422,-1.886204,0.236334,-0.121566
414088.287958,-0.885747,0.074120,0.129249
414088.298504,-0.185221,0.073603,0.286614
414088.308951,0.740912,-0.021872,0.397168
414088.319497,2.273796,-0.345531,0.647311
414088.330130,3.662894,-0.693953,1.121723
414088.340676,4.076697,-0.775308,1.393274
414088.351216,3.590845,-0.425378,1.356910
414088.361762,2.736988,0.097154,1.092297
414088.372299,1.884022,1.028327,0.700325
414088.382845,1.156070,1.878982,0.274339
414088.393383,0.377482,2.295634,-0.135432
414088.403929,-0.405923,1.692748,-0.343481
414088.414469,-0.926970,0.784006,-0.812281
414088.425015,-0.720125,-0.494857,-1.494930
414088.435565,0.096219,-2.405520,-1.896005
414088.446111,0.883558,-4.234820,-2.050076
414088.456547,1.001398,-4.890858,-1.646112
414088.467093,0.292477,-4.850629,-0.774265
414088.477723,-2.379774,-4.062680,-1.120086
414088.488269,-7.840386,-0.526885,-1.344162
414088.498809,-4.604530,-2.326687,0.224766
414088.509355,1.574046,-5.726638,2.147587
414088.519893,2.399233,-6.346574,3.346163
414088.530439,1.698869,-5.157563,3.527699
414088.540980,-1.217170,-2.763492,2.472406
414088.551526,-3.394152,-1.050981,1.520268
414088.562062,-4.151275,-1.209576,1.233492
414088.572608,-4.438123,-1.290440,1.257294
414088.583149,-4.570335,-0.934025,1.129788
414088.593695,-4.549888,-0.616706,0.908149
414088.604234,-4.691391,-0.450681,0.615130
414088.614780,-4.771097,-0.314037,0.256748
414088.635861,-3.684832,-0.592254,0.074304
414088.625315,-4.428692,-0.261866,0.036856
414088.646404,-2.418914,-1.180201,0.267089
414088.656950,-0.982129,-1.063563,0.420839
414088.667395,-0.194037,-0.501273,0.416784
414088.677941,-0.091028,-0.493211,0.452635
414088.688572,-0.159916,-0.572395,0.388336
414088.699118,-0.037731,-0.581723,0.231471
414088.709657,0.418918,-0.633700,0.018049
414088.720203,0.848449,-0.526956,-0.149427
414088.730741,0.793285,-0.404962,-0.320669
414088.741287,0.416133,-0.344704,-0.424500
414088.751829,0.052919,-0.423955,-0.421855
414088.762375,-0.208578,-0.458310,-0.354413
414088.772913,-0.195426,-0.344724,-0.208892
414088.783459,-0.039736,-0.076195,-0.004336
414088.793997,0.097888,0.159715,0.200450
414088.804543,0.176735,0.221449,0.415202
414088.815080,0.200830,-0.055271,0.527958
414088.825626,0.062681,-0.405935,0.542924
414088.836216,-0.064891,-0.668389,0.533871
414088.846762,-0.148011,-0.833441,0.485000
414088.857249,-0.295940,-0.838247,0.391489
414088.867795,-0.515481,-0.813561,0.276572
414088.878337,-0.761460,-0.846659,0.180410
414088.888883,-1.125694,-0.992992,0.160501
414088.909971,-1.768453,-1.612484,-0.014933
414088.899425,-1.556245,-1.243389,0.122962
414088.920506,-1.396316,-1.756021,-0.231539
414088.931052,-0.709226,-0.838069,-0.574242
414088.941500,-0.344870,0.571844,-0.936793
414088.952046,-0.308973,1.368176,-1.103199
414088.962681,0.158866,1.708346,-1.046812
414088.973227,0.940806,1.640445,-0.879835
414088.983763,1.559615,1.391470,-0.831588
414088.994309,1.631515,1.104887,-0.344750
414089.004848,1.211790,0.837105,0.392303
414089.015394,0.739489,0.942962,0.805429
414089.025839,0.644649,1.170156,1.106864
414089.036385,0.825790,1.076809,1.324862
414089.047017,0.770870,0.865952,1.407268
414089.057563,0.501711,0.570147,1.440592
414089.068104,0.371092,0.181907,1.553675
414089.078650,0.195150,-0.439607,1.626071
414089.089187,-0.510973,-0.584975,1.451786
414089.099733,-0.751256,-0.149642,1.341294
414089.110271,-0.163198,0.828995,1.373699
414089.120817,0.167870,1.874132,0.598058
414089.141902,0.019933,1.485101,-0.418733
414089.131356,0.196449,2.067283,-0.171954
414089.152441,0.401688,1.773985,-0.528380
414089.162987,1.670015,2.227076,-0.476471
414089.173526,3.264055,1.995524,-0.463880
414089.184072,4.154484,1.668444,-0.442839
414089.194609,4.275293,1.752854,-0.494368
414089.205155,4.015937,2.019586,-0.781628
414089.215702,3.822262,1.798523,-1.179818
414089.226248,3.505657,1.363091,-1.619265
414089.236783,2.929447,1.037254,-2.029313
414089.247329,2.301380,0.731948,-2.216302
414089.257867,2.126360,0.626108,-1.992614
414089.268413,2.206296,0.902499,-1.353690
414089.278889,1.679857,1.201275,-1.074633
414089.289435,0.867612,1.716383,-1.056822
414089.299943,0.588042,2.052498,-0.902715
414089.310489,0.614401,1.540458,-0.594661
414089.321122,0.551413,0.570281,-0.285005
414089.331668,0.331732,0.016986,-0.136545
414089.342206,-0.070357,-0.017776,-0.102772
414089.352752,-0.535199,-0.136012,-0.088033
414089.363291,-0.978487,-0.525882,-0.033886
414089.373837,-1.281105,-0.950938,0.026188
414089.384374,-1.286513,-1.148877,0.020772
414089.394920,-1.165099,-0.868543,0.001527
414089.405462,-0.846794,-0.392813,0.016761
414089.416008,-0.240917,0.014251,0.172108
414089.437092,0.793508,0.237739,0.503589
414089.426546,0.424136,0.137424,0.383049
414089.447639,0.827930,0.483704,0.577077
414089.458185,0.786046,0.711792,0.624713
414089.468626,0.806231,0.851761,0.662527
414089.479172,0.769545,0.964150,0.688116
414089.489805,0.592528,1.012237,0.713640
414089.500351,0.250679,1.060066,0.700490
414089.510887,-0.174823,1.099342,0.628381
414089.521433,-0.593243,1.170527,0.497368
414089.531974,-0.824057,1.289472,0.342387
414089.542520,-0.773435,1.306380,0.192239
414089.553056,-0.499065,1.096011,0.084508
414089.563602,-0.070912,0.928474,0.013761
414089.574141,0.484251,1.194674,-0.042287
414089.584687,0.778523,1.843557,-0.342767
414089.595226,0.083361,2.846587,-0.349922
414089.605772,-0.397864,2.514569,0.443641
414089.616310,-1.392331,0.719135,0.700592
414089.626856,-1.704785,-0.141819,0.488850
414089.637474,-0.410647,-0.102162,0.690284
414089.648020,1.255577,-0.029546,1.060566
414089.658398,2.372777,0.359216,1.191749
414089.668944,2.769320,0.929372,1.061098
414089.679566,2.642610,1.474651,0.985511
414089.690112,2.030345,1.868049,0.760000
414089.700649,1.421123,1.658730,0.413382
414089.711195,1.059374,0.309841,0.181747
414089.721737,0.324503,-0.580265,-0.662040
414089.732283,0.668948,-2.495035,-1.495342
414089.742820,1.544808,-3.734026,-1.929573
414089.753366,1.946000,-3.937081,-2.305456
414089.763906,1.417576,-3.967745,-2.498307
414089.774452,-1.514106,-1.821319,-2.322522
414089.784993,-4.180846,0.616097,-1.737887
414089.795539,-2.451324,-0.556136,-0.640578
414089.806074,-0.135338,-3.024539,0.885160
414089.816620,0.264990,-5.010192,1.734700
414089.827193,-0.275568,-5.157842,2.121879
414089.837739,-0.757496,-4.085325,2.275102
414089.848248,-1.180877,-2.893694,2.122097
414089.858794,-1.568173,-1.691280,1.805496
414089.869330,-1.895137,-1.465393,1.594029
414089.879876,-2.147297,-1.572507,1.232297
414089.890413,-2.536205,-1.003462,0.858379
414089.900959,-3.104958,-0.581417,0.625475
414089.922048,-3.686892,-0.562162,0.407442
414089.911502,-3.558487,-0.512127,0.510185
414089.932583,-3.465402,-0.550275,0.269181
414089.943129,-3.133622,-0.542850,0.143723
414089.953583,-2.832776,-0.682488,0.075737
414089.964129,-2.476127,-0.794324,0.123787
414089.974754,-2.035056,-0.786643,0.177191
414089.985300,-1.518986,-0.773356,0.157627
414089.995903,-1.008900,-0.814506,0.060396
414090.006449,-0.526689,-0.881840,-0.105113
414090.016832,-0.013545,-0.750642,-0.205238
414090.027378,0.542586,-0.370186,-0.163467
414090.038009,0.994810,-0.053586,-0.065399
414090.048555,1.102401,0.044625,-0.004759
414090.059095,0.887323,-0.108056,0.053079
414090.069641,0.518593,-0.313541,0.143653
414090.080181,0.029895,-0.519350,0.220201
414090.090727,-0.261400,-0.694013,0.307192
414090.101265,-0.162320,-0.940175,0.395591
414090.111811,0.125303,-1.076109,0.411780
414090.122349,0.399160,-1.090853,0.402285
414090.132895,0.572476,-1.099421,0.422769
414090.143434,0.674423,-1.135004,0.462706
414090.153980,0.730266,-1.148221,0.509525
414090.164520,0.704932,-1.170725,0.534048
414090.175066,0.498996,-1.201066,0.488135
414090.185511,0.077456,-1.286530,0.353756
414090.196057,-0.364328,-1.506296,0.152193
414090.206690,-0.682851,-2.020653,-0.111830
414090.217236,-0.907354,-2.422840,-0.457100
414090.227774,-0.843436,-2.430241,-0.688777
414090.238320,-0.189703,-1.052648,-1.269435
414090.248862,0.272633,0.271867,-1.950673
414090.259408,-0.259347,0.417792,-1.665260
414090.269944,-0.481119,0.499543,-0.632630
414090.280490,-0.277674,0.476321,0.108773
414090.291028,0.030216,0.842926,0.216630
414090.301574,0.081084,1.227822,0.249753
414090.312021,-0.096051,1.371370,0.418468
414090.322567,-0.010305,1.127789,0.509219
414090.333201,0.438521,1.014820,0.623691
414090.343747,0.819730,0.870969,0.832181
414090.354301,0.925504,0.484366,1.042907
414090.364847,0.844704,0.041894,1.129897
414090.375392,0.333372,-0.315426,1.122320
414090.385938,0.273092,0.059962,1.362625
414090.396454,0.458002,0.396212,1.831707
414090.407000,-1.106313,1.304983,1.286205
414090.417543,-2.128822,2.305267,0.245374
414090.428089,-0.648438,2.411429,-0.511723
414090.438534,1.297121,1.922072,-1.004194
414090.449080,1.988725,2.197258,-1.377220
414090.459712,2.063981,2.117611,-1.468894
414090.470258,2.865216,1.712003,-1.300956
414090.480795,4.156450,1.534441,-1.092524
414090.491341,4.742383,1.345617,-1.018158
414090.512425,3.080224,1.146807,-1.379855
414090.501879,3.997910,1.105741,-1.114758
414090.523059,2.502587,1.611267,-1.801315
414090.533605,2.120123,1.763477,-2.020885
414090.543957,1.752987,1.474019,-1.854976
414090.554503,1.247159,1.403478,-1.577084
414090.565134,0.599204,1.088045,-1.276732
414090.575680,-0.029974,0.990914,-0.894150
414090.586218,-0.602695,1.362980,-0.613596
414090.596764,-1.169303,1.596191,-0.626010
414090.607303,-1.673088,1.505438,-0.669139
414090.617849,-1.971149,1.138890,-0.678014
414090.628386,-1.923122,0.883989,-0.729022
414090.638932,-1.589738,0.813812,-0.757222
414090.649474,-1.311133,0.806804,-0.819288
414090.660020,-1.137725,0.753976,-0.838678
414090.670559,-0.851320,0.674479,-0.692358
414090.681105,-0.519038,0.680761,-0.458711
414090.691642,-0.220871,0.731865,-0.254984
414090.702188,-0.000088,0.736348,-0.048741
414090.712639,0.054944,0.654435,0.123329
414090.723185,0.082956,0.665691,0.254047
414090.733814,0.168901,0.735648,0.364935
414090.744360,0.276452,0.842241,0.416942
414090.754897,0.385179,0.957254,0.463988
414090.765443,0.460015,1.069148,0.526775
414090.775983,0.346434,1.340944,0.527215
414090.786529,-0.036845,1.782346,0.411071
414090.797069,-0.578493,2.063120,0.165027
414090.807615,-1.213479,1.970018,-0.135222
414090.818151,-1.735917,1.579360,-0.367266
414090.828697,-1.826227,0.996986,-0.482927
414090.839238,-1.306031,0.501625,-0.492602
414090.849784,-0.286130,0.918892,-0.560047
414090.870868,1.713264,3.897011,-0.241006
414090.860322,0.756213,2.569606,-0.713967
414090.881407,1.441583,2.950688,0.784348
414090.891953,-0.643291,0.306586,1.654923
414090.902399,-1.551587,-1.490656,2.013694
414090.912945,-0.898367,-1.497558,2.117146
414090.923578,0.604418,-0.653312,1.806069
414090.934124,2.044754,-0.331520,1.516901
414090.944570,2.955136,-0.136688,1.448651
414090.955116,3.478956,0.782053,1.321323
414090.976296,2.260399,1.480057,0.597605
414090.965750,3.400521,1.628911,0.957211
414090.986845,1.318246,0.877110,0.369231
414090.997391,0.844958,0.553423,-0.081857
414091.007918,0.532917,0.888715,-0.627765
414091.018464,0.164359,0.153796,-0.805598
414091.029003,-0.262602,-0.943566,-1.154831
414091.039549,0.052497,-2.008056,-1.894008
414091.050089,1.019275,-3.567701,-2.187851
414091.060635,1.557224,-4.665433,-2.195203
414091.071173,0.670448,-4.244029,-1.976534
414091.081719,-1.967068,-2.180938,-1.309918
414091.092258,-4.120772,-0.858186,-0.390599
414091.102804,-3.546717,-2.601985,0.501400
414091.113343,-1.396707,-5.278353,1.539794
414091.123889,0.152673,-6.055439,2.115689
414091.134430,0.507150,-4.712790,2.330249
414091.144976,-0.197380,-2.446528,2.085936
414091.155512,-1.030546,-0.973659,1.542187
414091.166058,-1.553642,-0.803445,1.303425
414091.176598,-2.090471,-0.801871,1.242128
414091.187144,-2.669428,-0.560866,1.081787
414091.197683,-3.212436,-0.227626,0.853544
414091.208229,-3.640073,0.042005,0.666800
414091.229238,-3.748395,-0.592528,0.543011
414091.218692,-3.826296,-0.098162,0.593968
414091.239852,-3.510264,-0.829063,0.451236
414091.250398,-3.112089,-0.756943,0.305930
414091.260843,-2.575558,-0.705074,0.279982
414091.271389,-1.848521,-0.727400,0.281352
414091.292568,-0.481758,-0.434132,0.165538
414091.282022,-1.094018,-0.642343,0.251271
414091.303106,-0.064327,-0.312041,0.046708
414091.313652,0.280571,-0.230308,-0.052542
414091.324193,0.518599,-0.064746,-0.129935
414091.334739,0.378506,0.158542,-0.142586
414091.345276,-0.027519,0.201077,-0.141346
414091.355822,-0.263501,0.098180,-0.185475
414091.366363,-0.253257,-0.070780,-0.192319
414091.376909,-0.102138,-0.296685,-0.097754
414091.387448,0.148375,-0.510535,0.055811
414091.397994,0.453242,-0.671370,0.215233
414091.408531,0.732261,-0.725625,0.338063
414091.419077,1.014685,-0.727013,0.422528
414091.429593,1.236581,-0.747402,0.498330
414091.440139,1.272986,-0.733350,0.572878
414091.450610,1.145932,-0.764387,0.616524
414091.461156,0.911016,-0.811030,0.602384
414091.471789,0.593664,-0.866187,0.532957
414091.482335,0.137208,-1.009327,0.419734
414091.492873,-0.414813,-1.214063,0.267557
414091.503419,-0.835531,-1.231945,0.015265
414091.513956,-1.071532,-1.441759,-0.298968
414091.524502,-1.191349,-1.985560,-0.631340
414091.535043,-1.148103,-2.320095,-0.825717
414091.545589,-0.906411,-1.871633,-1.078081
414091.556128,-0.403384,-0.021455,-1.738618
414091.566674,-0.298539,0.887302,-1.718909
414091.577211,-0.196649,0.794475,-0.984655
414091.587757,-0.171978,0.689342,-0.047909
414091.598298,0.171979,0.837897,0.208830
414091.608844,0.534716,1.138245,0.390892
414091.619381,0.710638,1.126509,0.536002
414091.629927,0.835144,0.933916,0.740035
414091.640466,1.058786,0.512068,1.114136
414091.651012,1.232618,0.114410,1.448669
414091.661551,1.204469,-0.055338,1.712794
414091.672097,0.108462,-0.174419,1.781827
414091.682640,-0.868198,-0.052194,1.994432
414091.693186,-1.767738,0.274650,2.392289
414091.703720,-3.032110,2.059292,1.810377
414091.714266,-1.667980,2.644525,0.495938
414091.724806,0.978005,1.780783,-0.804077
414091.735352,2.222987,1.666945,-1.467358
414091.745891,1.872603,1.293577,-1.653528
414091.756437,1.702758,1.476188,-1.376456
414091.766977,2.715826,1.295072,-0.813936
414091.777523,3.975917,0.651784,-0.587660
414091.787967,4.639914,0.987626,-0.629195
414091.798513,4.416036,1.201019,-0.798503
414091.809145,3.310439,0.857124,-1.191448
414091.819691,2.377776,0.611215,-1.585720
414091.830231,2.069583,0.642168,-1.833048
414091.840777,2.108011,0.423459,-1.730561
414091.851317,2.033093,0.208873,-1.225612
414091.861863,1.609841,0.174638,-0.725372
414091.872400,0.823957,0.479184,-0.550252
414091.882946,0.070895,1.344781,-0.700472
414091.893392,-0.449374,2.491269,-0.932905
414091.903938,-1.000750,3.191233,-1.075620
414091.914572,-1.559246,2.806379,-1.085604
414091.925118,-1.851315,1.792249,-0.943981
414091.935564,-1.752516,0.960394,-0.711828
414091.946110,-1.555392,0.389544,-0.595335
414091.967193,-0.858239,0.599046,-0.619590
414091.956647,-1.327377,0.301932,-0.636099
414091.977828,-0.368379,0.561885,-0.439701
414091.988374,0.006080,0.270251,-0.210256
414091.998911,0.319312,0.148324,-0.041403
414092.009457,0.471676,0.291993,0.087412
414092.019997,0.420627,0.405058,0.241170
414092.030543,0.248522,0.477627,0.372741
414092.041080,0.075748,0.739206,0.474365
414092.051626,0.021807,0.961749,0.552531
414092.072724,0.113383,1.151560,0.641509
414092.062178,0.061621,1.039997,0.617918
414092.083251,0.091913,1.376338,0.550038
414092.093797,0.050631,1.679809,0.340444
414092.104334,-0.007962,1.700991,0.076125
414092.114880,-0.148974,1.374735,-0.166878
414092.125420,-0.155757,0.782042,-0.360194
414092.135966,0.152060,0.334067,-0.506960
414092.146506,0.683605,1.057779,-0.772801
414092.157052,0.973127,2.728826,-1.178587
414092.178136,1.786807,1.485942,0.714904
414092.167590,1.575216,2.591694,-0.689371
414092.188583,-0.022882,-0.455831,1.627595
414092.199129,-1.447264,-0.829684,1.938115
414092.209761,-1.471921,-0.698214,1.946477
414092.220307,-0.451441,-0.237205,1.528065
414092.230845,0.834453,0.203251,1.113609
414092.241391,1.583096,0.177404,0.961224
414092.251838,2.336346,0.311011,1.017380
414092.262384,2.860073,0.515398,0.860407
414092.273015,2.302521,0.405408,0.442230
414092.283561,1.482232,0.246983,0.037885
414092.294099,0.956845,-0.009680,-0.252891
414092.304645,0.418967,-1.273619,-0.603483
414092.315186,0.090779,-1.329059,-1.496185
414092.325732,0.377636,-2.551692,-2.010437
414092.336270,0.808257,-3.584093,-2.370723
414092.346816,1.013703,-3.822545,-2.446762
414092.357352,0.479925,-2.709336,-2.016937
414092.367898,-0.592087,-1.643128,-1.031130
414092.378441,-1.822475,-1.732397,0.059258
414092.388987,-3.100037,-2.391808,0.715295
414092.399524,-3.444689,-2.931937,0.767738
414092.410070,-4.772446,-1.645563,0.465209
414092.420609,-7.132821,0.659369,-0.261572
414092.431155,-1.698389,-0.958534,0.524974
414092.452150,1.853643,-3.334602,2.424782
414092.441604,2.087823,-2.883531,2.003801
414092.462780,0.026643,-4.095273,2.419537
414092.473326,-1.844891,-2.628043,1.843839
414092.483865,-3.113578,-0.341720,1.098209
414092.494411,-3.619438,-0.251720,0.865203
414092.504950,-3.598058,-0.849181,0.873604
414092.515496,-3.360904,-0.822022,0.708400
414092.526033,-3.197677,-0.489146,0.387160
414092.536579,-3.124076,-0.495488,0.150634
414092.547121,-2.878735,-0.698805,0.095211
414092.557667,-2.337719,-0.852948,0.189780
414092.568207,-1.552402,-0.860748,0.314657
414092.578753,-0.803108,-0.986657,0.391657
414092.589303,-0.294865,-1.176261,0.358163
414092.599849,-0.046984,-1.086996,0.213167
414092.610281,0.162913,-0.877420,0.050927
414092.620827,0.434616,-0.654473,-0.069611
414092.642007,0.804727,-0.144564,-0.183923
414092.631461,0.676890,-0.314312,-0.162129
414092.652543,0.745406,-0.151048,-0.164611
414092.663089,0.533528,-0.180162,-0.125067
414092.673632,0.332938,-0.313415,-0.057576
414092.684178,0.203943,-0.461274,0.054382
414092.694713,0.276296,-0.672767,0.174066
414092.705259,0.527499,-0.747579,0.284745
414092.715799,0.762507,-0.692463,0.385522
414092.726345,0.852262,-0.674727,0.498161
414092.747430,0.753467,-0.778597,0.650144
414092.736884,0.835530,-0.706115,0.588770
414092.757968,0.659348,-0.885501,0.672711
414092.768514,0.561244,-0.936954,0.575018
414092.778960,0.270498,-1.014196,0.417998
414092.789506,-0.252864,-1.102960,0.241620
414092.810685,-1.190116,-1.771922,-0.104560
414092.800139,-0.798231,-1.137031,0.054826
414092.821223,-1.397105,-2.624517,-0.257235
414092.831769,-1.413187,-2.549925,-0.317894
414092.842310,-0.647968,-0.199740,-1.177457
414092.852856,0.146997,1.266574,-1.924395
414092.863402,-0.075759,1.078229,-1.374021
414092.873948,-0.315715,0.817159,-0.295374
414092.884478,-0.204814,0.827749,0.194853
414092.895024,0.194109,1.029445,0.025075
414092.905566,0.333258,1.072698,-0.005196
414092.916112,0.270375,1.097110,0.139601
414092.926647,0.744597,0.679453,0.364667
414092.937193,1.451530,0.262979,0.651942
414092.947743,1.829365,0.055284,0.895239
414092.958289,1.695557,-0.107251,0.996325
414092.968726,1.248774,-0.530797,1.071549
414092.979272,0.391311,-0.609606,1.135259
414092.989904,0.204302,0.070915,1.584473
414093.000450,-0.192734,0.967545,2.247941
414093.010988,-2.166640,1.948466,1.824291
414093.021534,-3.136954,2.451948,0.538197
414093.032075,-1.260412,1.703819,-0.540795
414093.042621,1.508887,1.182667,-1.215756
414093.053065,2.649272,1.279137,-1.664204
414093.063611,2.390810,0.915828,-1.941624
414093.074243,2.825847,0.676335,-1.589028
414093.084789,3.947939,0.451305,-1.146458
414093.095328,4.566639,0.683444,-0.900171
414093.105874,3.934862,0.845830,-0.896335
414093.116414,2.729083,0.852152,-1.051369
414093.126960,1.773957,0.821982,-1.400230
414093.137498,1.130185,0.843867,-1.644243
414093.148044,1.013972,0.483002,-1.561892
414093.158583,0.943449,0.290114,-1.330728
414093.169129,0.664335,0.520413,-1.101075
414093.179632,0.390269,0.694972,-0.859860
414093.190178,0.019416,0.805333,-0.671014
414093.200756,-0.398453,1.167292,-0.582577
414093.211302,-0.955481,1.435674,-0.591624
414093.221840,-1.413227,1.367066,-0.583444
414093.232386,-1.543288,1.178023,-0.464980
414093.242923,-1.472101,0.936884,-0.382875
414093.253469,-1.304107,0.721217,-0.327412
414093.264010,-0.969333,0.631514,-0.273579
414093.274556,-0.573570,0.475123,-0.084438
414093.285093,-0.240311,0.148657,0.057204
414093.295639,0.157551,0.060492,0.176067
414093.306177,0.546288,0.164175,0.289343
414093.316723,0.736719,0.143190,0.389423
414093.327263,0.814504,0.102273,0.467157
414093.337809,0.857884,0.203622,0.537220
414093.348347,0.836996,0.320115,0.606817
414093.358893,0.729031,0.382538,0.660635
414093.369432,0.441414,0.513516,0.637166
414093.379978,-0.017924,0.856726,0.482523
414093.390517,-0.384130,1.204960,0.224471
414093.401064,-0.452167,1.159740,-0.018481
414093.411509,-0.123299,0.957398,-0.124799
414093.422055,0.565160,1.208749,-0.202028
414093.432687,1.354005,1.861756,-0.319337
414093.443233,1.605608,2.646443,-0.484561
414093.464230,0.303730,2.211121,0.646727
414093.453684,1.435261,3.056171,-0.026506
414093.474859,-1.496882,0.555637,0.927636
414093.485405,-1.678295,-0.236822,1.015114
414093.495849,-0.398926,-0.525946,1.137862
414093.506395,1.000171,-0.499394,0.984514
414093.517029,1.747549,-0.130166,0.864895
414093.527575,1.919922,0.103969,0.786505
414093.538111,2.198041,0.583020,0.663490
414093.548657,2.373441,1.244185,0.295124
414093.559196,1.915347,1.411968,-0.254750
414093.569742,1.306161,1.146524,-0.709523
414093.580283,0.821153,1.090801,-1.107109
414093.590829,0.469099,1.232651,-1.265357
414093.601367,0.122795,0.117756,-1.158436
414093.611913,0.136194,-0.262025,-2.014516
414093.622452,1.079226,-2.110237,-2.647643
414093.632998,1.839260,-4.278935,-2.335613
414093.643536,1.422207,-4.421010,-1.991848
414093.654082,-0.292884,-3.183816,-1.267390
414093.664622,-2.639407,-2.062083,-0.082011
414093.675168,-4.256473,-1.878232,0.660577
414093.685705,-4.204898,-2.003501,0.856262
414093.696251,-2.684649,-1.920427,0.831207
414093.706790,-1.186756,-1.998559,0.900447
414093.717336,-0.478168,-2.215756,1.111273
414093.727877,-0.485978,-2.343155,1.289586
414093.738423,-1.092156,-2.219580,1.313471
414093.748965,-1.881465,-1.672912,1.345742
414093.759511,-2.365880,-1.343287,1.423174
414093.769953,-2.557347,-1.335570,1.417266
414093.780499,-2.708898,-0.999838,1.273988
414093.791132,-2.787812,-0.679184,1.053048
414093.801678,-3.014692,-0.336108,0.776193
414093.812216,-3.292734,-0.246598,0.568746
414093.822762,-3.376340,-0.319943,0.389505
414093.833301,-3.180240,-0.357497,0.170990
414093.843847,-2.901973,-0.620462,0.126085
414093.854387,-2.509731,-0.845965,0.231610
414093.864933,-1.869733,-0.856682,0.402211
414093.875470,-1.111128,-0.847229,0.528008
414093.886016,-0.567490,-0.750638,0.491886
414093.896556,-0.260410,-0.595859,0.381962
414093.907102,0.053754,-0.368979,0.310452
414093.917644,0.400530,-0.091962,0.286245
414093.928190,0.672237,0.171193,0.264247
414093.938633,0.772461,0.249650,0.207789
414093.949179,0.615203,0.133152,0.109220
414093.959812,0.282660,-0.098155,0.023122
414093.970358,-0.028210,-0.255741,0.014579
414093.991440,-0.055141,-0.515829,0.067071
414093.980894,-0.151324,-0.386632,0.039681
414094.001995,0.241832,-0.542366,0.098113
414094.012541,0.616382,-0.576815,0.134501
414094.023066,0.890572,-0.662234,0.195320
414094.033612,1.011130,-0.810284,0.280422
414094.044151,1.056690,-0.994051,0.367946
414094.054697,1.078009,-1.176437,0.451672
414094.065235,1.069055,-1.391006,0.470829
414094.075781,0.980046,-1.612018,0.410262
414094.086321,0.751361,-1.749846,0.302998
414094.096867,0.322161,-2.055323,0.234249
414094.107405,-0.123660,-2.848183,0.118893
414094.117951,-0.401996,-3.368372,-0.012963
414094.128398,-0.183155,-2.955640,-0.229669
414094.138944,0.656891,-0.264997,-1.358463
414094.149575,0.495103,1.095188,-2.062678
414094.160121,-0.568016,1.191005,-1.354352
414094.170660,-0.957187,0.954512,-0.352410
414094.181206,-0.364294,1.103927,0.307392
414094.191742,0.452619,1.425877,0.415761
414094.202288,0.821527,1.623141,0.433973
414094.212783,0.972034,1.514002,0.366166
414094.223329,1.233768,1.155152,0.401510
414094.233915,1.544751,0.715995,0.810412
414094.244461,1.756502,-0.089018,1.303019
414094.255000,1.181109,-0.355039,1.624009
414094.265546,0.195514,0.659321,1.897452
414094.276085,-0.090598,0.876132,2.289648
414094.286631,-1.393284,1.037982,2.521018
414094.297169,-3.625426,2.356234,1.912018
414094.307715,-3.430416,2.593942,0.694138
414094.318256,-0.716629,1.790589,-0.496208
414094.328802,1.369636,1.555317,-1.138261
414094.339341,2.346468,1.397190,-1.312651
414094.349887,2.429729,1.178097,-1.208717
414094.360424,2.569822,1.463412,-0.852948
414094.370970,2.923939,1.521236,-0.476794
414094.381511,3.089459,1.292513,-0.489613
414094.392057,3.367348,1.103528,-0.629292
414094.413141,2.933523,0.445078,-1.382256
414094.402595,3.447802,0.849161,-0.885340
414094.423678,2.119701,0.106236,-1.922820
414094.434224,1.453832,-0.153487,-2.175176
414094.455319,2.009380,-0.152172,-1.714417
414094.444773,1.427961,-0.359899,-2.103662
414094.465852,1.936225,0.146365,-1.331740
414094.476398,0.947923,0.121645,-1.128745
414094.486842,-0.147955,0.374387,-0.950986
414094.497388,-1.077974,1.044987,-0.739857
414094.508020,-1.822391,1.569284,-0.715694
414094.518566,-2.302506,2.055229,-0.658093
414094.529103,-2.396149,2.190617,-0.586599
414094.539649,-2.131624,1.746368,-0.490556
414094.550192,-1.524414,1.391059,-0.324070
414094.560738,-0.866879,1.205280,-0.157774
414094.571274,-0.257474,0.871458,-0.105079
414094.581820,0.393165,0.516326,-0.073956
414094.592359,1.003275,0.330475,-0.032477
414094.602905,1.379179,0.274882,0.056645
414094.613444,1.446160,0.230062,0.196655
414094.623990,1.233420,0.158083,0.385626
414094.634533,0.860479,0.178993,0.602208
414094.645079,0.429802,0.413319,0.760230
414094.655523,-0.053933,0.891911,0.810557
414094.666069,-0.699587,1.531055,0.686293
414094.676605,-1.466574,2.148214,0.384540
414094.687151,-1.945247,2.387931,0.019513
414094.697785,-1.903093,2.310893,-0.345944
414094.708331,-1.355461,1.857319,-0.565975
414094.718926,-0.328991,1.403155,-0.602865
414094.729472,0.830160,1.886058,-0.573774
414094.739955,1.638489,3.225664,-0.724582
414094.750501,2.189207,3.129258,-0.486406
414094.761038,1.716715,2.076300,0.510908
414094.771584,0.049262,0.685778,1.340732
414094.782124,-0.090232,0.091310,1.549839
414094.792670,0.689708,-0.168075,1.564786
414094.813756,1.112742,-0.079575,1.037143
414094.803210,1.099876,-0.070971,1.389980
414094.824292,1.481152,0.519505,0.783930
414094.834838,2.033656,1.602163,0.763842
414094.845285,1.829779,2.042781,0.708441
414094.855831,0.982899,1.600122,0.543701
414094.866465,0.379500,0.764085,0.275313
414094.877011,0.215278,0.414766,-0.159338
414094.887547,0.044578,-0.119729,-0.466404
414094.898093,-0.282867,-0.958811,-0.952028
414094.908632,0.201123,-2.229636,-1.839804
414094.919178,1.309060,-4.718670,-2.167816
414094.929719,1.570418,-4.658125,-2.273379
414094.940265,1.095658,-3.304082,-2.392809
414094.950812,0.052428,-2.650593,-1.733818
414094.961358,-1.378350,-2.558330,-0.553370
414094.971891,-2.631679,-2.731944,0.392385
414094.982437,-3.008152,-2.978769,0.915702
414094.992972,-2.200486,-3.097996,1.163921
414095.003518,-1.174825,-3.207656,1.367933
414095.014057,-0.681902,-3.064899,1.565617
414095.024603,-0.739987,-2.670519,1.687271
414095.035050,-1.188912,-2.102685,1.716131
414095.045596,-1.796828,-1.479651,1.681374
414095.056239,-2.307926,-1.201525,1.616275
414095.066785,-2.584171,-1.252932,1.493272
414095.077312,-2.713169,-1.174687,1.270794
414095.087858,-2.830800,-0.910874,0.952507
414095.098396,-3.095779,-0.426069,0.626441
414095.108942,-3.350218,-0.168708,0.367389
414095.119480,-3.296282,-0.083569,0.148191
414095.130026,-2.912401,-0.105473,-0.045121
414095.140569,-2.562781,-0.350357,-0.141149
414095.151115,-2.152117,-0.677695,-0.100492
414095.161654,-1.639574,-0.974778,0.088162
414095.172200,-1.093542,-1.152358,0.247719
414095.182738,-0.720301,-1.173978,0.244890
414095.193284,-0.399640,-1.083262,0.164974
414095.203728,-0.037106,-0.812606,0.129916
414095.214274,0.246251,-0.398647,0.133369
414095.224908,0.372388,-0.088240,0.096753
414095.235454,0.249498,0.043188,0.037452
414095.246001,-0.034084,0.055188,0.017611
414095.256547,-0.345221,-0.023517,0.005852
414095.267079,-0.516614,-0.209822,0.031257
414095.277625,-0.352167,-0.440870,0.113725
414095.288163,0.056266,-0.452204,0.175704
414095.298709,0.467232,-0.502610,0.223421
414095.309243,0.752307,-0.569496,0.314647
414095.319789,0.924863,-0.668848,0.443499
414095.330333,0.977547,-0.791406,0.571986
414095.340879,0.922312,-0.915102,0.635216
414095.351418,0.705727,-1.006760,0.626494
414095.361964,0.306147,-1.122268,0.529159
414095.372548,-0.159212,-1.179260,0.317336
414095.383094,-0.594646,-1.177479,-0.015834
414095.393588,-0.893758,-1.759563,-0.424445
414095.404134,-1.057459,-2.254202,-0.830799
414095.414671,-1.082667,-2.325621,-0.831446
414095.425217,-0.758322,-0.831511,-1.013032
414095.435664,-0.297880,1.051124,-1.725396
414095.446210,-0.280784,1.404013,-1.657927
414095.456838,-0.098213,1.091770,-0.933338
414095.467384,0.323819,0.670982,0.090297
414095.477925,0.867595,0.458736,0.288046
414095.488471,1.095555,0.487318,0.485538
414095.499012,1.227099,0.174123,1.107286
414095.509558,1.381290,-0.457120,1.572257
414095.520094,1.189165,-0.568026,1.681098
414095.530640,0.854236,-0.770064,1.691193
414095.541181,0.232081,-1.556805,1.993846
414095.551727,-0.965106,-0.299819,2.289515
414095.562174,-1.039205,0.320506,2.761862
414095.572720,-1.737761,1.186678,2.600913
414095.583354,-2.064306,2.685613,1.370543
414095.593900,-0.556310,2.173608,-0.174274
414095.604435,0.277231,1.100521,-1.021952
414095.614981,0.094767,0.430384,-1.399810
414095.625521,0.338237,0.406140,-1.502188
414095.636067,1.551665,0.766602,-1.069787
414095.646606,2.930222,1.380365,-0.651265
414095.657152,3.773752,1.652716,-0.688847
414095.678275,3.835037,1.817695,-0.659626
414095.667729,4.052798,1.837426,-0.848059
414095.688777,3.287720,1.335115,-0.705239
414095.699323,2.792405,0.717981,-1.142568
414095.709858,2.498677,0.302210,-1.638279
414095.720404,2.329878,-0.078203,-1.952952
414095.730856,2.277719,-0.424983,-1.952256
414095.741402,2.565853,-0.578296,-1.609780
414095.752059,2.675034,-0.351942,-0.970222
414095.762605,1.804213,0.022424,-0.718035
414095.773115,0.289543,0.385249,-0.845110
414095.783661,-0.805186,0.982738,-0.761105
414095.794200,-1.417893,1.331290,-0.539146
414095.804746,-1.767848,1.664400,-0.473298
414095.815286,-1.936760,1.831608,-0.433021
414095.825832,-1.998450,1.458943,-0.378377
414095.836367,-1.966210,0.893569,-0.325045
414095.846913,-1.642985,0.628997,-0.280549
414095.857453,-1.067061,0.522398,-0.237573
414095.867999,-0.446335,0.446487,-0.140934
414095.889087,0.639637,0.428923,0.089344
414095.878541,0.163077,0.490782,-0.051636
414095.899625,0.807634,0.264759,0.270107
414095.910171,0.636983,0.269497,0.414564
414095.920616,0.388439,0.370556,0.536928
414095.931162,0.331377,0.459025,0.664026
414095.941703,0.400149,0.593513,0.776640
414095.952249,0.478817,0.644636,0.837598
414095.962881,0.462930,0.686072,0.838335
414095.973427,0.302208,0.890396,0.757369
414095.983966,0.019628,1.239363,0.519266
414095.994512,-0.254070,1.425376,0.180205
414096.005049,-0.370675,1.385823,-0.124112
414096.015595,-0.194129,1.044007,-0.318980
414096.026135,0.266992,1.116207,-0.505503
414096.036681,0.591694,2.090295,-0.800469
414096.047220,0.708949,3.164068,-1.046138
414096.057766,0.824816,2.846745,-0.381679
414096.068305,-0.342340,1.130310,0.474575
414096.078851,-1.249802,-0.587937,0.750742
414096.089295,-0.257528,-0.788464,1.124032
414096.099841,1.093463,-0.639797,1.520104
414096.110474,1.877388,0.458338,1.541314
414096.121020,2.093607,1.618860,1.223222
414096.131560,1.958490,2.369763,0.819464
414096.142106,1.511548,3.204403,0.296091
414096.152644,1.079521,3.451302,-0.487718
414096.163190,1.065582,3.042034,-1.033409
414096.173729,1.000475,1.894203,-0.929660
414096.184275,0.914051,0.200339,-0.902503
414096.194812,0.679496,-1.422573,-0.934179
414096.205358,0.359615,-2.374202,-1.476069
414096.215897,1.246971,-4.241408,-2.114171
414096.226443,2.059329,-5.551618,-2.206025
414096.247529,1.289775,-5.552789,-1.470870
414096.236983,2.083094,-5.325614,-2.001705
414096.258068,-1.430898,-4.412450,-0.944638
414096.268614,-3.927877,-1.906177,-0.097237
414096.279155,-3.804149,-2.368164,0.648070
414096.289701,-2.321989,-2.992401,1.169615
414096.300239,-0.911742,-2.850463,1.468332
414096.310785,-0.341615,-2.262288,1.614400
414096.331868,-1.046246,-1.231773,1.834110
414096.321322,-0.570367,-1.545556,1.755260
414096.342410,-1.594905,-1.273604,1.875778
414096.352956,-2.124130,-1.342753,1.886053
414096.363505,-2.490255,-1.296407,1.837376
414096.374051,-2.658575,-1.050173,1.620387
414096.384580,-2.749302,-0.503949,1.283588
414096.395126,-3.091439,-0.064717,1.124919
414096.405663,-3.447373,0.491629,0.908850
414096.416209,-3.367141,0.968476,0.495406
414096.426748,-2.843286,1.014739,0.052952
414096.437294,-2.212242,0.613702,-0.176952
414096.447834,-1.688090,0.024924,-0.178364
414096.458380,-1.335914,-0.566532,-0.134188
414096.468826,-1.256870,-1.027710,-0.154929
414096.479372,-1.076363,-1.069785,-0.270879
414096.490000,-0.468754,-0.908495,-0.328083
414096.500546,0.550121,-0.485547,-0.247798
414096.511088,1.558187,-0.057770,-0.088223
414096.521634,1.998831,0.130089,0.087997
414096.542721,0.471494,-0.340405,0.190096
414096.532175,1.497866,-0.025683,0.174988
414096.553165,-0.277917,-0.525947,0.156453
414096.563711,-0.620719,-0.558319,0.137975
414096.574343,-0.644971,-0.555791,0.129281
414096.584889,-0.387975,-0.600735,0.119999
414096.595425,0.029040,-0.661327,0.137311
414096.605971,0.444905,-0.722536,0.197372
414096.616513,0.707052,-0.807092,0.313087
414096.627059,0.832555,-0.956693,0.465405
414096.637598,0.777657,-1.156036,0.590448
414096.648144,0.513943,-1.256045,0.649972
414096.658681,0.103304,-1.290171,0.636063
414096.669227,-0.433286,-1.389090,0.507353
414096.679766,-0.948399,-1.436376,0.262211
414096.690312,-1.359343,-1.489938,-0.017775
414096.700854,-1.625877,-1.956944,-0.247806
414096.711400,-1.661187,-1.986020,-0.443120
414096.721950,-1.309831,-1.689170,-0.611623
414096.732496,-0.376650,-0.465644,-0.998851
414096.743022,0.540474,0.787544,-1.535459
414096.753568,0.729413,0.767480,-1.634484
414096.764108,0.537912,0.719453,-0.925326
414096.774654,0.630853,0.849147,0.003350
414096.785193,0.783663,0.919538,0.278231
414096.795739,0.755841,1.274436,0.285610
414096.806290,0.580723,1.559448,0.500583
414096.816836,0.645927,1.384410,0.794535
414096.827367,0.988887,1.104387,1.053026
414096.837913,1.161750,0.969260,1.317805
414096.848446,1.064509,0.793557,1.545005
414096.858992,0.555330,0.227408,1.716587
414096.869532,-0.827214,0.674992,1.836058
414096.880078,-1.273651,0.720883,2.408682
414096.890616,-1.793447,1.512996,2.542479
414096.901162,-2.839848,2.846060,1.669267
414096.911699,-1.802189,2.554473,0.481500
414096.922245,0.119358,2.168187,-0.478674
414096.932785,1.076517,1.921927,-1.071239
414096.943331,1.219920,1.362453,-1.222610
414096.964329,2.211125,1.324092,-0.358689
414096.953783,1.480269,1.166293,-0.923822
414096.974956,3.017087,1.273908,-0.300471
414096.985502,3.556270,1.595661,-0.388899
414096.995948,3.963108,1.677084,-0.381578
414097.006494,3.699909,1.277279,-0.667214
414097.017129,2.848795,1.186490,-1.294669
414097.027675,2.269719,1.265575,-1.928549
414097.038212,1.973651,1.217419,-2.358253
414097.048758,1.888846,1.100268,-2.633561
414097.059296,2.128167,1.012890,-2.384799
414097.069842,2.130648,0.492144,-1.842269
414097.080380,1.045678,0.118059,-1.414035
414097.090926,-0.170528,0.126844,-1.219823
414097.101467,-0.977216,0.516100,-0.990672
414097.112013,-1.380070,1.152860,-0.775385
414097.122552,-1.623667,1.533752,-0.785205
414097.133098,-1.862157,1.458884,-0.823514
414097.143635,-1.875697,1.171699,-0.790233
414097.154181,-1.531905,0.912896,-0.754242
414097.164721,-0.879825,0.496070,-0.705408
414097.175267,-0.165009,-0.159005,-0.546447
414097.185712,0.378682,-0.701200,-0.325924
414097.196258,0.835342,-0.921456,-0.061350
414097.206797,1.141059,-0.927821,0.206489
414097.217343,1.045111,-0.791187,0.367123
414097.227978,0.621339,-0.494123,0.412195
414097.238524,0.397556,-0.205698,0.490098
414097.249060,0.451975,-0.113103,0.637249
414097.259606,0.624080,-0.063902,0.796400
414097.270052,0.700843,0.202340,0.871120
414097.280598,0.439648,0.740107,0.779063
414097.291231,-0.027770,1.286022,0.525903
414097.301777,-0.393857,1.562650,0.181834
414097.312315,-0.361779,1.280760,-0.076626
414097.322861,0.172864,1.431186,-0.353936
414097.333399,0.689533,2.555993,-0.776455
414097.343945,0.682615,3.987869,-1.463507
414097.354485,0.721508,3.982474,-1.388757
414097.365031,0.510987,2.578103,-0.168075
414097.375569,-0.048301,0.662627,0.828709
414097.386115,-0.014903,-1.112917,1.441089
414097.396655,0.922434,-1.854808,1.967200
414097.407201,1.927713,-1.066486,1.854522
414097.417744,2.492854,0.397078,1.375182
414097.428290,2.422877,1.640490,1.069520
414097.438732,1.683116,2.076179,0.745252
414097.449278,0.429935,2.327633,0.195513
414097.459911,-0.287806,2.279275,-0.260701
414097.470457,-0.227842,1.970953,-0.568842
414097.480994,0.012706,1.725546,-0.686168
414097.491540,0.066188,1.270924,-0.776720
414097.502026,-0.183902,-0.404863,-0.778641
414097.512572,0.218373,-2.155290,-1.454484
414097.523164,1.755735,-4.877794,-1.967404
414097.533710,2.914815,-5.174303,-2.107781
414097.544249,2.839101,-3.593451,-2.248223
414097.554795,0.946180,-2.232357,-1.902050
414097.565334,-1.828742,-2.013178,-0.762468
414097.575880,-3.687499,-2.694733,0.109543
414097.586419,-3.896240,-3.166160,0.479549
414097.596965,-2.289042,-3.323003,0.547658
414097.607502,-0.550948,-3.146515,0.571621
414097.618048,-0.179901,-2.469952,0.657212
414097.628495,-0.917945,-1.610904,0.835687
414097.639041,-1.456579,-1.233739,1.244606
414097.649677,-1.451998,-1.639798,1.828773
414097.660223,-1.471718,-2.129203,2.163248
414097.670757,-1.711120,-1.895773,2.204970
414097.681303,-1.989898,-1.536345,2.112130
414097.691843,-2.152869,-1.405548,1.980575
414097.702389,-2.329795,-1.141680,1.715735
414097.712926,-2.634631,-0.701672,1.372811
414097.723472,-3.123146,-0.381782,1.092447
414097.734012,-3.531026,-0.254162,0.833908
414097.744558,-3.452136,-0.087625,0.457696
414097.755099,-2.905910,-0.180203,0.087554
414097.765645,-2.314156,-0.743257,-0.029809
414097.776185,-1.897979,-1.272223,0.009186
414097.786731,-1.567743,-1.457912,0.055386
414097.797300,-1.136357,-1.473915,0.057676
414097.807846,-0.546042,-1.204119,0.021309
414097.818356,0.054948,-0.862707,-0.009599
414097.828902,0.511707,-0.504137,-0.035282
414097.839437,0.718721,-0.092106,-0.045623
414097.849983,0.512766,-0.084987,-0.016175
414097.860524,0.059063,-0.275001,-0.004343
414097.871070,-0.296899,-0.369574,-0.051589
414097.881609,-0.369582,-0.407682,-0.133409
414097.892155,-0.128259,-0.476782,-0.143753
414097.902693,0.083862,-0.477826,-0.080403
414097.913239,0.176186,-0.493787,0.055785
414097.923777,0.320763,-0.532511,0.248639
414097.934323,0.484395,-0.478127,0.426018
414097.955481,0.746284,-0.430984,0.671132
414097.944935,0.637020,-0.415901,0.548304
414097.965948,0.773657,-0.597155,0.790150
414097.976494,0.765860,-0.785921,0.832266
414097.986939,0.637667,-0.904078,0.720421
414097.997485,0.268107,-0.988737,0.502014
414098.008115,-0.326312,-1.226878,0.276670
414098.018661,-0.854394,-1.756372,0.010538
414098.029203,-1.164576,-1.476005,-0.201380
414098.039749,-0.955851,-1.325021,-0.475421
414098.050289,-0.166989,-0.131687,-1.034063
414098.060835,-0.031938,1.079900,-1.223588
414098.071326,-0.258725,1.240481,-0.996659
414098.081872,-0.165178,1.070054,-0.348405
414098.092456,0.123073,0.938026,0.129438
414098.103002,0.391940,1.007223,0.216809
414098.113542,0.647541,1.069641,0.332273
414098.124088,0.823417,0.735878,0.546493
414098.134628,0.961547,0.460828,0.767279
414098.145174,1.072429,0.358229,0.972806
414098.155711,0.963319,0.093522,1.165399
414098.166257,0.533532,0.024338,1.238457
414098.176794,0.003396,0.548646,1.139096
414098.187340,-0.377448,0.368406,1.291654
414098.197880,-0.848308,0.019482,1.656722
414098.208426,-1.123327,0.495633,1.931621
414098.218963,-1.318803,1.779469,1.215772
414098.229509,-0.731176,2.443617,0.186194
414098.240072,0.740657,1.907318,-0.410756
414098.250618,1.779825,1.303321,-0.386267
414098.261043,1.928130,1.283086,-0.082428
414098.271589,1.367028,2.074445,-0.030662
414098.282224,1.247700,1.914936,0.035045
414098.292770,2.071073,1.739870,0.117778
414098.303306,3.202600,2.094949,0.016074
414098.313852,3.744625,1.838290,-0.280418
414098.324390,3.466824,1.023531,-0.730615
414098.334936,3.120735,0.635688,-1.348999
414098.345477,3.046596,0.808688,-1.973975
414098.356023,2.986546,0.838679,-2.393506
414098.366562,2.711055,0.550177,-2.539832
414098.377108,2.627964,0.115356,-2.339337
414098.387644,2.714325,-0.144547,-1.845361
414098.398190,1.955959,-0.051126,-1.553225
414098.408731,0.588200,0.623715,-1.586139
414098.419277,-0.472028,1.768188,-1.524421
414098.429789,-1.192815,2.532170,-1.360807
414098.440335,-1.574278,2.542706,-1.197907
414098.450904,-1.669892,2.200504,-1.069223
414098.461450,-1.666116,1.843958,-0.947236
414098.471987,-1.532582,1.429650,-0.879005
414098.482533,-1.166859,0.859135,-0.627328
414098.493069,-0.602173,-0.088613,-0.217076
414098.503615,-0.276364,-0.695712,-0.003102
414098.514154,-0.079701,-0.758908,0.121851
414098.524700,0.127272,-0.642470,0.248759
414098.535242,0.278468,-0.517168,0.365534
414098.545788,0.310670,-0.338155,0.425010
414098.556324,0.143336,0.062676,0.414150
414098.566870,-0.074886,0.485322,0.455344
414098.577410,-0.180477,0.588643,0.571064
414098.587956,-0.103747,0.530498,0.719803
414098.598492,0.013613,0.609316,0.789231
414098.609038,0.029677,0.863615,0.750177
414098.630038,-0.304539,1.303328,0.189701
414098.619492,-0.062323,1.122823,0.555423
414098.640666,-0.461490,1.345801,-0.180354
414098.651212,-0.212852,1.174149,-0.403403
414098.661751,0.438823,1.518052,-0.573324
414098.672297,1.232540,2.470216,-0.830336
414098.682832,1.608058,3.411721,-1.254201
414098.693378,1.339314,2.612816,-1.251367
414098.703917,1.006662,0.339207,-0.190107
414098.714463,0.113653,-0.273719,0.920515
414098.725003,-1.230918,0.143833,1.265206
414098.735549,-1.710976,-0.118183,1.321584
414098.746089,-1.323326,-0.824529,1.334084
414098.756635,0.011108,-0.699022,1.093949
414098.767179,1.407910,-0.029308,0.824364
414098.777725,2.088911,0.681074,0.835429
414098.788271,2.494702,1.095788,0.885893
414098.798817,2.346190,1.189219,0.606986
414098.809343,1.550398,0.951679,0.204758
414098.819889,0.964641,0.623661,-0.105160
414098.830429,0.746779,0.128190,-0.254059
414098.840975,0.422196,-0.796818,-0.628901
414098.851514,0.325805,-1.621665,-1.340704
414098.862060,0.794080,-2.735043,-1.825815
414098.872598,1.216531,-3.170045,-2.278712
414098.883144,1.268587,-2.873278,-2.473122
414098.893684,0.571390,-1.833617,-2.113004
414098.904230,-0.714204,-1.472252,-1.311888
414098.914766,-1.657315,-2.122976,-0.599320
414098.925312,-2.018545,-3.553353,0.220252
414098.935761,-1.459875,-5.474031,0.953905
414098.946307,-0.680323,-5.481288,1.291272
414098.956847,-0.671751,-4.400306,1.322254
414098.967393,-1.081597,-3.167773,1.415638
414098.977930,-1.582486,-2.486342,1.813213
414098.988476,-1.987001,-2.037615,2.128047
414098.999109,-2.094984,-1.587295,2.223257
414099.009655,-2.055630,-1.427120,2.153484
414099.020193,-2.127598,-1.342259,2.008172
414099.030739,-2.409513,-1.174815,1.814599
414099.041277,-2.981002,-0.693168,1.499263
414099.051823,-3.625100,0.109081,1.140121
414099.062362,-4.185543,0.558168,0.848365
414099.072908,-4.252396,0.473743,0.492212
414099.083453,-3.759559,0.393414,0.094815
414099.093999,-3.227306,0.156116,-0.212908
414099.104532,-2.636476,-0.474294,-0.284424
414099.115078,-1.891607,-1.061771,-0.134526
414099.125526,-1.207977,-1.081527,0.025386
414099.136072,-0.759756,-1.011122,0.141724
414099.146701,-0.507183,-0.791658,0.197007
414099.157247,-0.283017,-0.428058,0.207989
414099.167788,-0.065612,-0.232436,0.183941
414099.178334,-0.115359,-0.244007,0.104417
414099.188873,-0.329770,-0.300572,0.000092
414099.199419,-0.353133,-0.237328,-0.095912
414099.209958,-0.185141,-0.141502,-0.169305
414099.220504,0.011455,-0.227976,-0.147943
414099.231039,0.050805,-0.364290,-0.057251
414099.241585,-0.003664,-0.344401,0.029004
414099.252045,0.132721,-0.155209,0.102331
414099.262591,0.407019,0.083283,0.142878
414099.273210,0.646152,-0.003511,0.257280
414099.283756,0.784529,-0.356380,0.470280
414099.294296,0.812624,-0.388202,0.558672
414099.304842,0.759226,-0.368518,0.542336
414099.315382,0.558005,-0.362598,0.487542
414099.325928,0.093803,-0.337293,0.433701
414099.336372,-0.517118,-0.276648,0.381231
414099.346918,-1.042117,-0.201526,0.289958
414099.357551,-1.372017,-0.514734,0.165591
414099.368097,-1.501724,-0.929890,-0.000758
414099.378637,-1.469035,-1.008287,-0.206245
414099.389183,-1.182625,-0.841502,-0.339596
414099.399722,-0.751356,-0.198031,-0.590490
414099.410268,-0.283713,0.830936,-0.774140
414099.420712,0.155896,1.342155,-0.570557
414099.431258,0.588152,1.229584,-0.172805
414099.441810,0.975992,0.979788,0.194315
414099.452356,1.261053,0.812341,0.036140
414099.462977,1.239867,0.552757,-0.136083
414099.473523,1.137576,0.088630,0.128116
414099.484062,1.181036,-0.379468,0.641020
414099.494608,1.108360,-0.603472,0.992176
414099.505145,0.836338,-0.692845,1.201787
414099.515691,0.446108,-0.648735,1.239732
414099.526231,0.113333,-0.740556,1.319600
414099.536777,-0.039307,-0.988913,1.613193
414099.547316,-0.229432,-0.821698,2.082076
414099.557862,0.103762,-0.071356,3.005860
414099.568401,-0.076159,1.171237,2.921957
414099.578947,-0.629335,2.754688,0.977562
414099.589399,-0.284827,2.781143,-0.406064
414099.599945,0.221919,2.529628,-0.793165
414099.610476,0.718286,2.286087,-0.783440
414099.621022,1.430319,2.248953,-0.278782
414099.631655,2.273228,2.534884,0.141525
414099.642201,3.042419,2.998106,0.249495
414099.652739,3.680353,3.475994,0.101399
414099.663285,3.904354,3.066763,-0.108452
414099.673824,3.553870,2.426061,-0.133222
414099.684370,3.182750,1.628239,-0.560839
414099.694816,3.006636,0.745105,-1.237044
414099.705362,3.112715,0.306554,-1.802619
414099.715996,2.995653,-0.005234,-2.214199
414099.726542,2.696050,-0.319910,-2.337180
414099.736985,2.952670,-0.506945,-2.083692
414099.747531,3.173099,-0.334090,-1.730089
414099.758165,2.267105,-0.068988,-1.765257
414099.768711,0.633099,0.484663,-1.867920
414099.779249,-0.384588,1.284720,-1.659714
414099.789795,-0.895661,1.706210,-1.364683
414099.800336,-1.104501,1.582932,-1.106792
414099.810882,-1.261368,1.477959,-0.896458
414099.821418,-1.407152,1.654834,-0.756007
414099.831964,-1.279852,1.689632,-0.614036
414099.842505,-0.635135,1.387415,-0.358723
414099.853051,0.284536,0.809230,0.052106
414099.863603,0.805834,0.100421,0.326671
414099.874149,0.926689,-0.445237,0.547580
414099.884674,0.871002,-0.750720,0.723736
414099.895220,0.616878,-0.492653,0.693081
414099.905759,0.329492,0.238570,0.524494
414099.916305,0.105873,0.774904,0.441187
414099.926843,0.003184,0.694785,0.463449
414099.937389,-0.019104,0.499100,0.522662
414099.947934,0.022598,0.365820,0.570587
414099.958480,0.010383,0.048390,0.612721
414099.968920,0.001182,-0.127270,0.547219
414099.979466,-0.055553,0.085219,0.333554
414099.990097,-0.264556,0.512983,0.046187
414100.000643,-0.461346,0.927804,-0.203129
414100.011183,-0.556004,1.581518,-0.495809
414100.021729,-0.506168,2.459452,-0.899896
414100.032267,-0.378342,3.160459,-1.404463
414100.042813,-0.035904,2.578668,-1.370200
414100.053259,0.667298,1.327170,-0.530019
414100.063805,0.758837,1.120831,0.331100
414100.074438,0.074419,0.621100,0.979955
414100.084984,-0.551292,-0.787806,1.597699
414100.095524,-0.358777,-1.388822,1.813398
414100.106070,0.861942,-0.681400,1.344706
414100.116609,1.850255,0.016661,1.014197
414100.127155,1.965557,0.355501,1.095724
414100.137692,1.993313,0.719586,1.012904
414100.148238,1.576407,0.920818,0.538632
414100.158776,1.169653,0.967208,0.024400
414100.169322,1.174051,-0.071102,-0.162053
414100.179859,0.981815,-0.827328,-0.802939
414100.190405,1.415905,-2.398921,-1.697786
414100.200949,1.983227,-4.521152,-2.195732
414100.211495,2.085695,-4.827618,-2.429175
414100.221938,1.382047,-3.427681,-2.363312
414100.232484,-0.169394,-1.157473,-1.727555
414100.243116,-1.443811,-0.798431,-0.734601
414100.253662,-2.586406,-2.215294,0.201895
414100.264203,-3.122666,-4.212505,1.009054
414100.274749,-2.114513,-5.216907,1.298692
414100.285299,-1.633180,-3.874110,1.253719
414100.295845,-1.787997,-1.875370,0.987874
414100.306371,-1.607641,-1.072524,1.037086
414100.316917,-1.350997,-1.562033,1.457204
414100.327456,-1.791789,-1.516643,1.731839
414100.338002,-2.297107,-1.095796,1.807053
414100.348543,-2.491108,-1.046510,1.820267
414100.359089,-2.569939,-1.055342,1.744237
414100.380172,-3.270458,-0.475690,1.230657
414100.369626,-2.870176,-0.849069,1.536758
414100.390712,-3.658767,-0.046152,0.954601
414100.401258,-3.936099,0.191380,0.739600
414100.411702,-3.677064,0.146252,0.453072
414100.422248,-2.957446,0.034599,0.134052
414100.432881,-2.238950,-0.398927,-0.016932
414100.443427,-1.618634,-1.074416,0.096570
414100.453877,-1.165670,-1.371848,0.132258
414100.464423,-0.960158,-1.281801,0.016358
414100.475051,-0.654868,-0.963448,-0.119605
414100.485597,-0.211797,-0.525585,-0.215751
414100.496135,0.179238,-0.074026,-0.232898
414100.506681,0.330817,0.268758,-0.193979
414100.517222,0.121539,0.200011,-0.121056
414100.527768,-0.149253,0.043022,-0.059787
414100.538305,-0.233932,0.002486,-0.061030
414100.548851,-0.240946,-0.070158,-0.050582
414100.559298,-0.299947,-0.170042,-0.024245
414100.569844,-0.213967,-0.152468,-0.014222
414100.580416,0.090174,-0.137423,0.043319
414100.590962,0.530397,-0.202599,0.184152
414100.601560,0.851869,-0.258029,0.337738
414100.612106,1.041112,-0.292559,0.423288
414100.622647,1.066068,-0.462402,0.538666
414100.633193,0.889849,-0.603247,0.688185
414100.643728,0.460910,-0.588278,0.700575
414100.654274,-0.088080,-0.614663,0.540559
414100.664816,-0.601696,-0.754448,0.280452
414100.675362,-0.982377,-0.802295,-0.005548
414100.685899,-1.309118,-0.665773,-0.269880
414100.696445,-1.589187,-1.044391,-0.438552
414100.706983,-1.634869,-1.934466,-0.561971
414100.717529,-1.511365,-1.972842,-0.711217
414100.728070,-1.156081,-1.013624,-0.831225
414100.738616,-0.239501,0.858102,-1.154043
414100.749156,0.899965,1.464923,-1.044428
414100.759702,1.197996,1.357552,-0.444638
414100.780691,0.533962,1.279937,0.186747
414100.770145,0.792728,1.486914,0.309361
414100.791324,0.639231,1.030038,0.360712
414100.801870,0.908690,0.719716,0.840209
414100.812408,1.244219,0.181851,1.239206
414100.822954,1.506822,-0.013544,1.418300
414100.833496,1.388105,0.022921,1.519954
414100.844042,0.943691,-0.036990,1.551321
414100.854579,0.647447,-0.188794,1.619743
414100.865125,0.413123,-0.961616,2.041431
414100.875662,-0.341301,-0.601294,2.319980
414100.886208,-0.250145,0.546188,2.649962
414100.896748,-0.610917,1.306208,2.054461
414100.907294,-1.070414,2.613857,0.600569
414100.917835,-0.333579,2.539964,-0.317223
414100.928381,0.740582,1.824951,-0.661558
414100.938824,1.768909,1.444066,-0.931224
414100.949370,2.494925,1.722661,-0.945021
414100.959911,3.011720,2.033506,-0.604739
414100.970457,3.340291,1.988827,-0.547714
414100.981089,3.748524,1.912668,-0.785566
414100.991635,4.189896,1.772784,-0.867512
414101.002078,3.834634,1.446834,-0.963788
414101.012624,3.269261,1.090086,-1.495620
414101.033804,2.148720,-0.143208,-2.561469
414101.023258,2.709077,0.569812,-2.172392
414101.044293,2.169239,-0.749632,-2.322140
414101.054839,2.537543,-0.835059,-1.669697
414101.065428,2.293486,-0.519292,-1.294140
414101.075974,1.071308,0.456337,-1.343938
414101.086509,-0.226995,2.099203,-1.396984
414101.097055,-1.179121,2.813394,-1.297538
414101.107599,-1.808575,2.354245,-1.105614
414101.118145,-2.007183,1.672544,-0.921594
414101.128681,-1.946320,1.303105,-0.728356
414101.139227,-1.720864,0.961637,-0.600536
414101.149767,-1.191495,0.693120,-0.442613
414101.160313,-0.477993,0.443929,-0.259542
414101.170850,0.237727,0.279241,-0.022324
414101.181397,0.783477,0.221813,0.221552
414101.191933,0.886193,0.370005,0.381833
414101.202479,0.596396,0.507245,0.547610
414101.213022,0.172823,0.433327,0.722122
414101.223568,-0.239888,0.352588,0.849120
414101.234106,-0.562465,0.461835,0.900197
414101.244652,-0.771681,0.688898,0.851747
414101.255191,-0.896659,1.043632,0.694979
414101.265737,-0.929559,1.372371,0.474186
414101.276279,-0.895317,1.538658,0.227225
414101.286825,-0.909110,1.575456,-0.019927
414101.297360,-0.933085,1.416360,-0.215132
414101.307906,-0.865732,1.144346,-0.350153
414101.318447,-0.515684,0.775777,-0.433975
414101.328993,0.150837,1.020992,-0.618735
414101.339531,0.917685,2.050318,-0.844880
414101.350077,1.537526,2.294285,-0.620688
414101.360615,1.946156,0.796486,0.392667
414101.371161,1.376989,-0.776649,1.201617
414101.381701,0.476484,-1.272401,1.556228
414101.392247,0.380955,-0.825024,1.887259
414101.402692,0.494636,-0.823199,1.741235
414101.413238,0.884772,0.077541,1.276314
414101.423870,1.324709,1.623456,0.699059
414101.434416,1.681944,2.316537,0.475405
414101.444961,1.813672,2.036773,0.437269
414101.455507,1.413583,1.345785,0.343126
414101.466042,0.786382,0.353677,0.011415
414101.476588,0.474322,-0.000776,-0.452009
414101.487125,0.341557,-0.981384,-0.682455
414101.497671,0.058057,-1.618999,-1.322511
414101.508211,0.961281,-3.662155,-2.295918
414101.518757,2.209200,-5.594430,-2.572507
414101.529292,2.291875,-4.944163,-2.557704
414101.539838,1.187752,-3.607533,-2.236706
414101.550383,-0.655270,-2.357771,-1.123376
414101.560929,-2.379206,-2.651592,0.043525
414101.571466,-3.353140,-3.781093,0.973154
414101.582012,-2.594323,-4.776802,1.466670
414101.592548,-1.000209,-4.637102,1.546466
414101.603094,-0.223813,-3.505151,1.461046
414101.613634,-0.625667,-2.192316,1.394901
414101.624180,-1.374113,-1.149598,1.501906
414101.634721,-1.990274,-0.863199,1.704914
414101.645267,-2.378541,-0.998487,1.854553
414101.655803,-2.623937,-1.144894,1.907294
414101.666349,-2.729847,-1.022235,1.839613
414101.676885,-2.942411,-0.610003,1.568259
414101.687431,-3.276693,-0.099412,1.129229
414101.697973,-3.649612,0.024836,0.736541
414101.708519,-3.810542,-0.177370,0.406726
414101.719058,-3.673207,-0.442965,0.077785
414101.729604,-3.321130,-0.741518,-0.122745
414101.740144,-2.808216,-0.865170,-0.125105
414101.750690,-2.173123,-0.883965,-0.015519
414101.761135,-1.525229,-1.101760,0.111957
414101.771681,-0.953236,-1.139794,0.105386
414101.792859,0.109578,-0.575716,-0.118402
414101.782313,-0.418649,-0.900806,-0.000575
414101.803399,0.594359,-0.288633,-0.203094
414101.813944,0.920737,-0.069655,-0.223168
414101.824482,0.773796,0.045018,-0.192040
414101.835028,0.187534,0.011872,-0.161636
414101.845567,-0.286923,-0.134352,-0.157663
414101.856113,-0.358334,-0.159308,-0.165101
414101.866654,-0.187184,-0.236771,-0.123189
414101.877200,0.076453,-0.397590,0.010379
414101.887735,0.384967,-0.557076,0.182020
414101.898281,0.606909,-0.553140,0.349189
414101.908820,0.746406,-0.556538,0.458617
414101.919366,0.839687,-0.521127,0.534458
414101.929907,0.826597,-0.583854,0.555772
414101.940453,0.680601,-0.748265,0.600631
414101.950996,0.425091,-0.793442,0.591260
414101.961542,0.103987,-0.828413,0.486196
414101.972080,-0.202807,-0.847030,0.255238
414101.982626,-0.574357,-1.104241,-0.062864
414101.993162,-0.904745,-1.752768,-0.467315
414102.003708,-1.053650,-1.929654,-0.802204
414102.014244,-1.087724,-1.562872,-0.906120
414102.024790,-0.722930,-0.642017,-1.249222
414102.035347,0.066931,1.050195,-1.641749
414102.045893,0.390999,1.807833,-1.165115
414102.056418,0.345345,1.786951,-0.063432
414102.066964,0.329418,1.232580,0.228949
414102.077501,0.427944,0.713212,0.139254
414102.088047,0.555689,0.264044,0.317724
414102.098587,0.907844,-0.106680,0.873949
414102.109133,1.209161,-0.463886,1.496967
414102.119672,1.192559,-0.743926,1.960096
414102.130218,0.912259,-0.586177,2.034114
414102.140756,0.541496,-0.209830,2.051801
414102.151302,0.309635,0.285076,2.040921
414102.161841,0.316390,0.051116,1.984619
414102.172387,0.438105,-0.400224,2.177738
414102.193379,0.057998,1.945616,1.045069
414102.182833,0.750787,0.356359,2.305006
414102.203973,-0.918619,2.160264,-0.234562
414102.214519,-0.102346,1.115423,-0.363196
414102.225096,2.039427,1.138446,-0.550701
414102.235642,3.064582,2.542211,-1.457114
414102.246180,2.979522,2.532938,-1.657753
414102.256726,3.256333,2.036325,-1.564801
414102.267264,3.967123,2.346791,-1.124624
414102.277810,4.148800,1.653652,-1.081516
414102.288352,3.498363,1.160622,-1.248455
414102.298898,2.814223,1.178944,-1.778441
414102.309434,2.363097,1.158862,-2.122466
414102.319980,2.312502,0.384907,-2.016202
414102.330518,2.278674,-0.202899,-1.606327
414102.341064,1.919369,-0.216620,-1.250098
414102.351607,1.239305,0.353691,-1.015987
414102.362153,0.558450,1.483516,-0.887517
414102.372601,0.077802,2.515304,-0.781523
414102.383147,-0.333692,2.785023,-0.686044
414102.393682,-0.876529,2.453071,-0.635399
414102.404228,-1.345754,2.192731,-0.626619
414102.414861,-1.538678,1.946706,-0.543328
414102.425407,-1.355641,1.305287,-0.269875
414102.435852,-0.942654,0.389053,0.036720
414102.446398,-0.644910,-0.213535,0.118600
414102.457006,-0.164249,-0.425076,0.237860
414102.467552,0.545254,-0.561210,0.428354
414102.478115,0.981384,-0.482892,0.582418
414102.488661,1.014542,-0.212349,0.676423
414102.499200,0.884771,0.213282,0.727796
414102.509746,0.581648,0.674727,0.797505
414102.530830,-0.323023,1.563959,0.588898
414102.520284,0.096535,1.157909,0.739075
414102.541368,-0.479965,1.683105,0.408631
414102.551914,-0.447524,1.675006,0.193904
414102.562359,-0.500500,1.805877,-0.125205
414102.572905,-0.677719,2.099383,-0.530797
414102.583539,-0.573162,2.212725,-0.873383
414102.594085,0.368401,2.105041,-1.022791
414102.604623,1.627263,2.747776,-1.225616
414102.615169,2.170018,3.740819,-1.500148
414102.625708,2.020841,3.994266,-1.002593
414102.636254,1.054042,3.010199,0.177255
414102.646794,-0.827726,0.350882,0.692334
414102.657340,-1.339532,-1.248502,0.865474
414102.667878,-0.252614,-1.057891,1.401511
414102.678424,1.091817,-0.930618,1.384926
414102.688961,1.717129,-0.695216,1.165858
414102.699507,1.577845,-0.452206,0.909960
414102.710048,1.229285,0.021022,0.570158
414102.720594,0.994628,0.539777,0.348950
414102.731131,0.868710,0.761709,0.070117
414102.741677,0.601196,-0.357315,0.193346
414102.752248,0.014841,-0.969057,-0.353191
414102.762794,0.364587,-2.817547,-1.573078
414102.773304,1.749653,-5.721942,-2.257187
414102.783850,2.719941,-6.139992,-2.530439
414102.794388,2.051324,-4.318228,-2.405021
414102.804934,-0.015236,-2.292632,-1.617961
414102.815473,-1.476297,-2.143504,-0.295316
414102.826019,-2.744438,-2.918934,0.760080
414102.836557,-3.147421,-3.997932,1.144849
414102.847103,-2.004839,-4.057121,1.033822
414102.857641,-1.139149,-3.194774,0.914843
414102.868187,-1.240734,-2.129332,0.979631
414102.878728,-1.533763,-1.670156,1.332777
414102.889274,-1.744036,-1.957794,1.911057
414102.899812,-2.038129,-2.239376,2.344737
414102.910358,-2.389004,-1.978598,2.447931
414102.920895,-2.560404,-1.524384,2.254539
414102.931441,-2.609689,-1.372880,2.025631
414102.952436,-2.918908,-0.500932,1.303484
414102.941890,-2.681345,-1.090088,1.704942
414102.963068,-3.546975,0.189790,0.879558
414102.973614,-4.215226,0.599972,0.513144
414102.984155,-4.326762,0.496113,0.215588
414102.994701,-3.694429,0.436224,-0.016430
414103.005236,-2.974148,0.203299,-0.147384
414103.015782,-2.315437,-0.359644,-0.036016
414103.036866,-1.067567,-1.013926,0.088931
414103.026320,-1.621550,-0.919989,0.110921
414103.047405,-0.626330,-0.762096,-0.027388
414103.057951,-0.202642,-0.335322,-0.147950
414103.068492,0.228813,-0.037864,-0.219572
414103.079038,0.538473,0.110966,-0.230492
414103.089574,0.342133,0.125978,-0.238938
414103.100120,-0.109145,-0.059018,-0.213707
414103.110659,-0.300047,-0.207479,-0.186326
414103.121205,-0.144336,-0.382045,-0.152089
414103.131747,0.075821,-0.603812,-0.064552
414103.142293,0.192000,-0.881373,0.047446
414103.152828,0.232016,-0.836214,0.179112
414103.163374,0.372610,-0.790575,0.323486
414103.173914,0.523160,-0.827713,0.458948
414103.184460,0.609195,-0.794513,0.545767
414103.194906,0.627121,-0.726906,0.529316
414103.205452,0.518455,-0.880210,0.435011
414103.226631,-0.051491,-1.128681,0.357679
414103.216085,0.298478,-1.054727,0.402655
414103.237169,-0.456177,-1.185277,0.214550
414103.247715,-0.795681,-1.207327,-0.022642
414103.258254,-0.998675,-1.499790,-0.321246
414103.268800,-0.963269,-1.679395,-0.556264
414103.279362,-0.630044,-1.643235,-0.445045
414103.289908,-0.129243,-0.714223,-0.546938
414103.300426,0.249923,0.685766,-0.738323
414103.310972,0.285540,0.951632,-0.629604
414103.321508,0.170452,1.123592,-0.208031
414103.332054,0.334470,1.558701,0.284407
414103.342593,0.658538,1.796439,0.391163
414103.353139,0.821252,1.668035,0.343148
414103.363678,0.877268,1.277297,0.485271
414103.374224,0.925036,0.894038,0.812933
414103.384760,1.048713,0.631301,1.125132
414103.395306,0.975468,0.522004,1.340807
414103.405849,0.404249,0.716250,1.405701
414103.416395,-0.256284,0.475284,1.550143
414103.426935,-1.014931,0.361045,2.016530
414103.437481,-1.211344,1.454029,2.786550
414103.448024,-1.687255,2.503646,1.983669
414103.458570,-1.285071,2.608760,0.441997
414103.469010,0.243333,2.037969,-0.507321
414103.479556,1.835107,1.031868,-0.488375
414103.490186,2.805312,0.636819,-0.766739
414103.500732,3.059021,1.533748,-0.891525
414103.521818,3.445163,1.734873,-0.669291
414103.511272,3.046412,1.408142,-0.674169
414103.532355,3.861279,1.912396,-0.731265
414103.542901,3.831841,1.608789,-0.843248
414103.553348,3.427033,1.181703,-1.086567
414103.563894,2.878057,0.945798,-1.737978
414103.574526,2.255604,0.642183,-2.240077
414103.585072,1.887203,-0.073560,-2.259315
414103.595612,1.943080,-0.685572,-1.873188
414103.606158,2.022142,-0.594028,-1.432768
414103.616697,1.646932,-0.257499,-1.222952
414103.627243,0.727978,0.282811,-1.208360
414103.637780,-0.212736,1.221948,-1.078084
414103.648326,-1.049191,1.836687,-0.806097
414103.658869,-1.547395,2.029741,-0.514871
414103.669415,-1.750540,2.009403,-0.272617
414103.679950,-1.630480,1.687878,-0.088107
414103.690496,-0.925267,1.410597,0.166040
414103.701035,-0.124643,0.884340,0.478060
414103.711581,0.311944,0.079431,0.595586
414103.722173,0.532928,-0.402550,0.656363
414103.732719,0.538629,-0.636154,0.713642
414103.743205,0.587327,-0.698237,0.734034
414103.753751,0.515532,-0.617887,0.702357
414103.764290,0.190707,-0.261857,0.597108
414103.774836,-0.194729,0.466176,0.485474
414103.785356,-0.376744,1.243747,0.401231
414103.795902,-0.300853,1.703192,0.309165
414103.806460,-0.061420,1.806692,0.222615
414103.817006,0.092354,1.795458,0.124552
414103.827544,-0.027346,2.020226,-0.032138
414103.838090,-0.328614,2.503465,-0.319283
414103.848631,-0.535244,2.572733,-0.627556
414103.859177,-0.147501,1.776946,-0.761969
414103.869714,0.810519,1.490528,-0.830154
414103.880260,1.650560,2.427580,-0.919457
414103.890800,2.100426,2.443410,-0.620588
414103.901346,2.386553,1.818247,0.638887
414103.911883,0.663097,0.173004,1.539328
414103.922429,-1.496411,-1.511942,1.561035
414103.932967,-1.437693,-0.967853,1.520576
414103.943513,-0.582553,-0.243654,1.325949
414103.953966,0.547703,0.461252,1.145085
414103.964512,1.424128,0.944972,0.871085
414103.975140,1.846238,1.090413,0.687316
414103.985686,2.300327,0.815937,0.715456
414103.996129,2.536159,0.569401,0.689723
414104.006675,2.033441,0.433212,0.433299
414104.017310,1.244706,0.268752,0.052376
414104.027856,0.566153,0.505670,-0.294070
414104.038391,-0.044497,-0.256056,-0.372682
414104.048937,-0.681019,-0.764384,-1.025521
414104.059478,-0.412814,-1.743005,-2.173719
414104.070024,0.714246,-3.866907,-2.690868
414104.080561,1.626610,-5.015517,-2.797246
414104.091107,1.317062,-3.962548,-2.451220
414104.101649,0.206947,-3.064907,-1.387003
414104.112195,-0.982527,-3.313265,-0.006602
414104.122732,-2.312064,-3.851660,1.027848
414104.133278,-2.925280,-4.731716,1.437721
414104.143818,-2.594496,-4.739652,1.430884
414104.154364,-2.348209,-3.350683,1.499109
414104.164903,-1.568485,-2.793431,1.564682
414104.175449,-0.300184,-2.598120,1.854846
414104.185986,-0.840933,-1.806931,1.730833
414104.196532,-1.914320,-0.826332,1.521719
414104.207078,-2.325343,-0.811663,1.347325
414104.217624,-2.170616,-0.799189,1.119566
414104.228157,-2.412281,-0.365571,0.883279
414104.238703,-3.099514,0.006221,0.715014
414104.249244,-3.727122,-0.011763,0.673003
414104.259790,-4.109207,0.085313,0.594437
414104.270233,-4.179400,0.314181,0.326804
414104.280779,-3.992852,0.197807,0.021073
414104.291412,-3.391169,-0.399351,-0.009188
414104.301958,-2.322324,-1.097935,0.220348
414104.312498,-1.115377,-1.445092,0.401932
414104.323044,-0.172662,-1.455476,0.442115
414104.333623,0.297147,-1.393800,0.379099
414104.344169,0.425041,-1.274934,0.277190
414104.354666,0.518360,-0.975337,0.139142
414104.365212,0.667942,-0.468561,0.005449
414104.375751,0.706642,-0.123003,-0.093014
414104.386297,0.373208,-0.078448,-0.162276
414104.396836,-0.112446,-0.152234,-0.195710
414104.407382,-0.404506,-0.163980,-0.270323
414104.417923,-0.356049,-0.185840,-0.327276
414104.428469,-0.093621,-0.384277,-0.281285
414104.438914,0.208747,-0.528294,-0.136697
414104.449460,0.442980,-0.572895,0.040779
414104.459999,0.666501,-0.656860,0.262559
414104.470545,0.889988,-0.742424,0.456262
414104.481177,1.035979,-0.887060,0.541456
414104.491723,1.031414,-0.993361,0.489954
414104.502279,0.821935,-1.075466,0.385903
414104.512825,0.443135,-1.230720,0.325703
414104.523345,-0.012282,-1.295299,0.275228
414104.533891,-0.427074,-1.238020,0.106506
414104.544432,-0.795569,-1.641962,-0.107547
414104.554978,-1.126837,-2.284580,-0.259229
414104.565517,-1.613902,-2.507435,0.080096
414104.576063,-1.690042,-1.747442,0.288463
414104.586599,-0.969358,0.239405,-0.356458
414104.597145,-0.608145,1.565246,-0.565527
414104.607685,-0.535815,1.482824,-0.153971
414104.618231,-0.076215,1.217620,0.376101
414104.628770,0.605789,1.261423,0.388815
414104.639316,0.813643,1.365682,0.248360
414104.649854,0.682209,1.261628,0.453925
414104.660400,0.367614,0.933509,0.845211
414104.670893,0.025828,0.366508,1.153205
414104.681439,-0.118924,0.199893,1.215191
414104.691935,-0.435049,0.549293,1.251734
414104.702481,-0.651738,-0.391312,1.756986
414104.713072,-0.143613,-0.098802,2.789939
414104.723618,-0.253417,2.254328,2.630771
414104.734197,-1.148444,2.845613,0.803109
414104.744743,-0.427556,2.350393,-0.390336
414104.755278,0.922059,2.160946,-0.920447
414104.765824,1.800212,1.181716,-0.828344
414104.776364,2.406629,0.653676,-0.773760
414104.786910,3.211594,1.630589,-0.724388
414104.797449,3.777775,2.280906,-0.653453
414104.807995,4.266135,2.533484,-0.861152
414104.818535,4.446008,2.283904,-1.056906
414104.829081,4.275977,1.984896,-1.191615
414104.839618,3.687909,1.256151,-1.506169
414104.850164,3.022930,0.233287,-2.068610
414104.860703,2.717596,-0.620489,-2.371993
414104.871249,2.499314,-1.203275,-2.159725
414104.881785,2.337275,-0.735130,-1.686322
414104.892331,2.024688,0.151979,-1.306930
414104.902779,1.130647,0.872431,-1.243901
414104.913325,0.136628,1.741829,-1.275652
414104.923958,-0.544360,2.522390,-1.204831
414104.934504,-1.067312,2.815848,-1.045401
414104.944950,-1.602768,2.849197,-0.914020
414104.955496,-2.081753,2.638478,-0.834933
414104.966129,-2.324100,1.989831,-0.660002
414104.976675,-1.821301,0.732701,-0.184734
414104.987215,-1.119360,-0.398603,0.035013
414104.997761,-0.747890,-0.672159,-0.100932
414105.008297,-0.227672,-0.828162,-0.155460
414105.018843,0.387133,-0.940274,-0.046282
414105.029382,0.869906,-0.665248,0.139063
414105.039928,0.950463,-0.364774,0.410112
414105.050467,0.572033,-0.144495,0.640593
414105.061013,0.139506,0.296735,0.833221
414105.071460,-0.154334,0.868138,0.870142
414105.082006,-0.355712,1.582087,0.649629
414105.092636,-0.509017,2.387001,0.364950
414105.103182,-0.656570,2.902336,0.040387
414105.113721,-0.706697,2.906972,-0.273806
414105.124267,-0.584380,2.445643,-0.542277
414105.134807,-0.299429,1.587513,-0.686359
414105.145353,0.209263,0.888873,-0.740514
414105.155891,0.453752,1.592357,-0.988033
414105.166437,0.124128,3.286582,-1.350694
414105.176975,0.090465,3.397530,-0.897586
414105.187521,0.283617,1.545718,0.278176
414105.198061,-0.260104,-0.714676,1.190474
414105.208607,0.177013,-1.480269,1.783964
414105.219145,1.586107,-1.635419,2.287117
414105.229691,2.235950,-0.986512,2.398785
414105.240249,2.329493,0.538794,1.861547
414105.250795,2.071135,2.118377,1.066764
414105.261222,1.645519,2.793304,0.686743
414105.271768,1.263415,3.141436,0.322352
414105.282400,1.169027,2.916284,-0.131493
414105.292946,1.284604,1.969397,-0.307299
414105.303483,1.428544,0.239862,-0.250561
414105.314029,1.285558,-0.928243,-0.436471
414105.324571,0.782388,-1.277611,-0.655389
414105.335117,0.156334,-2.241522,-0.966606
414105.345656,0.404115,-3.846207,-1.741131
414105.356202,1.546390,-5.110437,-2.335023
414105.366740,2.303156,-4.704239,-2.585648
414105.377286,1.874407,-3.642340,-2.551756
414105.387824,0.276541,-3.005950,-1.734114
414105.398370,-1.329353,-3.065698,-0.509073
414105.408911,-2.592000,-3.695033,0.489956
414105.419457,-2.936587,-4.392841,1.085025
414105.430004,-2.173890,-4.858487,1.276567
414105.440550,-1.363249,-4.490951,1.340487
